filename,zone
PXDQWD5A3X_chipid2638.tiff,EASTERN DRY
R7AG06O71K_chipid1036.tiff,EASTERN DRY
7C65X5CF28_chipid1776.tiff,CENTRAL DRY
3A9JUMO23K_chipid5707.tiff,NORTHERN DRY
Y9VBUUUEME_chipid638.tiff,EASTERN DRY
33I13H8UTA_chipid7050.tiff,NORTHERN DRY
AHXFA1ICF6_chipid3915.tiff,CENTRAL DRY
D1CGA3UZKS_chipid5379.tiff,SOUTHERN TRANSITION
KHJHQM35OY_chipid3662.tiff,WESTERN TRANSITION
BLXEB41GFZ_chipid3194.tiff,COASTAL
28O6C11K95_chipid2919.tiff,CENTRAL DRY
WKXB9MPJET_chipid2485.tiff,EASTERN DRY
KH7UV0BLVN_chipid4190.tiff,CENTRAL DRY
TUWCTN5K8M_chipid6199.tiff,COASTAL
VTQ753MRVS_chipid3696.tiff,WESTERN TRANSITION
199H0JOW49_chipid7848.tiff,NORTHERN DRY
8BX0QMA9I6_chipid2087.tiff,EASTERN DRY
1I210DXKUK_chipid860.tiff,EASTERN DRY
PZLQAZBT9S_chipid4996.tiff,HILL
1PA8A1FVIU_chipid3305.tiff,COASTAL
86GWHEPD4K_chipid1483.tiff,CENTRAL DRY
YN612WR3QY_chipid5358.tiff,SOUTHERN TRANSITION
UOHQ3D7CY3_chipid5484.tiff,COASTAL
245VHP41OO_chipid1654.tiff,WESTERN TRANSITION
VXNXDXQ6LX_chipid7586.tiff,NORTH EAST DRY
WZ7ZADYISY_chipid7622.tiff,CENTRAL DRY
VNCLZ0ATYW_chipid2952.tiff,CENTRAL DRY
KIVWJXMNZW_chipid1870.tiff,CENTRAL DRY
QOCHRNUGQI_chipid5685.tiff,NORTHERN DRY
6WSATV0OMC_chipid7739.tiff,COASTAL
GMSUHDHKWU_chipid4745.tiff,NORTH EAST DRY
L4M4ZR7XBC_chipid3365.tiff,COASTAL
XTIP7BG85Q_chipid7765.tiff,NORTH EAST DRY
MOYE8JOTQA_chipid7435.tiff,SOUTHERN TRANSITION
WTESSF3EAA_chipid6374.tiff,COASTAL
OG95Q0FLWZ_chipid5899.tiff,NORTHERN DRY
NDYA3PQ7WO_chipid5572.tiff,SOUTHERN TRANSITION
ARRJI5NW8S_chipid3577.tiff,COASTAL
BN5Y0U7PPJ_chipid5590.tiff,SOUTHERN TRANSITION
CAYMS2ZMIO_chipid5922.tiff,NORTHERN DRY
AGGIQ5VQH9_chipid7709.tiff,COASTAL
VL2S9QA57R_chipid1073.tiff,EASTERN DRY
6PAATBF3TM_chipid1298.tiff,CENTRAL DRY
7I1QVCOUFP_chipid5028.tiff,NORTH EAST DRY
8WSAZ5365G_chipid3323.tiff,COASTAL
OT97P31OI2_chipid6527.tiff,NORTH EAST DRY
NV6AYO79OB_chipid7056.tiff,NORTHERN DRY
6YR7SJSBG4_chipid6188.tiff,COASTAL
3EWCC8EEMJ_chipid4558.tiff,NORTH EAST DRY
83GJVSMVKJ_chipid6726.tiff,UNKNOWN
B4ZGEK6LX2_chipid1366.tiff,CENTRAL DRY
KR0RMSHWAT_chipid5084.tiff,NORTH EAST DRY
IK22XJK83E_chipid5422.tiff,SOUTHERN TRANSITION
SWUC3FMZ3G_chipid3929.tiff,CENTRAL DRY
0VQ1DO8P61_chipid7939.tiff,WESTERN TRANSITION
3THKQ4ZUGT_chipid2977.tiff,CENTRAL DRY
Z16KEX3IDV_chipid2078.tiff,EASTERN DRY
KHWU644CNO_chipid2059.tiff,EASTERN DRY
LTQXWHW7S6_chipid6566.tiff,CENTRAL DRY
YZKK6Q28OY_chipid551.tiff,SOUTHERN DRY
78Y1ADPO2F_chipid8018.tiff,COASTAL
5ZF0ANY60J_chipid7562.tiff,HILL
O6GHTUW7PC_chipid2003.tiff,EASTERN DRY
7TGQJYTFSG_chipid4337.tiff,NORTH EAST DRY
9QQTW8HB3Q_chipid3190.tiff,SOUTHERN DRY
5B151R1KIA_chipid5454.tiff,SOUTHERN TRANSITION
QRM7ZM3CKU_chipid4570.tiff,NORTH EAST DRY
PATQ3TG945_chipid1904.tiff,EASTERN DRY
3NK9SNCFWW_chipid1867.tiff,CENTRAL DRY
2SMM4FEL48_chipid7114.tiff,WESTERN TRANSITION
WA7T2747XR_chipid7766.tiff,NORTH EAST DRY
ZCDS2ZMATW_chipid4424.tiff,NORTH EAST DRY
UJ80VONEN3_chipid2488.tiff,EASTERN DRY
S0EWOSPT6O_chipid5696.tiff,NORTHERN DRY
T97USWY5RY_chipid7686.tiff,COASTAL
ACR7SOSWPN_chipid4362.tiff,NORTH EAST DRY
4JR8YEGG1D_chipid6341.tiff,NORTH EAST DRY
O52H2PWWLV_chipid1649.tiff,WESTERN TRANSITION
1LG9DU6FHU_chipid7482.tiff,CENTRAL DRY
C2WBVK5N9A_chipid1018.tiff,EASTERN DRY
447UHK1QOB_chipid500.tiff,UNKNOWN
6ATJ6FDI6R_chipid3156.tiff,SOUTHERN DRY
N1XDL83481_chipid3454.tiff,COASTAL
VENPN1RFY9_chipid7375.tiff,SOUTHERN TRANSITION
E9GCNWJIAK_chipid1446.tiff,CENTRAL DRY
BW4867IWAK_chipid4987.tiff,HILL
I1MQ94DAV2_chipid6455.tiff,SOUTHERN DRY
CFYK39JTWF_chipid4612.tiff,NORTH EAST DRY
5O5JMU5Q5Y_chipid5091.tiff,NORTH EAST DRY
RXZU7GZI6P_chipid2788.tiff,SOUTHERN TRANSITION
BA03WH6TXQ_chipid6594.tiff,CENTRAL DRY
DW7TIA107J_chipid1807.tiff,CENTRAL DRY
5QZKFTHZ1H_chipid7714.tiff,COASTAL
5GVMW48SNF_chipid6923.tiff,SOUTHERN TRANSITION
VXRMF7OLOU_chipid2628.tiff,SOUTHERN TRANSITION
V7SNQTU2OW_chipid5097.tiff,NORTH EAST DRY
Z58765XGNP_chipid4532.tiff,NORTH EAST DRY
MB2TKP6B1C_chipid1913.tiff,EASTERN DRY
PRPCZZPAUC_chipid7191.tiff,UNKNOWN
AUVJSAQJUZ_chipid4063.tiff,SOUTHERN DRY
8PS6YQZL5P_chipid2411.tiff,EASTERN DRY
4H31R7SY6I_chipid117.tiff,SOUTHERN TRANSITION
OQXOVNRCHQ_chipid7963.tiff,UNKNOWN
OJVAJFRUOK_chipid651.tiff,EASTERN DRY
GMQHG9TPYN_chipid6890.tiff,SOUTHERN TRANSITION
EDBABT6GC9_chipid5875.tiff,NORTHERN DRY
CHMH6XTQVN_chipid1229.tiff,CENTRAL DRY
CA4P7ZJS5F_chipid3563.tiff,COASTAL
PYWO752DQZ_chipid3707.tiff,WESTERN TRANSITION
JSVZHLC5PK_chipid2036.tiff,EASTERN DRY
JULSVL9YUI_chipid1269.tiff,CENTRAL DRY
H7HX7PFBFS_chipid116.tiff,SOUTHERN TRANSITION
HRYNHKW9UM_chipid7599.tiff,NORTH EAST DRY
NO9FTHAG7X_chipid4465.tiff,NORTH EAST DRY
1NWNP85CP2_chipid4562.tiff,NORTH EAST DRY
8JLSV6LZFC_chipid7699.tiff,COASTAL
VS2FW2GKEG_chipid2075.tiff,EASTERN DRY
J3LV4A62G4_chipid1841.tiff,CENTRAL DRY
KXZA7IRX9Y_chipid2131.tiff,EASTERN DRY
YZJWQWBQJD_chipid107.tiff,SOUTHERN TRANSITION
HZW25K4D2G_chipid1585.tiff,CENTRAL DRY
5EZOGGL48Y_chipid4655.tiff,NORTH EAST DRY
BZ8HU69QQP_chipid111.tiff,SOUTHERN TRANSITION
O0IR1DLU2O_chipid1936.tiff,EASTERN DRY
235HD0WDOV_chipid7520.tiff,NORTHERN DRY
DX6YT6C5LX_chipid4767.tiff,NORTH EAST DRY
PJM7DJ6EE4_chipid5775.tiff,NORTHERN DRY
OPBT5UU5DB_chipid1412.tiff,CENTRAL DRY
ZSCS0LZ7BF_chipid8064.tiff,NORTH EAST DRY
I1KYKTKOQR_chipid6164.tiff,COASTAL
ZNBZEXLFQB_chipid84.tiff,SOUTHERN TRANSITION
X11KS3CWPG_chipid6798.tiff,NORTHERN DRY
RS0WW14E6X_chipid568.tiff,EASTERN DRY
NGSI12WN3R_chipid3846.tiff,CENTRAL DRY
FVK9II43UK_chipid6786.tiff,NORTHERN DRY
J7WGP7UVFD_chipid7332.tiff,NORTH EAST DRY
G5COQB6LUQ_chipid674.tiff,EASTERN DRY
JRUKFDVOL4_chipid1247.tiff,CENTRAL DRY
RHU4MFKG6X_chipid3660.tiff,WESTERN TRANSITION
LOU4WMP6FJ_chipid7052.tiff,NORTHERN DRY
MDVKY5FKVW_chipid7804.tiff,COASTAL
MAXKWPI516_chipid6293.tiff,NORTH EAST DRY
N6T59ILJ20_chipid4967.tiff,HILL
V8ZPNQQ45V_chipid5082.tiff,NORTH EAST DRY
6TQQQKM4SH_chipid2173.tiff,EASTERN DRY
K7LFZS2DP0_chipid2462.tiff,EASTERN DRY
X5D0RCH8FB_chipid2734.tiff,SOUTHERN TRANSITION
OFH1RADR64_chipid3986.tiff,UNKNOWN
ASYWMKB35M_chipid6560.tiff,CENTRAL DRY
ZXTQR9JT90_chipid6332.tiff,NORTH EAST DRY
Y2EUURIAHU_chipid7366.tiff,SOUTHERN TRANSITION
JH816I4ZPG_chipid7342.tiff,NORTH EAST DRY
8HMK5LNBWY_chipid6025.tiff,UNKNOWN
SANY30EHH3_chipid548.tiff,SOUTHERN DRY
C8MNJSS0DO_chipid5917.tiff,NORTHERN DRY
L0OYNK6Z8R_chipid6663.tiff,CENTRAL DRY
NUALY65LMT_chipid520.tiff,SOUTHERN DRY
2TVHKPVFRE_chipid2976.tiff,CENTRAL DRY
J9AUAAAOVY_chipid593.tiff,EASTERN DRY
KZ54MY8FVK_chipid3025.tiff,EASTERN DRY
JF1NO1RW65_chipid6217.tiff,SOUTHERN DRY
LV8BCNAAKH_chipid6353.tiff,NORTH EAST DRY
WUUWJDU4EE_chipid681.tiff,EASTERN DRY
0ESLWJR6YR_chipid1056.tiff,EASTERN DRY
8UJ53A5UZR_chipid737.tiff,EASTERN DRY
JEET7CF13T_chipid5710.tiff,NORTHERN DRY
ZEPZ1BFMU2_chipid7330.tiff,NORTH EAST DRY
E40E5401NO_chipid1740.tiff,CENTRAL DRY
UU9T92GOGR_chipid1835.tiff,CENTRAL DRY
WQVS0ZA144_chipid3309.tiff,COASTAL
ABNT8D2BA2_chipid2089.tiff,EASTERN DRY
E2Y4IX0UFL_chipid7616.tiff,CENTRAL DRY
8JJYBDTHBN_chipid3690.tiff,WESTERN TRANSITION
AGQGU4J7US_chipid7623.tiff,CENTRAL DRY
9NJI0V4XY9_chipid2936.tiff,CENTRAL DRY
92BHPS55PP_chipid2110.tiff,EASTERN DRY
0TJH03VD8J_chipid348.tiff,SOUTHERN TRANSITION
1LA3H7JO1P_chipid512.tiff,EASTERN DRY
7H2QX0X1A3_chipid4603.tiff,NORTH EAST DRY
XPKT5LM7B4_chipid962.tiff,EASTERN DRY
2UTTRD8D5Z_chipid5191.tiff,NORTH EAST DRY
86XT1ZLZB1_chipid4502.tiff,NORTH EAST DRY
VNECW5G7VK_chipid3817.tiff,WESTERN TRANSITION
FXV7P9XD4R_chipid3265.tiff,CENTRAL DRY
E1702PAXWN_chipid5259.tiff,NORTH EAST DRY
NR4NEITFPQ_chipid7734.tiff,COASTAL
AJFCB3FPLG_chipid1371.tiff,CENTRAL DRY
QG2T2H4HN5_chipid336.tiff,SOUTHERN DRY
15W8UZUN4X_chipid7795.tiff,COASTAL
OAMA0SMH4O_chipid5988.tiff,NORTH EAST DRY
M36JCDC6CP_chipid1855.tiff,CENTRAL DRY
C1PGEGZ0N3_chipid1620.tiff,CENTRAL DRY
ETXALSZMXE_chipid2969.tiff,CENTRAL DRY
C3ZEQCLGVY_chipid4722.tiff,NORTH EAST DRY
SCX7A89UBS_chipid3699.tiff,WESTERN TRANSITION
6KB0GNHZ0A_chipid1589.tiff,CENTRAL DRY
HBKZFU6AIC_chipid2757.tiff,SOUTHERN TRANSITION
ULQKY6QMWZ_chipid7617.tiff,UNKNOWN
BTL3C05UEK_chipid5496.tiff,COASTAL
UHHYA8NDCP_chipid2378.tiff,SOUTHERN TRANSITION
NDLOK2TJRZ_chipid635.tiff,EASTERN DRY
O77QXQVOE3_chipid5344.tiff,NORTH EAST DRY
4VR8PJLBTM_chipid1209.tiff,CENTRAL DRY
DP6DMJGRDH_chipid5774.tiff,NORTHERN DRY
EIQ6RNNZHP_chipid6909.tiff,SOUTHERN TRANSITION
JXVUUS47IF_chipid254.tiff,SOUTHERN TRANSITION
H4S1FACFIA_chipid7852.tiff,NORTHERN DRY
H8Q4F1W5T1_chipid1481.tiff,CENTRAL DRY
UJFK9B2GYM_chipid2139.tiff,EASTERN DRY
XVL1K6MYWK_chipid372.tiff,SOUTHERN TRANSITION
4UBS7YTM2N_chipid7149.tiff,COASTAL
3B8DP3QHT5_chipid5965.tiff,NORTH EAST DRY
U0H873MVXY_chipid5485.tiff,COASTAL
CFJEV7YB5I_chipid7112.tiff,WESTERN TRANSITION
510OFKA83S_chipid4754.tiff,NORTH EAST DRY
RGZ2O8X8EM_chipid6502.tiff,NORTH EAST DRY
UXL9W746I2_chipid4608.tiff,NORTH EAST DRY
RETJ8RSXKO_chipid901.tiff,EASTERN DRY
U5LJRK467W_chipid3249.tiff,COASTAL
QDYA6UQ9UK_chipid1757.tiff,CENTRAL DRY
80NFXY95ES_chipid5355.tiff,SOUTHERN TRANSITION
SYQ7R3XPIA_chipid660.tiff,EASTERN DRY
SY2HE3BETB_chipid1517.tiff,CENTRAL DRY
C192D9QPRU_chipid146.tiff,SOUTHERN TRANSITION
4WZS19PP3L_chipid6715.tiff,UNKNOWN
7BVCFYJ8HD_chipid7349.tiff,SOUTHERN TRANSITION
WZG1U00XCD_chipid696.tiff,EASTERN DRY
BBA3Y92P16_chipid6023.tiff,UNKNOWN
PDU732JRZ0_chipid3927.tiff,UNKNOWN
Y3KHP7XDY8_chipid4518.tiff,NORTH EAST DRY
0NCQNNPVKU_chipid1164.tiff,CENTRAL DRY
PFA329EOLS_chipid305.tiff,SOUTHERN DRY
W0BLVWAQCG_chipid209.tiff,SOUTHERN TRANSITION
O6L6OEK1UY_chipid4654.tiff,NORTH EAST DRY
03K9BFLAWR_chipid8046.tiff,NORTH EAST DRY
A7323988Y0_chipid7088.tiff,WESTERN TRANSITION
BMYNQCJ6RX_chipid5208.tiff,NORTH EAST DRY
3FJC6PMTBZ_chipid938.tiff,EASTERN DRY
Z7RX3Q96NN_chipid998.tiff,EASTERN DRY
N0CI9JYAN7_chipid6816.tiff,NORTHERN DRY
TVKLRDVF8S_chipid5866.tiff,NORTHERN DRY
ZCOL16ZQ2Q_chipid1034.tiff,EASTERN DRY
XEZIPWRKBX_chipid3691.tiff,WESTERN TRANSITION
OGXI6EWTBZ_chipid3448.tiff,COASTAL
WRJLUR8WBC_chipid7588.tiff,NORTH EAST DRY
68ZIPAB6LU_chipid1901.tiff,EASTERN DRY
AXOHJSLPQO_chipid1534.tiff,CENTRAL DRY
L2PKWIIP9J_chipid6045.tiff,HILL
RRDVGNU224_chipid980.tiff,EASTERN DRY
FU0Q4Z24XC_chipid2468.tiff,EASTERN DRY
SCPXUEVJZC_chipid5743.tiff,NORTHERN DRY
UEJH3ZFTYW_chipid2912.tiff,CENTRAL DRY
X6RR5R1FWJ_chipid537.tiff,SOUTHERN DRY
FHWOBYL05X_chipid6267.tiff,NORTH EAST DRY
Y9RYL2HT3D_chipid3033.tiff,EASTERN DRY
IVBCB2TB8W_chipid166.tiff,SOUTHERN TRANSITION
KOUL26OEM1_chipid5766.tiff,NORTHERN DRY
8QGHSFRI6X_chipid3494.tiff,COASTAL
F5J0UB23NO_chipid77.tiff,SOUTHERN TRANSITION
XC5JTI9FIJ_chipid1849.tiff,CENTRAL DRY
ZQM4TB07SP_chipid6037.tiff,UNKNOWN
RU1RE4Q7NN_chipid2716.tiff,CENTRAL DRY
MCAZZU84AT_chipid4547.tiff,NORTH EAST DRY
JIJOCVADCJ_chipid2162.tiff,EASTERN DRY
KVHR0P0ZMT_chipid740.tiff,EASTERN DRY
T26F723ZRD_chipid3068.tiff,CENTRAL DRY
WZ5QRBC2CZ_chipid5186.tiff,UNKNOWN
6AJ9UOX0IL_chipid5451.tiff,SOUTHERN TRANSITION
FDYLW63SNE_chipid2860.tiff,CENTRAL DRY
NHXPGERIBU_chipid6650.tiff,UNKNOWN
K35L2GN4B7_chipid31.tiff,SOUTHERN TRANSITION
5MPMXMA3H5_chipid5799.tiff,NORTHERN DRY
4OMI1ZS5H5_chipid563.tiff,SOUTHERN DRY
XJLKKNT33C_chipid3678.tiff,WESTERN TRANSITION
T6TEUQ7F7P_chipid1044.tiff,EASTERN DRY
8VUXYMUTGM_chipid2466.tiff,EASTERN DRY
2EGT3T5SQB_chipid492.tiff,EASTERN DRY
G0QU3G0FDZ_chipid1064.tiff,UNKNOWN
Z9BT0DO4JM_chipid2185.tiff,EASTERN DRY
WA28AUE0UB_chipid6536.tiff,CENTRAL DRY
JWT2KFZ8BY_chipid6572.tiff,CENTRAL DRY
3T1SZ75IWW_chipid5858.tiff,NORTHERN DRY
FKDPNLUNKX_chipid594.tiff,EASTERN DRY
WDWMJ10WA9_chipid5383.tiff,SOUTHERN TRANSITION
3MS7J8YT77_chipid4949.tiff,COASTAL
8NT86O4Y89_chipid2894.tiff,CENTRAL DRY
VVEHVNHJ26_chipid3096.tiff,CENTRAL DRY
5THU5JS3ZO_chipid2175.tiff,EASTERN DRY
ZYZQ75F1HT_chipid6610.tiff,CENTRAL DRY
2AQ538PT7W_chipid7918.tiff,NORTHERN DRY
HJD5KHQPO4_chipid7790.tiff,UNKNOWN
K7V5R1MP24_chipid2523.tiff,WESTERN TRANSITION
HS7POA4RNA_chipid105.tiff,SOUTHERN TRANSITION
S40QMT1VSR_chipid234.tiff,SOUTHERN TRANSITION
NIKMLSNLR0_chipid2303.tiff,CENTRAL DRY
A4XYFW8BV6_chipid3651.tiff,WESTERN TRANSITION
DK7NOXRMW3_chipid1603.tiff,CENTRAL DRY
QA9VHXBWJ3_chipid1694.tiff,NORTH EAST DRY
UZNSFEFSMP_chipid3445.tiff,COASTAL
6VLEAVQ1X4_chipid5621.tiff,SOUTHERN TRANSITION
9CYXNWXYMK_chipid2334.tiff,CENTRAL DRY
J4W7POUE8T_chipid3744.tiff,WESTERN TRANSITION
9COQR19CZX_chipid7794.tiff,COASTAL
5D9W33RNPC_chipid3967.tiff,CENTRAL DRY
0K9KKGS3Z5_chipid1610.tiff,CENTRAL DRY
Y7D1JJDJCO_chipid2260.tiff,SOUTHERN TRANSITION
EHCVF7SHSI_chipid7207.tiff,COASTAL
GNCESIKD4B_chipid873.tiff,EASTERN DRY
CK2KD9FCD8_chipid3090.tiff,CENTRAL DRY
9G9BG6PQRD_chipid2090.tiff,EASTERN DRY
AXTK2IOM4Z_chipid2119.tiff,EASTERN DRY
3J2LSDEOES_chipid5076.tiff,NORTH EAST DRY
C631BNRAQ1_chipid6485.tiff,NORTH EAST DRY
FRJXQCIJR5_chipid3329.tiff,COASTAL
WLDQC26KIE_chipid4541.tiff,NORTH EAST DRY
F9D6V9PO6E_chipid836.tiff,EASTERN DRY
3OHI0AW25X_chipid5263.tiff,NORTH EAST DRY
JOJ04BO0G1_chipid6877.tiff,SOUTHERN TRANSITION
EZF7IX2EQI_chipid3964.tiff,CENTRAL DRY
RWL6DY36EO_chipid7691.tiff,COASTAL
TGVB2SDQ1I_chipid1092.tiff,UNKNOWN
E8XPA7GLI6_chipid2968.tiff,CENTRAL DRY
X4Y6RN44EC_chipid3362.tiff,COASTAL
2ZVZQIK0B4_chipid4028.tiff,SOUTHERN DRY
USM6G3TI9Y_chipid5410.tiff,SOUTHERN TRANSITION
JOMT4I4DFY_chipid7894.tiff,NORTHERN DRY
I3YQUUW9C1_chipid1260.tiff,CENTRAL DRY
4CM20V2WEU_chipid2184.tiff,EASTERN DRY
IA0Z96EZ08_chipid2643.tiff,EASTERN DRY
TY2HKBFHSU_chipid7515.tiff,NORTHERN DRY
O6K46DBOCS_chipid7593.tiff,NORTH EAST DRY
CIDK2FSNYL_chipid1966.tiff,EASTERN DRY
1Z03TYBEJ8_chipid6688.tiff,CENTRAL DRY
LZX9S8L056_chipid7454.tiff,CENTRAL DRY
XCU2M8VV6X_chipid5474.tiff,COASTAL
20DKGNIZDA_chipid832.tiff,EASTERN DRY
7UJB7P4KQ5_chipid6356.tiff,NORTH EAST DRY
TK08VAXNMN_chipid3975.tiff,SOUTHERN TRANSITION
VJNJNJ3UZH_chipid7732.tiff,COASTAL
N931WF2XEY_chipid1049.tiff,EASTERN DRY
V04KNQWK5S_chipid576.tiff,EASTERN DRY
B515T9J3RZ_chipid5996.tiff,CENTRAL DRY
5P8IGS8RB5_chipid952.tiff,EASTERN DRY
YIZ6BK43Y4_chipid3117.tiff,CENTRAL DRY
G48VTTE9DG_chipid473.tiff,SOUTHERN DRY
88ZF0Q4RPE_chipid1369.tiff,CENTRAL DRY
HUNS66HFOS_chipid5968.tiff,NORTH EAST DRY
PSE7PRG6KW_chipid2835.tiff,SOUTHERN DRY
LHD594838R_chipid7220.tiff,UNKNOWN
QD7RQMEHXZ_chipid1600.tiff,CENTRAL DRY
XK42XH53PW_chipid4265.tiff,SOUTHERN TRANSITION
LEWZA13DUY_chipid5178.tiff,NORTH EAST DRY
I4W9S60KAL_chipid427.tiff,SOUTHERN DRY
XTH2C6CYW1_chipid399.tiff,SOUTHERN DRY
OB5K22F0AJ_chipid158.tiff,SOUTHERN TRANSITION
86J6KIVUTJ_chipid5423.tiff,SOUTHERN TRANSITION
ZA4J4G6G39_chipid575.tiff,EASTERN DRY
T3TC8KDVXD_chipid1390.tiff,CENTRAL DRY
AQMFDJZVZD_chipid6289.tiff,NORTH EAST DRY
ZHWSUF3TP4_chipid3593.tiff,COASTAL
L4X8V0E86Q_chipid2483.tiff,EASTERN DRY
IF4OSNOPIK_chipid988.tiff,EASTERN DRY
WY2O1WX50J_chipid600.tiff,EASTERN DRY
ILUKGEAYJG_chipid4607.tiff,NORTH EAST DRY
96G09PGETI_chipid3584.tiff,COASTAL
10UWWEFAA5_chipid5724.tiff,NORTHERN DRY
SZUSQCBTDM_chipid6863.tiff,UNKNOWN
JDFIB5OFE2_chipid5838.tiff,NORTHERN DRY
LJJT56TSGF_chipid7880.tiff,NORTHERN DRY
M2V5NPCUWW_chipid6951.tiff,EASTERN DRY
PHHIDKQ51C_chipid1750.tiff,CENTRAL DRY
UU5EAZTVO6_chipid1718.tiff,NORTH EAST DRY
JJ7Q79I8UZ_chipid3529.tiff,COASTAL
U7XN480VFR_chipid4043.tiff,SOUTHERN DRY
J4W2Z06O13_chipid2113.tiff,EASTERN DRY
B5OY5P1Q55_chipid3701.tiff,WESTERN TRANSITION
4V1Q0XLZ3O_chipid4481.tiff,NORTH EAST DRY
NYYSVJAX3A_chipid750.tiff,EASTERN DRY
ADMA7IER26_chipid71.tiff,SOUTHERN TRANSITION
1VWSW6GM99_chipid3079.tiff,CENTRAL DRY
VK2JAAD7AL_chipid7715.tiff,COASTAL
IZAYJR7E57_chipid3730.tiff,WESTERN TRANSITION
GV9QM1M9WP_chipid2929.tiff,CENTRAL DRY
C8GCVIOFJ1_chipid402.tiff,SOUTHERN DRY
2KHTXZ9TEO_chipid5684.tiff,NORTHERN DRY
GGRQI8GHWD_chipid7173.tiff,UNKNOWN
30W2AUTZIO_chipid68.tiff,SOUTHERN TRANSITION
K1X2WTAYQK_chipid7213.tiff,CENTRAL DRY
NT3I6GHLEO_chipid1231.tiff,CENTRAL DRY
MHYA9V1G5T_chipid4051.tiff,SOUTHERN DRY
RI2I9EV0ZN_chipid2464.tiff,EASTERN DRY
V35VFGVV08_chipid74.tiff,SOUTHERN TRANSITION
Z6K0RLRQJY_chipid7328.tiff,NORTH EAST DRY
A95YHI1BQ2_chipid8025.tiff,COASTAL
U9SK6636DN_chipid369.tiff,SOUTHERN TRANSITION
9EA9FW9Q7N_chipid7776.tiff,NORTH EAST DRY
U9KOHQMXVF_chipid5206.tiff,UNKNOWN
39YF54727M_chipid2013.tiff,EASTERN DRY
5CF2RJEJBH_chipid6257.tiff,NORTH EAST DRY
LMFUVFU9DL_chipid3896.tiff,CENTRAL DRY
GGNKZ61TAN_chipid139.tiff,SOUTHERN TRANSITION
BD1S15WJHU_chipid3835.tiff,CENTRAL DRY
CJSIVM78NH_chipid5287.tiff,NORTH EAST DRY
WYVG1NDANE_chipid4003.tiff,UNKNOWN
IC2WT8I6EG_chipid6078.tiff,HILL
SAML80X4YX_chipid7630.tiff,CENTRAL DRY
ELRT6K5SEX_chipid2727.tiff,CENTRAL DRY
X6EMAOXBBW_chipid3180.tiff,SOUTHERN DRY
TAOVSDGNQ6_chipid3075.tiff,CENTRAL DRY
BUEHDSVO7K_chipid5380.tiff,SOUTHERN TRANSITION
KY0MZP7RZN_chipid7510.tiff,NORTHERN DRY
LDG0QS2B4N_chipid2707.tiff,CENTRAL DRY
693IEJ9TK5_chipid1897.tiff,EASTERN DRY
XAZES4WEJ4_chipid2061.tiff,EASTERN DRY
T16ME7FFXO_chipid5934.tiff,NORTHERN DRY
C98JBXXFGO_chipid5614.tiff,SOUTHERN TRANSITION
5JL781LC00_chipid4759.tiff,NORTH EAST DRY
TJWHGQ181L_chipid6018.tiff,UNKNOWN
KXJT37A6XI_chipid4461.tiff,NORTH EAST DRY
3E6H8G00MQ_chipid483.tiff,SOUTHERN DRY
T42MF42NWH_chipid3298.tiff,COASTAL
10DQOCAFKA_chipid2093.tiff,EASTERN DRY
JLS0Y2HKVQ_chipid5545.tiff,SOUTHERN TRANSITION
ALGQQC0WXS_chipid8000.tiff,COASTAL
RZYA5N32PD_chipid1388.tiff,CENTRAL DRY
L6WB0TM5EO_chipid4971.tiff,HILL
LBL2JW5GVV_chipid7992.tiff,COASTAL
TFD3YEYIFB_chipid418.tiff,SOUTHERN DRY
DB6N550I4U_chipid1621.tiff,CENTRAL DRY
CDHQ9OZRM5_chipid3336.tiff,COASTAL
76IVHLR25P_chipid5330.tiff,NORTH EAST DRY
ALU4IADSVY_chipid6265.tiff,NORTH EAST DRY
7JP0HKXNTU_chipid892.tiff,EASTERN DRY
BY14RZWNSP_chipid5734.tiff,NORTHERN DRY
I0UT6MLF9V_chipid6776.tiff,UNKNOWN
DT4BXUM010_chipid4813.tiff,COASTAL
UAPO0EAAC1_chipid4325.tiff,NORTH EAST DRY
3AT586ZOV6_chipid561.tiff,SOUTHERN DRY
PRQ5N2LNH3_chipid7176.tiff,UNKNOWN
GVRNSAQ7JW_chipid888.tiff,EASTERN DRY
8X5QUIW1T7_chipid3440.tiff,CENTRAL DRY
40R27JXBFT_chipid6269.tiff,NORTH EAST DRY
QMART0DZAC_chipid7854.tiff,NORTHERN DRY
875AJMMDVK_chipid2030.tiff,EASTERN DRY
IU5VBAAX8X_chipid6548.tiff,CENTRAL DRY
IH8GCZC08Z_chipid6481.tiff,NORTH EAST DRY
MAH2RYH6KX_chipid3380.tiff,COASTAL
JO0QTV3TWO_chipid4565.tiff,NORTH EAST DRY
8ZJVXIBRWM_chipid547.tiff,SOUTHERN DRY
7GNV42Y8OO_chipid3758.tiff,WESTERN TRANSITION
G120W8FGE8_chipid7467.tiff,CENTRAL DRY
WXNU5A5YG5_chipid5085.tiff,NORTH EAST DRY
WFEEFO7NIT_chipid3571.tiff,COASTAL
3ENPVZU5IJ_chipid1215.tiff,CENTRAL DRY
9PD1KJ3ZXR_chipid2206.tiff,EASTERN DRY
KJSNQ6S7V0_chipid2326.tiff,CENTRAL DRY
ZXN5P9BRQN_chipid6571.tiff,CENTRAL DRY
UO97MVZIBV_chipid3717.tiff,WESTERN TRANSITION
QRAY4WQEVE_chipid5153.tiff,NORTH EAST DRY
6T3HX9IFKS_chipid4127.tiff,CENTRAL DRY
G3KHTC9CCM_chipid5751.tiff,NORTHERN DRY
PW5LK2B5YN_chipid1830.tiff,CENTRAL DRY
2MGRE01N7D_chipid4093.tiff,UNKNOWN
YTUYY6OHPW_chipid2277.tiff,SOUTHERN TRANSITION
X3GTP627M2_chipid6103.tiff,HILL
X3CMVYXSR6_chipid7069.tiff,NORTHERN DRY
C4X4UEZQPZ_chipid4287.tiff,SOUTHERN TRANSITION
A0AZGQFHX4_chipid1363.tiff,CENTRAL DRY
CG8RQB9BA3_chipid437.tiff,SOUTHERN DRY
QKJUITIZWL_chipid3733.tiff,WESTERN TRANSITION
OXXNY8YS2D_chipid7807.tiff,COASTAL
1ZILHT5CW1_chipid2754.tiff,SOUTHERN TRANSITION
NZ01R1AUHA_chipid3616.tiff,WESTERN TRANSITION
IKWHKCLDFB_chipid6793.tiff,NORTHERN DRY
QR6BY4J8XR_chipid3524.tiff,COASTAL
UW53GPGJ4E_chipid6834.tiff,SOUTHERN TRANSITION
3Z5FEJBYGY_chipid7690.tiff,COASTAL
8LK4QM3Y0R_chipid76.tiff,SOUTHERN TRANSITION
ALZADWYP45_chipid4245.tiff,SOUTHERN TRANSITION
00XSDYW0CG_chipid1711.tiff,NORTH EAST DRY
FP0J3NZ1HL_chipid4078.tiff,SOUTHERN DRY
D6WSWVGQRJ_chipid3015.tiff,EASTERN DRY
3NLBY04ZVT_chipid216.tiff,SOUTHERN TRANSITION
G8O8VOB9Z2_chipid5747.tiff,NORTHERN DRY
IX6S3UDWX2_chipid5522.tiff,SOUTHERN TRANSITION
3FHMF5U8QB_chipid541.tiff,SOUTHERN DRY
4JHAD5N5WU_chipid7683.tiff,COASTAL
VDAVQCBLJ4_chipid3113.tiff,CENTRAL DRY
UBMU3444TC_chipid7333.tiff,NORTH EAST DRY
EHYTJ19KH7_chipid2877.tiff,CENTRAL DRY
8SDXSW1YNS_chipid3232.tiff,COASTAL
3WJG5PSS31_chipid5690.tiff,NORTHERN DRY
Z45P4FA2RS_chipid2985.tiff,CENTRAL DRY
0P1JL33SFC_chipid6135.tiff,HILL
PDGJZE50VW_chipid1109.tiff,EASTERN DRY
3MH6NSUPLH_chipid3060.tiff,CENTRAL DRY
V2X7OQP8V8_chipid6473.tiff,SOUTHERN DRY
ZCD3ZRZT5T_chipid7738.tiff,COASTAL
GBJBFWFE9C_chipid2579.tiff,SOUTHERN TRANSITION
7I4XPQMK69_chipid3767.tiff,WESTERN TRANSITION
G5ZT8YAZ1E_chipid6286.tiff,NORTH EAST DRY
IO6A2CA904_chipid1207.tiff,CENTRAL DRY
MVET32BRJV_chipid6080.tiff,HILL
HOILTJFDJT_chipid504.tiff,EASTERN DRY
NIQS7XDA3O_chipid5060.tiff,NORTH EAST DRY
J01ZLTO3VT_chipid468.tiff,SOUTHERN DRY
96YJE49QKX_chipid5693.tiff,NORTHERN DRY
36LF49SZ93_chipid4995.tiff,HILL
U64GMKA4IH_chipid7249.tiff,NORTHERN DRY
PJO3BBG5W9_chipid2964.tiff,CENTRAL DRY
GQ0ORX49LI_chipid3698.tiff,WESTERN TRANSITION
OZCYMFQCK4_chipid2627.tiff,SOUTHERN TRANSITION
RDOLCJ0U4K_chipid971.tiff,EASTERN DRY
A51FOCJPYI_chipid859.tiff,EASTERN DRY
3ZK0MD3LXX_chipid5646.tiff,NORTHERN DRY
9WRNRWKAQN_chipid6885.tiff,SOUTHERN TRANSITION
SJ2UI6PBAK_chipid5767.tiff,NORTHERN DRY
FXGK2LNGH7_chipid3139.tiff,CENTRAL DRY
5L49TBPW3I_chipid4268.tiff,UNKNOWN
QCJ9MR9XHE_chipid1116.tiff,CENTRAL DRY
X6K58L05N8_chipid4295.tiff,SOUTHERN TRANSITION
DHGOPX8CYX_chipid3754.tiff,WESTERN TRANSITION
VCCTSIVQBI_chipid625.tiff,EASTERN DRY
2GGIKUECGF_chipid5579.tiff,SOUTHERN TRANSITION
IZUG8LCEOP_chipid98.tiff,SOUTHERN TRANSITION
FAS33WL4OI_chipid2973.tiff,CENTRAL DRY
149NX5E2BI_chipid1470.tiff,CENTRAL DRY
ZVXYK3LL24_chipid3598.tiff,COASTAL
VK0OUKY85P_chipid6192.tiff,COASTAL
MVM6W359XO_chipid2756.tiff,SOUTHERN TRANSITION
8COY6Y2STB_chipid1868.tiff,CENTRAL DRY
WSVUQFXKTT_chipid7378.tiff,SOUTHERN TRANSITION
TN8O5XXQ6O_chipid5567.tiff,SOUTHERN TRANSITION
49SELM44KC_chipid1915.tiff,EASTERN DRY
SD0CVYLRL1_chipid2993.tiff,CENTRAL DRY
AVYK5GLW4D_chipid4107.tiff,CENTRAL DRY
M80TPT2VNV_chipid5149.tiff,NORTH EAST DRY
7USX9NVB6W_chipid1948.tiff,EASTERN DRY
ZK4UW2N3HS_chipid2377.tiff,SOUTHERN TRANSITION
F5DU6AE892_chipid2819.tiff,SOUTHERN DRY
QVM9R2PEZT_chipid1845.tiff,CENTRAL DRY
4XL1MW3EQF_chipid6553.tiff,UNKNOWN
SAHG2O1ALR_chipid3048.tiff,EASTERN DRY
Z6KGBA5HOT_chipid1295.tiff,CENTRAL DRY
W0N93M2S8E_chipid2695.tiff,CENTRAL DRY
A4P65KLONF_chipid2359.tiff,SOUTHERN TRANSITION
FOV1O80D15_chipid4179.tiff,CENTRAL DRY
RMCQ3HKDG9_chipid6626.tiff,CENTRAL DRY
W9C7RX45EC_chipid5883.tiff,NORTHERN DRY
I9197VBYNH_chipid5220.tiff,UNKNOWN
0JXS3KYB4J_chipid1327.tiff,CENTRAL DRY
57AK3GFY20_chipid2720.tiff,CENTRAL DRY
UQVL567WEV_chipid4794.tiff,NORTH EAST DRY
VGWKH0FXMN_chipid6947.tiff,EASTERN DRY
OOM6F60MON_chipid6635.tiff,CENTRAL DRY
7UFUK3ND2P_chipid940.tiff,EASTERN DRY
3W9QG5PI6O_chipid5829.tiff,NORTHERN DRY
55KJ28R8CQ_chipid4942.tiff,COASTAL
F2BAKA8JD2_chipid5765.tiff,NORTHERN DRY
D5HWKDFJL1_chipid259.tiff,SOUTHERN TRANSITION
620RVXSZH7_chipid56.tiff,SOUTHERN TRANSITION
VG5I4U0DVK_chipid944.tiff,EASTERN DRY
IJP5VF5KDK_chipid4868.tiff,COASTAL
6W97ECO7EA_chipid6993.tiff,EASTERN DRY
ZBG8IRKW3X_chipid3174.tiff,SOUTHERN DRY
L7ZRYK8X1H_chipid6955.tiff,EASTERN DRY
KJW8U8ZUB0_chipid4766.tiff,NORTH EAST DRY
7EZIYWPWQJ_chipid7413.tiff,SOUTHERN TRANSITION
QKWMC1EFZ0_chipid2242.tiff,EASTERN DRY
7EM4ANW0YJ_chipid438.tiff,SOUTHERN DRY
LLEGXVS23D_chipid3911.tiff,UNKNOWN
3ULX2ARUTD_chipid4704.tiff,NORTH EAST DRY
ANEQX9VSOR_chipid149.tiff,SOUTHERN TRANSITION
GW4BX39XHI_chipid6118.tiff,HILL
V2PJ7VGTS2_chipid2852.tiff,SOUTHERN DRY
766VAOQ7NV_chipid2930.tiff,CENTRAL DRY
JG8X5DZN3E_chipid3461.tiff,COASTAL
IK7TA5BZTE_chipid6916.tiff,SOUTHERN TRANSITION
37T8XD22LL_chipid4840.tiff,COASTAL
NX2P3LUZ0K_chipid3065.tiff,CENTRAL DRY
0N83MJYAJ1_chipid5502.tiff,SOUTHERN TRANSITION
HNMSYRAJP6_chipid7787.tiff,NORTH EAST DRY
Q089363VFU_chipid9.tiff,SOUTHERN TRANSITION
FXBWGZHE4I_chipid5619.tiff,SOUTHERN TRANSITION
PYT9YQNKI8_chipid7343.tiff,NORTH EAST DRY
4EUWX4R5GL_chipid6437.tiff,SOUTHERN DRY
H1GEL6YKX0_chipid736.tiff,EASTERN DRY
6HI2UHX0Q3_chipid6063.tiff,HILL
JKBC9V6AC5_chipid2418.tiff,EASTERN DRY
VINRX1EQCO_chipid5499.tiff,COASTAL
MUIEUEQTW9_chipid4802.tiff,COASTAL
D3RJR3CPBS_chipid3059.tiff,CENTRAL DRY
JXPRS6U67M_chipid1618.tiff,CENTRAL DRY
CCQOEJ8L3C_chipid5121.tiff,NORTH EAST DRY
NFFSOIN0O3_chipid4162.tiff,CENTRAL DRY
AM5527DDYP_chipid3732.tiff,WESTERN TRANSITION
96C0APD7YH_chipid643.tiff,EASTERN DRY
7S6J187FKY_chipid4896.tiff,COASTAL
VG2OIUFAMU_chipid3627.tiff,WESTERN TRANSITION
MXJ2YFO2XP_chipid4553.tiff,NORTH EAST DRY
E02G9Z3WRX_chipid2333.tiff,CENTRAL DRY
7ERW0X8VUI_chipid3419.tiff,CENTRAL DRY
KX4P3JA982_chipid5821.tiff,NORTHERN DRY
1IABIT15CB_chipid1399.tiff,CENTRAL DRY
INFXAJEOP1_chipid6983.tiff,EASTERN DRY
KLIBR7I9LC_chipid252.tiff,SOUTHERN TRANSITION
V0MA73Q823_chipid4507.tiff,NORTH EAST DRY
Y5TUU4KPDL_chipid4092.tiff,CENTRAL DRY
9HRBRNP6RK_chipid5337.tiff,NORTH EAST DRY
7ESLBEOD6A_chipid6857.tiff,SOUTHERN TRANSITION
5FT8TLL71I_chipid4643.tiff,NORTH EAST DRY
JP560YWV8P_chipid6102.tiff,HILL
5ZVVU99UP6_chipid5709.tiff,NORTHERN DRY
YVMMH8KSKA_chipid162.tiff,SOUTHERN TRANSITION
UU4X6Z0N7G_chipid3492.tiff,COASTAL
X91DMO9B74_chipid524.tiff,SOUTHERN DRY
E4O2XJFBN3_chipid4560.tiff,NORTH EAST DRY
7DAOUG91VW_chipid6085.tiff,HILL
IERZ658753_chipid2811.tiff,SOUTHERN DRY
U13KM4TJYE_chipid6765.tiff,UNKNOWN
FTG6204424_chipid1492.tiff,CENTRAL DRY
K0R95M1XQ2_chipid6184.tiff,COASTAL
0KIWO28IE6_chipid3892.tiff,CENTRAL DRY
MTWVYP46WH_chipid6556.tiff,CENTRAL DRY
WSAXORS85N_chipid3432.tiff,CENTRAL DRY
MTZ6NOKCZZ_chipid6333.tiff,NORTH EAST DRY
PWI5AY3VA0_chipid4500.tiff,NORTH EAST DRY
5QTJX70H3L_chipid3722.tiff,WESTERN TRANSITION
JW5XBDZYA0_chipid6397.tiff,COASTAL
GVZ1L6U09V_chipid1875.tiff,CENTRAL DRY
7L3ANKSKHP_chipid5890.tiff,NORTHERN DRY
CHO8VV86OM_chipid3236.tiff,COASTAL
SY9R5K85RI_chipid4103.tiff,CENTRAL DRY
65RSP83UXZ_chipid1465.tiff,CENTRAL DRY
N3P2CKU796_chipid5596.tiff,SOUTHERN TRANSITION
ARE3C4DYQT_chipid4191.tiff,CENTRAL DRY
VW23TPI2TJ_chipid2794.tiff,SOUTHERN TRANSITION
SC7XLETHVR_chipid2472.tiff,EASTERN DRY
QKFN1G6ZE9_chipid178.tiff,SOUTHERN TRANSITION
B0OT87N6PP_chipid1276.tiff,CENTRAL DRY
1KKM8ULDIA_chipid7389.tiff,SOUTHERN TRANSITION
FWME4DGJQ5_chipid6441.tiff,SOUTHERN DRY
XK6SNJ7PGD_chipid5129.tiff,NORTH EAST DRY
M82R3NPN8J_chipid7712.tiff,COASTAL
O7KKQ1AOFU_chipid6864.tiff,SOUTHERN TRANSITION
NYF9WLBZKM_chipid3704.tiff,WESTERN TRANSITION
ZENF01S5AJ_chipid1149.tiff,CENTRAL DRY
CASTKHEDP6_chipid6295.tiff,NORTH EAST DRY
ZIAOB4MT6Q_chipid5847.tiff,NORTHERN DRY
MH6BJ5802T_chipid3624.tiff,WESTERN TRANSITION
SARUKSCK4G_chipid6820.tiff,NORTHERN DRY
KV9S5ZCE5Y_chipid5374.tiff,SOUTHERN TRANSITION
352FCY52Z5_chipid7780.tiff,UNKNOWN
2UTY7WR9NO_chipid1408.tiff,CENTRAL DRY
MO2UR7W90T_chipid5978.tiff,NORTH EAST DRY
LXSIMQJLYK_chipid4189.tiff,CENTRAL DRY
4A1TLOG19C_chipid3050.tiff,EASTERN DRY
SMGF8U9LL7_chipid2796.tiff,SOUTHERN TRANSITION
STU02PWKPK_chipid7759.tiff,UNKNOWN
MB673YCJUQ_chipid5746.tiff,NORTHERN DRY
PKBR3EE440_chipid2506.tiff,CENTRAL DRY
7FC7X93DRY_chipid5544.tiff,SOUTHERN TRANSITION
GK1Y1NPDMB_chipid3519.tiff,COASTAL
ATFJZ6OZ1Z_chipid2460.tiff,EASTERN DRY
G04O2V0JCM_chipid1824.tiff,CENTRAL DRY
N0L28XF61C_chipid6960.tiff,EASTERN DRY
HHBWLMCTEN_chipid4069.tiff,SOUTHERN DRY
UVFHCBHEKN_chipid2848.tiff,SOUTHERN DRY
GCRSY15MTF_chipid5239.tiff,NORTH EAST DRY
8UDSVR251F_chipid2453.tiff,EASTERN DRY
E4C6FLS1UK_chipid3487.tiff,COASTAL
SEQRZ0AWBT_chipid4645.tiff,NORTH EAST DRY
B76PMY7FJO_chipid7763.tiff,UNKNOWN
JEESWOLGJK_chipid5759.tiff,NORTHERN DRY
NH3W3Z8KWT_chipid6270.tiff,NORTH EAST DRY
ZJV6C66P4W_chipid5473.tiff,COASTAL
PKVV8AMO1J_chipid4412.tiff,NORTH EAST DRY
H1ES7BYKLM_chipid1911.tiff,EASTERN DRY
OPB87SU8N6_chipid4280.tiff,UNKNOWN
FG0WOURPZ7_chipid7508.tiff,NORTHERN DRY
KNXMJJ2OWO_chipid1590.tiff,CENTRAL DRY
9J2QH5FKKZ_chipid1587.tiff,CENTRAL DRY
JHMKQOVFZB_chipid4659.tiff,NORTH EAST DRY
HZP0YGBKFH_chipid6212.tiff,SOUTHERN DRY
7K1GP2JMJ7_chipid1105.tiff,EASTERN DRY
32AG9B9EQU_chipid316.tiff,SOUTHERN DRY
AEBNX94MB1_chipid5855.tiff,NORTHERN DRY
4WRFVP6RVO_chipid2975.tiff,CENTRAL DRY
ROE2C79136_chipid5341.tiff,NORTH EAST DRY
5U2SJGW319_chipid5713.tiff,NORTHERN DRY
9NNN458NRG_chipid5739.tiff,NORTHERN DRY
KR5C48QFVQ_chipid5163.tiff,NORTH EAST DRY
XG2Y6ZQ367_chipid5325.tiff,NORTH EAST DRY
YEBVF59RIG_chipid2181.tiff,EASTERN DRY
GK8KQLMUE1_chipid1021.tiff,EASTERN DRY
6FRYGIKXOF_chipid25.tiff,SOUTHERN TRANSITION
NZ9LFJBY37_chipid5340.tiff,NORTH EAST DRY
9SPAL8I134_chipid4637.tiff,NORTH EAST DRY
Q5GFBPL97Y_chipid4566.tiff,NORTH EAST DRY
A98WEDVPF6_chipid1557.tiff,CENTRAL DRY
UKDUAL3RZI_chipid3763.tiff,WESTERN TRANSITION
R9L9I9H0GX_chipid6915.tiff,SOUTHERN TRANSITION
JVWK54JQU4_chipid5906.tiff,NORTHERN DRY
9R0L54QGJO_chipid608.tiff,EASTERN DRY
5L5AQR62HN_chipid795.tiff,EASTERN DRY
JMQTCOV8ZM_chipid123.tiff,SOUTHERN TRANSITION
8CANR1XU1Q_chipid2515.tiff,WESTERN TRANSITION
6ERJ6SE2L7_chipid700.tiff,EASTERN DRY
9K3PGDYC7H_chipid4937.tiff,COASTAL
B15J5AWTH9_chipid3947.tiff,CENTRAL DRY
TU0O55VC1V_chipid6892.tiff,SOUTHERN TRANSITION
QNMNGLHUC4_chipid2513.tiff,CENTRAL DRY
0TBVD8LE36_chipid2264.tiff,SOUTHERN TRANSITION
9736L8ZU0X_chipid7566.tiff,HILL
UKZEWRRV1H_chipid5548.tiff,SOUTHERN TRANSITION
0RLPIRPCYH_chipid1488.tiff,CENTRAL DRY
CBRM8TER60_chipid3604.tiff,COASTAL
LUFQV5M2WW_chipid3625.tiff,WESTERN TRANSITION
5S3VXVRAB5_chipid3786.tiff,WESTERN TRANSITION
9I7JSPQ360_chipid2082.tiff,EASTERN DRY
M8GICESJ5U_chipid5372.tiff,SOUTHERN TRANSITION
Q5RZF68QLQ_chipid6354.tiff,NORTH EAST DRY
2OCVZ8RY7Z_chipid3486.tiff,COASTAL
V7V8BOPPGS_chipid2062.tiff,EASTERN DRY
681RF9B57X_chipid4067.tiff,SOUTHERN DRY
KD6U5N61ZU_chipid3496.tiff,COASTAL
32JY9A9XFB_chipid3842.tiff,NORTH EAST DRY
SGQ0L39W81_chipid1130.tiff,CENTRAL DRY
VCVF5EXKJ1_chipid4841.tiff,COASTAL
FUZTVLVYG5_chipid902.tiff,EASTERN DRY
LTC44JK7UW_chipid1769.tiff,CENTRAL DRY
ON6R953M0Y_chipid976.tiff,EASTERN DRY
IRO05QEHX2_chipid5728.tiff,NORTHERN DRY
ENCLNBHT8N_chipid7055.tiff,NORTHERN DRY
GGDWPP9F24_chipid248.tiff,SOUTHERN TRANSITION
X2D3QVQIA5_chipid4336.tiff,NORTH EAST DRY
BKEX1W1PFC_chipid647.tiff,EASTERN DRY
27NJHT5SXD_chipid5182.tiff,NORTH EAST DRY
KFA0WUB5PG_chipid2781.tiff,SOUTHERN TRANSITION
FTESP3OTNB_chipid2050.tiff,EASTERN DRY
K841OV5HCK_chipid2371.tiff,SOUTHERN TRANSITION
EPSLFH9ZL1_chipid4621.tiff,NORTH EAST DRY
3SC66NCZR0_chipid6516.tiff,NORTH EAST DRY
X0MUHBI3RC_chipid1832.tiff,CENTRAL DRY
VSMRZKBRSJ_chipid3506.tiff,COASTAL
OWZKA4F9QR_chipid4705.tiff,NORTH EAST DRY
A8TMHJVOMZ_chipid2535.tiff,UNKNOWN
IWEOG7E713_chipid6039.tiff,UNKNOWN
NWS1R00VL4_chipid7849.tiff,NORTHERN DRY
8CX3A7MPF0_chipid281.tiff,SOUTHERN DRY
S3Z6HN0HKY_chipid3803.tiff,CENTRAL DRY
BWLHALX6P9_chipid6318.tiff,NORTH EAST DRY
7GCFPYNMBJ_chipid4496.tiff,NORTH EAST DRY
YG3IY0S10V_chipid4456.tiff,NORTH EAST DRY
CQH7LASG0O_chipid6065.tiff,HILL
QD90L6VG8Z_chipid990.tiff,EASTERN DRY
77GIOPM77O_chipid972.tiff,EASTERN DRY
SZI91CJINI_chipid3184.tiff,SOUTHERN DRY
SWXCA7CT0N_chipid4288.tiff,SOUTHERN TRANSITION
HTYOOPJOBZ_chipid4865.tiff,COASTAL
MSJTAXXRV3_chipid5778.tiff,NORTHERN DRY
IADKRZX18P_chipid2787.tiff,SOUTHERN TRANSITION
XNRCYYCJII_chipid7859.tiff,NORTHERN DRY
XANJZFHE04_chipid6984.tiff,EASTERN DRY
TFP3MX54VP_chipid3931.tiff,CENTRAL DRY
IFFHAT1WPL_chipid2383.tiff,SOUTHERN TRANSITION
ZKZSP3D4AY_chipid6140.tiff,HILL
YD5I8AN8MX_chipid5439.tiff,SOUTHERN TRANSITION
AVXAU43KIO_chipid7248.tiff,NORTHERN DRY
3G0THY09YN_chipid375.tiff,SOUTHERN TRANSITION
XB8QMUB4VD_chipid7455.tiff,CENTRAL DRY
4TU70P3JCP_chipid5741.tiff,NORTHERN DRY
81RGRWMZZX_chipid1624.tiff,WESTERN TRANSITION
LQV4FP0NOW_chipid4274.tiff,SOUTHERN TRANSITION
WLYX10O5SJ_chipid5956.tiff,NORTH EAST DRY
7BU9DMK4N4_chipid3359.tiff,COASTAL
37EM35EH0D_chipid4763.tiff,NORTH EAST DRY
KEA5M0UDYS_chipid3129.tiff,CENTRAL DRY
EJP42HS08L_chipid6006.tiff,UNKNOWN
BW2N5P6RJU_chipid261.tiff,SOUTHERN TRANSITION
JYIRQ4DGNC_chipid4071.tiff,SOUTHERN DRY
FRTF4S2LAL_chipid4624.tiff,NORTH EAST DRY
W3F3JA690Z_chipid2063.tiff,EASTERN DRY
2A2IH0BYRY_chipid5008.tiff,HILL
VWNJ157MSO_chipid752.tiff,EASTERN DRY
EOZI10SLP3_chipid7221.tiff,UNKNOWN
ZZ2RRGA430_chipid4120.tiff,CENTRAL DRY
LBDACH0HPI_chipid846.tiff,EASTERN DRY
AWIC7GIADY_chipid1852.tiff,CENTRAL DRY
S4B45YELA6_chipid896.tiff,UNKNOWN
HGUJ2O20DR_chipid4180.tiff,CENTRAL DRY
56HMWCGSBE_chipid6122.tiff,HILL
XC5ZLQGEQI_chipid6070.tiff,HILL
HYN5MHWM4U_chipid7846.tiff,NORTHERN DRY
AQAE0V6WKH_chipid94.tiff,SOUTHERN TRANSITION
JNBZE6W2GP_chipid7692.tiff,COASTAL
SNLV84ONJR_chipid6514.tiff,NORTH EAST DRY
HTVJ8ZTN6M_chipid1615.tiff,CENTRAL DRY
B6LC49SVIY_chipid5993.tiff,UNKNOWN
HATN3FLJSE_chipid6539.tiff,CENTRAL DRY
2ATU5114GN_chipid1542.tiff,CENTRAL DRY
YKALV3CP9K_chipid1752.tiff,CENTRAL DRY
PKC076RQYH_chipid5513.tiff,SOUTHERN TRANSITION
GXJT91OK0L_chipid7938.tiff,WESTERN TRANSITION
Y1BZUUS43Y_chipid425.tiff,SOUTHERN DRY
9LQ0QMZIU2_chipid6938.tiff,SOUTHERN TRANSITION
TCCPSYRS3R_chipid3540.tiff,COASTAL
DR16A07QSP_chipid745.tiff,EASTERN DRY
ATVO7QRDEY_chipid2961.tiff,CENTRAL DRY
MQ49889HL1_chipid765.tiff,EASTERN DRY
U5GPPA08PB_chipid5398.tiff,SOUTHERN TRANSITION
O6FQAYF0V2_chipid3134.tiff,CENTRAL DRY
DP9QOI1WZO_chipid2932.tiff,CENTRAL DRY
V0GIRCA1X6_chipid978.tiff,EASTERN DRY
9SB3T13G2J_chipid2656.tiff,EASTERN DRY
JRF3IJTQX4_chipid4784.tiff,NORTH EAST DRY
1ZEC4KCTRR_chipid6509.tiff,NORTH EAST DRY
WCS4SP2VR1_chipid2541.tiff,UNKNOWN
NPALQNZ0D6_chipid7360.tiff,SOUTHERN TRANSITION
BKXRLSBX43_chipid5770.tiff,NORTHERN DRY
82I1H6RFEO_chipid6559.tiff,CENTRAL DRY
BYU6QDGSJV_chipid5388.tiff,SOUTHERN TRANSITION
0NL664JDJO_chipid4217.tiff,SOUTHERN TRANSITION
E5NBW64V2P_chipid4484.tiff,NORTH EAST DRY
ZQPSF5LI9U_chipid4130.tiff,CENTRAL DRY
8E22UI2PQ5_chipid7133.tiff,COASTAL
FUBGJFFZ1K_chipid3882.tiff,CENTRAL DRY
JGVXRYMMA5_chipid1546.tiff,CENTRAL DRY
X7XOY7UWR5_chipid6607.tiff,CENTRAL DRY
1S6UB3D8KR_chipid360.tiff,SOUTHERN TRANSITION
YE8NYBYSPU_chipid5251.tiff,NORTH EAST DRY
EMYSFZL63T_chipid1225.tiff,CENTRAL DRY
3MSPLLXK4H_chipid1708.tiff,NORTH EAST DRY
M3B5QR70OS_chipid273.tiff,SOUTHERN DRY
0DFT9O5P6U_chipid4887.tiff,COASTAL
I206XD2ZBC_chipid7552.tiff,NORTHERN DRY
S24O33TXHR_chipid4747.tiff,NORTH EAST DRY
WH4RDZ6FEI_chipid2662.tiff,EASTERN DRY
2GJZ437F3O_chipid801.tiff,EASTERN DRY
JKEAUKPE0N_chipid2544.tiff,UNKNOWN
QHUOEBGSDJ_chipid4241.tiff,SOUTHERN TRANSITION
YME9J24H42_chipid7813.tiff,COASTAL
VLI3BRAR28_chipid8074.tiff,NORTH EAST DRY
BWLSL1EHFW_chipid6051.tiff,HILL
VTK7RXNBF8_chipid5128.tiff,NORTH EAST DRY
75EET0C0W2_chipid6740.tiff,CENTRAL DRY
RM8XNAKM9Y_chipid3055.tiff,CENTRAL DRY
B9BPUWZ1TQ_chipid5217.tiff,UNKNOWN
3277IF76RG_chipid2550.tiff,UNKNOWN
FBMWRMMNQM_chipid601.tiff,EASTERN DRY
V0KFMK9CEG_chipid1562.tiff,CENTRAL DRY
4Q68I2M26B_chipid1576.tiff,CENTRAL DRY
AMMQE02Z00_chipid23.tiff,SOUTHERN TRANSITION
FM4F9BLUPM_chipid4444.tiff,NORTH EAST DRY
NKFIHI3S7M_chipid7307.tiff,NORTH EAST DRY
ULRY2H0IAF_chipid3841.tiff,CENTRAL DRY
VTCJYVKESY_chipid882.tiff,EASTERN DRY
LB7F87NZA7_chipid5727.tiff,NORTHERN DRY
49X1GLMRFG_chipid2199.tiff,EASTERN DRY
NS0YAS9RAP_chipid5018.tiff,HILL
FZ8ANHL4H6_chipid7824.tiff,COASTAL
A9DKJHWVIO_chipid5080.tiff,NORTH EAST DRY
5KUO5J8X4B_chipid7775.tiff,NORTH EAST DRY
3K20CS8W5R_chipid7634.tiff,CENTRAL DRY
CTC8SU0L5I_chipid6155.tiff,COASTAL
UJW02B404I_chipid465.tiff,SOUTHERN DRY
2R8POUGED2_chipid3818.tiff,WESTERN TRANSITION
UK9GD9KHOQ_chipid2954.tiff,CENTRAL DRY
9CNGF3I878_chipid2346.tiff,CENTRAL DRY
R9ZARFYQNC_chipid4066.tiff,SOUTHERN DRY
7BAHH4GP38_chipid1004.tiff,EASTERN DRY
42KIPJJKV4_chipid188.tiff,SOUTHERN TRANSITION
LBIYO5JBB1_chipid5417.tiff,SOUTHERN TRANSITION
GZRCSXSHE7_chipid6963.tiff,EASTERN DRY
16PEIBUSC7_chipid6858.tiff,UNKNOWN
M8UTYMA9T0_chipid6641.tiff,CENTRAL DRY
QB14P3ILNE_chipid5444.tiff,SOUTHERN TRANSITION
394OWQKOY0_chipid7390.tiff,SOUTHERN TRANSITION
BSDAH0L9YB_chipid6585.tiff,CENTRAL DRY
97NZ0XV3JG_chipid7197.tiff,UNKNOWN
RAXS38QIML_chipid6818.tiff,NORTHERN DRY
X72W7VQSC4_chipid61.tiff,SOUTHERN TRANSITION
15401CSOQI_chipid4521.tiff,NORTH EAST DRY
5HIITAB8ZO_chipid3866.tiff,CENTRAL DRY
I2HTWFBK68_chipid3369.tiff,COASTAL
XGRH0S5WB3_chipid806.tiff,EASTERN DRY
L2MZ664MAE_chipid7032.tiff,NORTH EAST DRY
QCTEL7JCCZ_chipid5921.tiff,NORTHERN DRY
E01DNNBWN4_chipid7706.tiff,COASTAL
32UQFZAXN0_chipid2247.tiff,EASTERN DRY
LR5KLRCWD1_chipid7121.tiff,WESTERN TRANSITION
4UPK0IOWW5_chipid2926.tiff,CENTRAL DRY
2HE7YI4J0K_chipid5871.tiff,NORTHERN DRY
0AE0WMQZ4U_chipid493.tiff,UNKNOWN
UEMY3EXEV8_chipid6704.tiff,CENTRAL DRY
KON7911OCI_chipid4708.tiff,NORTH EAST DRY
127I1B5NWB_chipid6203.tiff,COASTAL
XOTUNAPZ7T_chipid6613.tiff,CENTRAL DRY
MNCMJMEWWS_chipid2047.tiff,EASTERN DRY
A5MWC37FRJ_chipid4498.tiff,UNKNOWN
FG8OM2HBFY_chipid2723.tiff,CENTRAL DRY
BXVU56TE9H_chipid6658.tiff,CENTRAL DRY
F3E130TIT2_chipid5249.tiff,NORTH EAST DRY
YWULPVYOGZ_chipid5593.tiff,SOUTHERN TRANSITION
3Z547RZRH1_chipid7556.tiff,HILL
HZS1Y6BJC3_chipid7029.tiff,UNKNOWN
IXZOVSN1RY_chipid2946.tiff,CENTRAL DRY
IYX0GQMG41_chipid5050.tiff,NORTH EAST DRY
FURZW7URAN_chipid4060.tiff,SOUTHERN DRY
NT3UPUT5WZ_chipid1528.tiff,CENTRAL DRY
YQQQ3FAV5X_chipid2586.tiff,SOUTHERN TRANSITION
NSLY56ZKEY_chipid1874.tiff,CENTRAL DRY
BJVUAKVD09_chipid6500.tiff,NORTH EAST DRY
CF4P5V7407_chipid6608.tiff,CENTRAL DRY
TWXSK862VU_chipid5273.tiff,NORTH EAST DRY
9O96ZN1E84_chipid133.tiff,SOUTHERN TRANSITION
100B48WZJS_chipid4519.tiff,NORTH EAST DRY
QVR43S3VF6_chipid4047.tiff,SOUTHERN DRY
EN3EQ0JF6M_chipid8096.tiff,NORTH EAST DRY
KQZA9R2XTI_chipid2329.tiff,CENTRAL DRY
HFK2AXJGRN_chipid7614.tiff,CENTRAL DRY
EJ138TB75R_chipid2423.tiff,EASTERN DRY
YF7TBLB7AN_chipid5980.tiff,NORTH EAST DRY
BN8VHAPTGM_chipid6054.tiff,HILL
QD47SCHN0Z_chipid2015.tiff,EASTERN DRY
I74DUGAAW9_chipid1736.tiff,CENTRAL DRY
X3HPHZVTNH_chipid7473.tiff,CENTRAL DRY
PZIE6T0HFH_chipid3280.tiff,CENTRAL DRY
2RQ8IQHJ47_chipid7847.tiff,NORTHERN DRY
HFOWY6X5LB_chipid6800.tiff,NORTHERN DRY
9ZIXNQ6OXN_chipid5054.tiff,NORTH EAST DRY
UECZYN4WVV_chipid4976.tiff,HILL
PAPE1UMYVB_chipid4774.tiff,NORTH EAST DRY
ALCZVP262K_chipid5428.tiff,SOUTHERN TRANSITION
M4IPK9J768_chipid6694.tiff,CENTRAL DRY
QX8TK3WN6Y_chipid3756.tiff,WESTERN TRANSITION
PHDX57HWWX_chipid2642.tiff,EASTERN DRY
P0X8QKL67R_chipid469.tiff,SOUTHERN DRY
EKMQYGM3BJ_chipid2387.tiff,SOUTHERN TRANSITION
MVWOHC3M94_chipid2487.tiff,EASTERN DRY
N6UI8TZAXW_chipid5447.tiff,SOUTHERN TRANSITION
RTOEN9651W_chipid531.tiff,SOUTHERN DRY
OGQUQJ4JMR_chipid1713.tiff,NORTH EAST DRY
FZP387XNA0_chipid5884.tiff,NORTHERN DRY
JQQP97W08U_chipid965.tiff,EASTERN DRY
SHSA9TOOC4_chipid7365.tiff,SOUTHERN TRANSITION
GXNPSLEOCS_chipid2135.tiff,EASTERN DRY
8ZX2LE1V8K_chipid1126.tiff,CENTRAL DRY
996TJUZ3GB_chipid4386.tiff,NORTH EAST DRY
KEE2837MQQ_chipid5509.tiff,SOUTHERN TRANSITION
8O3CMMPTT9_chipid2951.tiff,CENTRAL DRY
02N7QVQ819_chipid8023.tiff,COASTAL
ZV0Y1Q2QEX_chipid5953.tiff,NORTH EAST DRY
D4EX3VQNXZ_chipid2533.tiff,UNKNOWN
OXGYQSXN4D_chipid5137.tiff,NORTH EAST DRY
8XSK2DD7F4_chipid4125.tiff,CENTRAL DRY
PVR9OF72BY_chipid5234.tiff,NORTH EAST DRY
4373EVDVIW_chipid6306.tiff,NORTH EAST DRY
IKSJXMM86H_chipid6300.tiff,NORTH EAST DRY
8CGA5W9YPH_chipid4017.tiff,SOUTHERN TRANSITION
UGL1PGWXZ4_chipid5005.tiff,HILL
MUQPQGHM3J_chipid1745.tiff,CENTRAL DRY
KT5QO8LZMT_chipid7123.tiff,COASTAL
TMQZCV4H3X_chipid2718.tiff,CENTRAL DRY
OLM3K4XP4A_chipid1560.tiff,CENTRAL DRY
N2JGZH9KI5_chipid3205.tiff,COASTAL
Y7866UHOIX_chipid1805.tiff,CENTRAL DRY
ANWZ0S68LC_chipid4716.tiff,NORTH EAST DRY
5K97VVU2U1_chipid5419.tiff,SOUTHERN TRANSITION
D10NYTH4NR_chipid2792.tiff,SOUTHERN TRANSITION
9FBX4GEEB5_chipid7702.tiff,COASTAL
6EVN6IW9Z3_chipid7045.tiff,NORTHERN DRY
JOBHK66CH1_chipid2214.tiff,EASTERN DRY
L0C8HTR6RX_chipid6895.tiff,SOUTHERN TRANSITION
R79S8ZAA2O_chipid7592.tiff,NORTH EAST DRY
G2HODULMSM_chipid443.tiff,SOUTHERN DRY
CX2AKQ3NFL_chipid4824.tiff,COASTAL
T2U4Z80CGD_chipid7678.tiff,COASTAL
UNHZK5KUG1_chipid6191.tiff,COASTAL
IRJ8SC3A5W_chipid7059.tiff,NORTHERN DRY
SPT2FMPBO2_chipid6693.tiff,CENTRAL DRY
3W0Q9WQLWG_chipid3712.tiff,WESTERN TRANSITION
ZXDKMPOCRV_chipid6747.tiff,UNKNOWN
TTT1HWM38W_chipid5910.tiff,NORTHERN DRY
3EGZ6YPWJK_chipid3420.tiff,CENTRAL DRY
VY4LXBG87I_chipid4459.tiff,NORTH EAST DRY
3QBP1RMXH4_chipid199.tiff,SOUTHERN TRANSITION
DM8TW4NLC4_chipid2984.tiff,CENTRAL DRY
FNDNFE6TJK_chipid5190.tiff,NORTH EAST DRY
MDUIB8G5ET_chipid2639.tiff,EASTERN DRY
8J6BTRMQ1O_chipid6940.tiff,SOUTHERN TRANSITION
XEKK8M5TUX_chipid262.tiff,SOUTHERN TRANSITION
UIDT4UEKWR_chipid257.tiff,SOUTHERN TRANSITION
H3SDCCO5R1_chipid5708.tiff,NORTHERN DRY
1S63PEKMH4_chipid4848.tiff,COASTAL
14P89V3XA3_chipid4173.tiff,CENTRAL DRY
SU967VLONN_chipid3682.tiff,WESTERN TRANSITION
WKHP8MHBQH_chipid1457.tiff,CENTRAL DRY
1MSUKBHB5M_chipid6407.tiff,COASTAL
S8IXL2VR8H_chipid1625.tiff,WESTERN TRANSITION
VXD0PBK386_chipid7269.tiff,NORTHERN DRY
IWESTPID3G_chipid4768.tiff,NORTH EAST DRY
MZ4MFD4DHI_chipid5541.tiff,SOUTHERN TRANSITION
98E4UTVL3E_chipid3706.tiff,WESTERN TRANSITION
E5EBNH3W65_chipid5464.tiff,COASTAL
COLKS906O1_chipid2889.tiff,CENTRAL DRY
APJSI20EZ7_chipid7193.tiff,UNKNOWN
98U20ZJVR5_chipid4013.tiff,SOUTHERN TRANSITION
S5XWXEYHIB_chipid7382.tiff,SOUTHERN TRANSITION
6PED3ATWJN_chipid1490.tiff,CENTRAL DRY
YW3MIYQQY5_chipid2094.tiff,EASTERN DRY
D4FUGS3SAN_chipid5632.tiff,SOUTHERN TRANSITION
81YAC7HQC2_chipid8070.tiff,NORTH EAST DRY
T2MCEPNWHF_chipid6791.tiff,NORTHERN DRY
30FT0Y3CGG_chipid686.tiff,EASTERN DRY
506PHQ8INV_chipid7612.tiff,CENTRAL DRY
F59XUF98RZ_chipid4142.tiff,CENTRAL DRY
FQKNZBC4RR_chipid2099.tiff,EASTERN DRY
XHRSX02UX9_chipid6935.tiff,SOUTHERN TRANSITION
W6D3GF20AV_chipid321.tiff,SOUTHERN DRY
60XNUGTJC7_chipid5566.tiff,SOUTHERN TRANSITION
DKQY8WMVHM_chipid4202.tiff,SOUTHERN TRANSITION
AE19XIY8Z4_chipid4600.tiff,NORTH EAST DRY
JI95EVOCW5_chipid6132.tiff,HILL
EOW0VQ55N4_chipid2928.tiff,CENTRAL DRY
4UO2YE9Z3Z_chipid3161.tiff,SOUTHERN DRY
E2JUN2RILO_chipid694.tiff,EASTERN DRY
TIAHW7OM0G_chipid7797.tiff,COASTAL
Z1GAZNTBRP_chipid4330.tiff,NORTH EAST DRY
D3BMBT8DRX_chipid5960.tiff,NORTH EAST DRY
545BD9J0EV_chipid6587.tiff,CENTRAL DRY
IHSITTI7R5_chipid4366.tiff,NORTH EAST DRY
EUBUKMCZ1N_chipid3827.tiff,CENTRAL DRY
9Z7FBHVG4X_chipid7285.tiff,NORTH EAST DRY
G4O8S5RV8T_chipid7874.tiff,NORTHERN DRY
V2AFSJZN13_chipid7182.tiff,UNKNOWN
KIDD1Y8KOW_chipid3860.tiff,CENTRAL DRY
XX2KU5997L_chipid2223.tiff,EASTERN DRY
7GK87YVLPQ_chipid6304.tiff,NORTH EAST DRY
P7HLY89A9B_chipid7281.tiff,NORTH EAST DRY
24U3NX3YNU_chipid7654.tiff,SOUTHERN TRANSITION
IO14918SCZ_chipid5138.tiff,NORTH EAST DRY
RWUQV5UTVI_chipid1681.tiff,UNKNOWN
SH0NSEJ9G1_chipid5074.tiff,NORTH EAST DRY
H2NAU148TL_chipid4620.tiff,NORTH EAST DRY
AREUVWQF5S_chipid251.tiff,SOUTHERN TRANSITION
1PYROCY3NY_chipid4582.tiff,NORTH EAST DRY
91I47TV75H_chipid5904.tiff,NORTHERN DRY
X7OT32AB7B_chipid2246.tiff,EASTERN DRY
A97PGNS3GJ_chipid2386.tiff,SOUTHERN TRANSITION
YE2UCN1Q23_chipid2226.tiff,EASTERN DRY
KAJAGCR1P3_chipid3715.tiff,WESTERN TRANSITION
3AHND9E02B_chipid1082.tiff,EASTERN DRY
0SJ2G5BQUY_chipid6367.tiff,COASTAL
HYICQT4C67_chipid3878.tiff,CENTRAL DRY
LXTT7H6Y4T_chipid3794.tiff,WESTERN TRANSITION
L2Q80VUKGZ_chipid1854.tiff,CENTRAL DRY
SJ4MEGTD6X_chipid7908.tiff,NORTHERN DRY
JUG65HRKJ1_chipid13.tiff,SOUTHERN TRANSITION
EICOWA1RXW_chipid4749.tiff,NORTH EAST DRY
SN1U44VK48_chipid4793.tiff,NORTH EAST DRY
P4FR42N8HU_chipid3806.tiff,WESTERN TRANSITION
O5UMFB7AW4_chipid5378.tiff,SOUTHERN TRANSITION
610VAQKOAO_chipid2100.tiff,EASTERN DRY
ZHOT657LML_chipid2807.tiff,SOUTHERN DRY
NOKV1WN78B_chipid1592.tiff,CENTRAL DRY
12T1PPNMIM_chipid3534.tiff,COASTAL
KKOUE5C7LU_chipid6538.tiff,CENTRAL DRY
J0BTQ5HZ7W_chipid4965.tiff,HILL
KF1WSVRFGC_chipid1362.tiff,CENTRAL DRY
AWKBAYGK3K_chipid7742.tiff,COASTAL
9M1WBDWXEC_chipid5878.tiff,NORTHERN DRY
FJ7R4N1NU1_chipid839.tiff,EASTERN DRY
WFWCC02H8V_chipid3110.tiff,CENTRAL DRY
4N5NX03EQF_chipid649.tiff,EASTERN DRY
EI9I685VR3_chipid3579.tiff,COASTAL
EXAWGRJXQ1_chipid7754.tiff,COASTAL
LS0EJKQFXM_chipid3389.tiff,COASTAL
YQXIF26WAL_chipid4707.tiff,NORTH EAST DRY
AST4L7TO03_chipid4678.tiff,NORTH EAST DRY
N221JPTDU1_chipid3759.tiff,WESTERN TRANSITION
HXKNZASQTX_chipid413.tiff,SOUTHERN DRY
XJFKJAVZO2_chipid928.tiff,EASTERN DRY
2S54K8B27K_chipid3427.tiff,CENTRAL DRY
RWQGW97CH2_chipid3485.tiff,COASTAL
Q7JCTAEAMS_chipid753.tiff,EASTERN DRY
932ODM9WUK_chipid2532.tiff,CENTRAL DRY
QYE8ZWE08G_chipid658.tiff,EASTERN DRY
I4SCULCQWS_chipid3222.tiff,COASTAL
A8DYA1N1SQ_chipid1976.tiff,EASTERN DRY
IWKJZSTLX3_chipid1549.tiff,CENTRAL DRY
SEQ6B4K3SP_chipid7080.tiff,NORTHERN DRY
KXPIAQT4D3_chipid6272.tiff,NORTH EAST DRY
EVZ9PJOIYN_chipid5636.tiff,SOUTHERN TRANSITION
8MR20FXQDC_chipid328.tiff,SOUTHERN DRY
41F9V2L7HC_chipid1958.tiff,EASTERN DRY
1TMPZ57ZFV_chipid606.tiff,EASTERN DRY
6F33HCUC6W_chipid112.tiff,SOUTHERN TRANSITION
G6T93A7OME_chipid6537.tiff,CENTRAL DRY
9HNV6T4Z2M_chipid2714.tiff,CENTRAL DRY
GV3BNX7AMY_chipid3089.tiff,CENTRAL DRY
1322GU2TLL_chipid2400.tiff,SOUTHERN TRANSITION
NLIGQDLFAX_chipid4958.tiff,COASTAL
JBS71GLFRJ_chipid119.tiff,SOUTHERN TRANSITION
1QEHD66IQS_chipid5721.tiff,NORTHERN DRY
QF6B17C7TB_chipid5282.tiff,NORTH EAST DRY
405JOWOW3W_chipid1046.tiff,EASTERN DRY
4HNI0B3MT2_chipid6244.tiff,SOUTHERN DRY
8JIS8C9N2Z_chipid5038.tiff,NORTH EAST DRY
JWNW3JZJNK_chipid7337.tiff,NORTH EAST DRY
T1P6JINYSQ_chipid4983.tiff,HILL
3BQQKQFSR9_chipid5503.tiff,SOUTHERN TRANSITION
YHQUK6DNXE_chipid7261.tiff,NORTHERN DRY
XCGUOQJZ7U_chipid6920.tiff,SOUTHERN TRANSITION
19MI314R9N_chipid264.tiff,SOUTHERN DRY
6EYRD3BOBS_chipid5105.tiff,NORTH EAST DRY
VM7S1YE3NK_chipid1218.tiff,CENTRAL DRY
JA2H4U5RDG_chipid4586.tiff,NORTH EAST DRY
6XD69M1VM5_chipid2297.tiff,SOUTHERN TRANSITION
9UD68KKL57_chipid4701.tiff,NORTH EAST DRY
B62W3PVE2J_chipid4269.tiff,UNKNOWN
8TYVQ0S1YJ_chipid5437.tiff,SOUTHERN TRANSITION
F2QVY46LNI_chipid8090.tiff,NORTH EAST DRY
QXIUYZE3MZ_chipid3032.tiff,EASTERN DRY
H5B6FXT6IU_chipid7788.tiff,NORTH EAST DRY
WE24H5SR4T_chipid555.tiff,SOUTHERN DRY
YU1L1K8KC5_chipid7442.tiff,SOUTHERN TRANSITION
J119V7GZSB_chipid6233.tiff,SOUTHERN DRY
MZANJJ4FKX_chipid1187.tiff,CENTRAL DRY
T8CAACRYB2_chipid2726.tiff,CENTRAL DRY
VX3P1S6SJI_chipid6249.tiff,SOUTHERN DRY
509BUK2U48_chipid7074.tiff,NORTHERN DRY
EMN8JYI3YA_chipid5376.tiff,SOUTHERN TRANSITION
66MEFAKEJK_chipid985.tiff,EASTERN DRY
1XTZLHYLQS_chipid1898.tiff,EASTERN DRY
PW5USZUNQO_chipid4368.tiff,NORTH EAST DRY
QOLJH8F6OX_chipid7684.tiff,COASTAL
N4VCETDW6T_chipid1031.tiff,EASTERN DRY
44S4FK0M68_chipid2584.tiff,SOUTHERN TRANSITION
PQJOFHFH0F_chipid5289.tiff,NORTH EAST DRY
U0HACTUOWP_chipid1238.tiff,CENTRAL DRY
4ER0QG8T9N_chipid1919.tiff,EASTERN DRY
27FLCCTP97_chipid3091.tiff,CENTRAL DRY
GTDA1L4QPT_chipid3116.tiff,CENTRAL DRY
2FG720SNI6_chipid392.tiff,SOUTHERN TRANSITION
F7IT83SI1F_chipid7680.tiff,COASTAL
2DEEJ6082S_chipid5954.tiff,NORTH EAST DRY
CYH3082MPA_chipid198.tiff,SOUTHERN TRANSITION
DWIEKBBQKG_chipid4816.tiff,COASTAL
9OG9UPZMCO_chipid5305.tiff,NORTH EAST DRY
KBN6PZT3VK_chipid6840.tiff,SOUTHERN TRANSITION
AH2QPOWQTO_chipid3953.tiff,CENTRAL DRY
XS1SPTN8MD_chipid268.tiff,SOUTHERN DRY
CN7LD0WWK9_chipid3001.tiff,EASTERN DRY
XDBV0EOZRA_chipid2180.tiff,EASTERN DRY
KCLLY71AZH_chipid3250.tiff,COASTAL
9S4J7NFLGN_chipid1065.tiff,EASTERN DRY
OFX3KH3A05_chipid843.tiff,EASTERN DRY
LH4FJ69RCZ_chipid3436.tiff,CENTRAL DRY
QOYV5HR4T3_chipid3948.tiff,CENTRAL DRY
1C4JA2OARB_chipid6226.tiff,SOUTHERN DRY
N14ZSYD3NJ_chipid2990.tiff,CENTRAL DRY
JCT01S8UL4_chipid4467.tiff,NORTH EAST DRY
X3SZRPZX08_chipid2514.tiff,CENTRAL DRY
Q37JRNTVIJ_chipid5154.tiff,NORTH EAST DRY
8FV8ITU89T_chipid3162.tiff,SOUTHERN DRY
T28N5U0R46_chipid4234.tiff,SOUTHERN TRANSITION
ARNDIJGCUP_chipid2764.tiff,SOUTHERN TRANSITION
0O7TXHVVC2_chipid705.tiff,EASTERN DRY
2ID25KUBL5_chipid7034.tiff,NORTH EAST DRY
YSDCB2Y0N2_chipid1529.tiff,CENTRAL DRY
29AE8QR354_chipid6962.tiff,EASTERN DRY
6C2DD1ZK0P_chipid7985.tiff,COASTAL
UV0XQGIN1W_chipid2775.tiff,SOUTHERN TRANSITION
XPFJHHG58X_chipid6424.tiff,COASTAL
NW6BZPULHX_chipid4040.tiff,SOUTHERN DRY
FFWTNVX481_chipid4121.tiff,CENTRAL DRY
D2DHVYZOR2_chipid6114.tiff,HILL
7QP2EQJ5PE_chipid7031.tiff,NORTH EAST DRY
866UIJ4QIC_chipid5320.tiff,NORTH EAST DRY
NM4SSUY1ND_chipid1284.tiff,CENTRAL DRY
5J2SO34V07_chipid4598.tiff,NORTH EAST DRY
CNH1W0IKE5_chipid277.tiff,SOUTHERN DRY
62RVVGRXMT_chipid3472.tiff,COASTAL
05137696GY_chipid3106.tiff,CENTRAL DRY
2VFZBH3PIY_chipid6009.tiff,UNKNOWN
1EX6HYEHJF_chipid6609.tiff,CENTRAL DRY
473NJP2SLF_chipid6596.tiff,CENTRAL DRY
5QBA9YW3BT_chipid1280.tiff,CENTRAL DRY
LV7O8DEB6U_chipid3697.tiff,WESTERN TRANSITION
3BGGFOIG6F_chipid4672.tiff,NORTH EAST DRY
DKMB9GMDVE_chipid5557.tiff,SOUTHERN TRANSITION
ONGRWNI7YN_chipid2221.tiff,EASTERN DRY
TCBC9M7VF0_chipid4167.tiff,CENTRAL DRY
7HQBE0LTTC_chipid3107.tiff,CENTRAL DRY
9OTRHHMA7D_chipid7210.tiff,UNKNOWN
E3B7SYCVD2_chipid286.tiff,SOUTHERN DRY
GSTW19UVZV_chipid2155.tiff,EASTERN DRY
BVBREA0IH0_chipid2445.tiff,EASTERN DRY
LTURITWG9W_chipid2752.tiff,SOUTHERN TRANSITION
ET41AY5M67_chipid4698.tiff,NORTH EAST DRY
YCQZACF7VD_chipid1271.tiff,CENTRAL DRY
1KRIYVUUT6_chipid8039.tiff,NORTH EAST DRY
LC68OKHJUY_chipid6347.tiff,NORTH EAST DRY
OW6YW8D7VM_chipid2818.tiff,SOUTHERN DRY
SWIKFK45D8_chipid5329.tiff,NORTH EAST DRY
GN3XZYF69K_chipid508.tiff,CENTRAL DRY
89NPFJ2532_chipid7267.tiff,NORTHERN DRY
IS7AHAATT9_chipid3465.tiff,COASTAL
IFSQLHMJAD_chipid4710.tiff,NORTH EAST DRY
1UM5XPFM9I_chipid50.tiff,SOUTHERN TRANSITION
0K3AYIV9Y4_chipid2864.tiff,CENTRAL DRY
9OPXYWR76X_chipid5662.tiff,NORTHERN DRY
NRF4HDAEP7_chipid7331.tiff,NORTH EAST DRY
P84JWD7V3D_chipid1001.tiff,EASTERN DRY
Q9AQLEIFZI_chipid4891.tiff,COASTAL
2H2DQPTO1S_chipid3216.tiff,COASTAL
VLIWP167SG_chipid5316.tiff,NORTH EAST DRY
YM292U0NJJ_chipid4044.tiff,SOUTHERN DRY
ZH800S9NHL_chipid6602.tiff,CENTRAL DRY
IENZNZI4UI_chipid1730.tiff,CENTRAL DRY
QDSKMH75YK_chipid7676.tiff,COASTAL
71TMCYMUQX_chipid7642.tiff,CENTRAL DRY
38S8PQSVAP_chipid8014.tiff,COASTAL
7HJ4B1S92E_chipid4563.tiff,NORTH EAST DRY
TR4Y9QVOQF_chipid2314.tiff,CENTRAL DRY
4RNIHR5I6H_chipid5283.tiff,NORTH EAST DRY
VQ02E9SGE0_chipid1923.tiff,EASTERN DRY
WFEFLFNS7O_chipid5231.tiff,NORTH EAST DRY
VVYZ2IXOYI_chipid2962.tiff,CENTRAL DRY
IGTPYDQH8G_chipid5261.tiff,NORTH EAST DRY
NYZZDSBNK1_chipid2805.tiff,SOUTHERN DRY
L192D2G8XB_chipid6066.tiff,HILL
NGMM6ZQAKG_chipid7439.tiff,SOUTHERN TRANSITION
5MLHDGTYXO_chipid4912.tiff,COASTAL
0PMUU8B8TQ_chipid3136.tiff,CENTRAL DRY
MZ4ZDS42Y6_chipid6477.tiff,NORTH EAST DRY
1LRBIWIXQC_chipid206.tiff,SOUTHERN TRANSITION
C04PWOLDY6_chipid7158.tiff,COASTAL
P57ZOX782H_chipid2395.tiff,SOUTHERN TRANSITION
W7KWZXFX7W_chipid2613.tiff,SOUTHERN TRANSITION
LQGU1FYDN5_chipid4871.tiff,COASTAL
72QELGWCS2_chipid1720.tiff,CENTRAL DRY
O97X3BMH9N_chipid4673.tiff,NORTH EAST DRY
NYDUB3DTEB_chipid4285.tiff,SOUTHERN TRANSITION
MOSBATFVWF_chipid2745.tiff,SOUTHERN TRANSITION
WFNXJCFL09_chipid3357.tiff,COASTAL
1RJWYXXX8A_chipid5699.tiff,NORTHERN DRY
B081K1I2I8_chipid2982.tiff,CENTRAL DRY
IZPWISSLXP_chipid5898.tiff,NORTHERN DRY
02I74THNJS_chipid5070.tiff,NORTH EAST DRY
NMXQ5ZC7LD_chipid4260.tiff,SOUTHERN TRANSITION
ZYFPQ9LD0D_chipid405.tiff,SOUTHERN DRY
FN6HC36VJW_chipid6679.tiff,CENTRAL DRY
I669YWCR8Q_chipid7704.tiff,COASTAL
0XJRY8WI22_chipid2846.tiff,SOUTHERN DRY
F7K1P1Q5GQ_chipid1114.tiff,EASTERN DRY
GIQDQZ7ALL_chipid6678.tiff,CENTRAL DRY
HPCZ05MVHS_chipid377.tiff,SOUTHERN TRANSITION
5VNHKJWCBV_chipid3900.tiff,CENTRAL DRY
BW9V4IHN5C_chipid3053.tiff,CENTRAL DRY
ZIQJ08HM71_chipid559.tiff,SOUTHERN DRY
CI6W77NRFG_chipid3438.tiff,CENTRAL DRY
LXJM44O00R_chipid7904.tiff,NORTHERN DRY
DNE264J2G2_chipid5014.tiff,HILL
HS9IX53N23_chipid4744.tiff,NORTH EAST DRY
XBUHU3TFS3_chipid4904.tiff,COASTAL
IYULM8QLR1_chipid2589.tiff,SOUTHERN TRANSITION
OPJ11VO9IS_chipid3049.tiff,EASTERN DRY
SC3554IRYR_chipid5248.tiff,NORTH EAST DRY
WIJIBI7HQZ_chipid7901.tiff,NORTHERN DRY
I8TS760UKS_chipid1430.tiff,CENTRAL DRY
6GMA75UZZY_chipid4250.tiff,SOUTHERN TRANSITION
2PGPX53UDB_chipid7134.tiff,COASTAL
FXMF8XC8K4_chipid1485.tiff,CENTRAL DRY
ZSQX9SHMY8_chipid3215.tiff,COASTAL
ANW0YUA6NZ_chipid2320.tiff,CENTRAL DRY
XMQ06BJOG0_chipid6787.tiff,NORTHERN DRY
HOOMAXUV0Q_chipid2689.tiff,CENTRAL DRY
Q1QR1G6EBL_chipid1377.tiff,CENTRAL DRY
4J6FFWE2DL_chipid7522.tiff,NORTHERN DRY
QOOBGP75RB_chipid6660.tiff,CENTRAL DRY
X268BHQO6I_chipid99.tiff,SOUTHERN TRANSITION
8PIGDCPG19_chipid3847.tiff,CENTRAL DRY
ATA1R07JM7_chipid3497.tiff,COASTAL
CQZ3BFRSC5_chipid4463.tiff,NORTH EAST DRY
QXRFCYQVIN_chipid7004.tiff,UNKNOWN
DHJBVURL3P_chipid6789.tiff,NORTHERN DRY
YV9AGM1ALR_chipid4141.tiff,CENTRAL DRY
90QRU5JGCS_chipid6147.tiff,HILL
4AICJ9IVPP_chipid3463.tiff,COASTAL
HIP811XWZ1_chipid7053.tiff,NORTHERN DRY
A2DJUANSM5_chipid6862.tiff,UNKNOWN
81H9YNOXDT_chipid6971.tiff,EASTERN DRY
4ZT2Y5QYH0_chipid1297.tiff,CENTRAL DRY
NVB0DWRY2E_chipid4361.tiff,NORTH EAST DRY
591AIW7YB5_chipid644.tiff,EASTERN DRY
0KWQFHRAT1_chipid5872.tiff,NORTHERN DRY
KLSDH02PHC_chipid5645.tiff,NORTHERN DRY
N1IMM9I8PB_chipid297.tiff,SOUTHERN DRY
RFGMLWVC7J_chipid4153.tiff,CENTRAL DRY
5Y029C9KUY_chipid236.tiff,SOUTHERN TRANSITION
DPFAUF3CKZ_chipid5487.tiff,COASTAL
HLGT8ELJYP_chipid2911.tiff,CENTRAL DRY
Y3JSKWCQWU_chipid3673.tiff,WESTERN TRANSITION
1XX0DCHMTX_chipid4511.tiff,NORTH EAST DRY
ITNZKDLPYG_chipid6792.tiff,NORTHERN DRY
37TC14XBM2_chipid5098.tiff,NORTH EAST DRY
8SHFXDJ2VY_chipid1058.tiff,EASTERN DRY
6EV7UT8GHE_chipid2425.tiff,EASTERN DRY
CVUXG2MPQE_chipid5865.tiff,NORTHERN DRY
GALURTAOZ8_chipid5959.tiff,NORTH EAST DRY
1BCOE9A835_chipid7943.tiff,WESTERN TRANSITION
FYH450OSCT_chipid2747.tiff,SOUTHERN TRANSITION
T868O8A2SY_chipid2776.tiff,SOUTHERN TRANSITION
7AQ5R10OYN_chipid6801.tiff,NORTHERN DRY
90X28HFQCS_chipid4731.tiff,NORTH EAST DRY
9LLTMTBCPH_chipid5086.tiff,NORTH EAST DRY
9OAQWZT1FE_chipid4611.tiff,NORTH EAST DRY
H30RYMAL1F_chipid3470.tiff,COASTAL
MGLR84OEU9_chipid7239.tiff,NORTHERN DRY
JDE9MWMTBU_chipid831.tiff,EASTERN DRY
GO0SQ43MCA_chipid6340.tiff,NORTH EAST DRY
Q5ET0PDT5W_chipid8002.tiff,COASTAL
11C4JLUH0R_chipid8.tiff,SOUTHERN TRANSITION
WJO81CJ2PS_chipid6999.tiff,EASTERN DRY
RDXTQHKJ1K_chipid3985.tiff,SOUTHERN TRANSITION
6OVV6RYQV7_chipid91.tiff,SOUTHERN TRANSITION
L79HUPSPOS_chipid2151.tiff,EASTERN DRY
SDXZ8QMSIL_chipid4822.tiff,COASTAL
IXSA31LBUK_chipid3909.tiff,CENTRAL DRY
CANPMZR3JN_chipid4052.tiff,SOUTHERN DRY
IYLI6EHCWI_chipid5232.tiff,NORTH EAST DRY
Y8F8C5FXWK_chipid6280.tiff,NORTH EAST DRY
JIOFUYH522_chipid4992.tiff,HILL
BKKEVP7JLC_chipid5647.tiff,NORTHERN DRY
PHJ5KIY2US_chipid6117.tiff,HILL
P2XZSF6GS8_chipid6033.tiff,EASTERN DRY
I3FKRUOIGZ_chipid7982.tiff,COASTAL
A8WMGZL7FP_chipid2456.tiff,EASTERN DRY
TGITBKGC9W_chipid448.tiff,SOUTHERN DRY
207C6CPJEZ_chipid2342.tiff,CENTRAL DRY
7MSIEI5KM1_chipid761.tiff,EASTERN DRY
AMO3PUEEBQ_chipid2056.tiff,EASTERN DRY
MMJPRP2KIK_chipid6378.tiff,COASTAL
UF1ULEG9CB_chipid812.tiff,EASTERN DRY
NXIY43LVUN_chipid8071.tiff,NORTH EAST DRY
7CK1R3EDRN_chipid7796.tiff,COASTAL
8I5XFYSB6P_chipid6337.tiff,NORTH EAST DRY
Z9EJQLIW4A_chipid5326.tiff,NORTH EAST DRY
7CQCQXZB7F_chipid4966.tiff,HILL
5F3WYUDSBS_chipid4286.tiff,SOUTHERN TRANSITION
C0O5RTFZ9E_chipid109.tiff,SOUTHERN TRANSITION
4RDILGLQ7G_chipid1002.tiff,EASTERN DRY
6IRM3R3NDT_chipid6366.tiff,COASTAL
VE1QIYZ9Z6_chipid3356.tiff,COASTAL
G2D6INU28L_chipid63.tiff,SOUTHERN TRANSITION
OXYGMWTDNK_chipid6934.tiff,SOUTHERN TRANSITION
O6WQ56NOWI_chipid7145.tiff,COASTAL
L42HPPJHZ6_chipid1250.tiff,CENTRAL DRY
W9IRGPM06X_chipid3248.tiff,COASTAL
2MCWLOP9PZ_chipid3808.tiff,WESTERN TRANSITION
70WEE3QHK6_chipid2520.tiff,UNKNOWN
WIEVBOON5U_chipid2406.tiff,SOUTHERN TRANSITION
FNZG6UQI2C_chipid3924.tiff,CENTRAL DRY
J6VVQN09V0_chipid627.tiff,EASTERN DRY
C7SIZQ30NB_chipid1583.tiff,CENTRAL DRY
S0LMZ9IE7A_chipid1111.tiff,EASTERN DRY
1PLOBGYUOL_chipid6766.tiff,UNKNOWN
POYN47G10U_chipid613.tiff,EASTERN DRY
GFQ125E7ML_chipid7372.tiff,SOUTHERN TRANSITION
1ROBLIOBQ9_chipid1180.tiff,CENTRAL DRY
4BKBT6QA31_chipid7205.tiff,CENTRAL DRY
D77SXM1HH8_chipid2612.tiff,SOUTHERN TRANSITION
CE60923EDF_chipid2212.tiff,EASTERN DRY
JNCRGYQHLB_chipid3893.tiff,CENTRAL DRY
S99YER2Z5Z_chipid2569.tiff,UNKNOWN
D7Q1N2C4AN_chipid1739.tiff,CENTRAL DRY
J5ZLECYA98_chipid3615.tiff,WESTERN TRANSITION
HQPLL04Y3N_chipid3954.tiff,CENTRAL DRY
RTLCC4RM05_chipid2016.tiff,EASTERN DRY
0HC9ZIIXJ0_chipid4158.tiff,CENTRAL DRY
PZ9BNJR2BQ_chipid3542.tiff,COASTAL
4YLKGAMQ64_chipid3103.tiff,CENTRAL DRY
SF7WA9YTXU_chipid5146.tiff,NORTH EAST DRY
KJE7YPCLUN_chipid3634.tiff,WESTERN TRANSITION
8DRYF1TAGB_chipid7253.tiff,NORTHERN DRY
UVVNR3T4FV_chipid4319.tiff,NORTH EAST DRY
T753OJUYN1_chipid6001.tiff,UNKNOWN
0XAP0K9F4X_chipid5314.tiff,NORTH EAST DRY
Z2ICQ41CPF_chipid6939.tiff,SOUTHERN TRANSITION
BDKS52L9BY_chipid1705.tiff,NORTH EAST DRY
7LD9RICB77_chipid6052.tiff,HILL
FMC88N43OF_chipid557.tiff,SOUTHERN DRY
QERTXDSQ3O_chipid7312.tiff,NORTH EAST DRY
1KBSKVRS9X_chipid7565.tiff,HILL
X142EYUPX2_chipid4233.tiff,SOUTHERN TRANSITION
PGFS9DAHWD_chipid7833.tiff,COASTAL
4QLF5GYI9Z_chipid3179.tiff,SOUTHERN DRY
JEVXA9NH8H_chipid1526.tiff,CENTRAL DRY
9RXJRI9I6A_chipid3071.tiff,CENTRAL DRY
RPYCJ8HVFF_chipid2057.tiff,EASTERN DRY
K1I0JNVZBS_chipid1670.tiff,UNKNOWN
XJBVXFXF7D_chipid8085.tiff,NORTH EAST DRY
K8S43XNP0Q_chipid80.tiff,SOUTHERN TRANSITION
WE92OVEB9Q_chipid7637.tiff,CENTRAL DRY
TWESV32V42_chipid2211.tiff,EASTERN DRY
APHEBJ80I7_chipid5832.tiff,NORTHERN DRY
RKQOEOEZ9J_chipid322.tiff,SOUTHERN DRY
OP2IHUDOZW_chipid5394.tiff,SOUTHERN TRANSITION
CDCWV3ZD80_chipid5133.tiff,NORTH EAST DRY
SC9K7X2MHB_chipid1822.tiff,CENTRAL DRY
9BUOYN71AQ_chipid6241.tiff,SOUTHERN DRY
XHGLP9RN8L_chipid3637.tiff,WESTERN TRANSITION
L4IC1WOO96_chipid190.tiff,SOUTHERN TRANSITION
6BD17PN4XD_chipid688.tiff,EASTERN DRY
DDHBP1FH6O_chipid3628.tiff,WESTERN TRANSITION
KOGOPIL8OG_chipid4823.tiff,COASTAL
N59OU14XVM_chipid6504.tiff,NORTH EAST DRY
ZB25FFUQX2_chipid3721.tiff,WESTERN TRANSITION
B5ZBE68ZPT_chipid396.tiff,SOUTHERN TRANSITION
CN7WD2RTXX_chipid6735.tiff,EASTERN DRY
XD2QWCJ9WT_chipid2210.tiff,EASTERN DRY
7SH0TOAX3Q_chipid401.tiff,SOUTHERN DRY
B2AEC068ES_chipid1628.tiff,WESTERN TRANSITION
FL1MEH0ZYR_chipid7898.tiff,NORTHERN DRY
YPMVQ67YKA_chipid2909.tiff,CENTRAL DRY
GUOWXL2QH4_chipid1290.tiff,CENTRAL DRY
0RKU1YGHGL_chipid6109.tiff,HILL
A3OLDJ429Z_chipid185.tiff,SOUTHERN TRANSITION
7EEP5KF99Y_chipid4375.tiff,NORTH EAST DRY
3HFZL1WVJ4_chipid4192.tiff,SOUTHERN TRANSITION
3J2QU8J2DG_chipid6137.tiff,HILL
9MUK7FF4QP_chipid1265.tiff,CENTRAL DRY
9CYDQSRAH7_chipid4462.tiff,NORTH EAST DRY
CXX9U4D490_chipid4018.tiff,SOUTHERN TRANSITION
3ZJYG8W629_chipid6385.tiff,COASTAL
30L25MB0MB_chipid2777.tiff,SOUTHERN TRANSITION
HFIV7Z8FJC_chipid4862.tiff,COASTAL
1GFX51CHCQ_chipid6254.tiff,NORTH EAST DRY
719442ZAJ1_chipid7438.tiff,SOUTHERN TRANSITION
HJBB4XLJT6_chipid6031.tiff,COASTAL
YMXLJGPQM2_chipid5615.tiff,SOUTHERN TRANSITION
F9DPE3JRHF_chipid2772.tiff,SOUTHERN TRANSITION
UO1RKX6XD3_chipid72.tiff,SOUTHERN TRANSITION
9N8JBUWS5Y_chipid6204.tiff,COASTAL
VS7GXV070V_chipid1012.tiff,EASTERN DRY
NL1WSRQXOY_chipid4737.tiff,NORTH EAST DRY
3EV1KZK8MQ_chipid6788.tiff,NORTHERN DRY
M6PKNXERNO_chipid4201.tiff,SOUTHERN TRANSITION
3GO4CQ55LO_chipid5888.tiff,NORTHERN DRY
NB3KBMOROU_chipid1015.tiff,EASTERN DRY
NYHO6G8QZF_chipid5731.tiff,NORTHERN DRY
Z1VGSA9QPA_chipid778.tiff,EASTERN DRY
VCL8WOHM2D_chipid1553.tiff,CENTRAL DRY
SV50RVKKF1_chipid6334.tiff,NORTH EAST DRY
TDOG3GUVJM_chipid7232.tiff,UNKNOWN
KL8QJCGEXH_chipid981.tiff,EASTERN DRY
BNWGJW6BKY_chipid6513.tiff,NORTH EAST DRY
GNXM8KGP47_chipid5531.tiff,SOUTHERN TRANSITION
9RLZZQ5ABW_chipid6569.tiff,CENTRAL DRY
28EWINUWU5_chipid6363.tiff,NORTH EAST DRY
U9FMDZL3XZ_chipid1631.tiff,WESTERN TRANSITION
PVUFCN9R4N_chipid1696.tiff,NORTH EAST DRY
U94WP4PRXO_chipid5189.tiff,UNKNOWN
JYD25CWPZM_chipid1272.tiff,CENTRAL DRY
AJOTW3QZ0H_chipid6448.tiff,SOUTHERN DRY
W20WG7WEK0_chipid3885.tiff,CENTRAL DRY
CK3FME3KHM_chipid4108.tiff,CENTRAL DRY
74QH9FMDNE_chipid1675.tiff,NORTH EAST DRY
Y59JWJI5D6_chipid5032.tiff,NORTH EAST DRY
6NYH9180PM_chipid1869.tiff,CENTRAL DRY
NKY2N71V9S_chipid3085.tiff,CENTRAL DRY
1GY8R3Y45R_chipid490.tiff,UNKNOWN
YSAEUG2698_chipid8006.tiff,COASTAL
M28DYNHLQJ_chipid5435.tiff,SOUTHERN TRANSITION
NPL206DT3D_chipid6494.tiff,NORTH EAST DRY
YREQRMQBFR_chipid4931.tiff,COASTAL
Q7M3HRU4CO_chipid2902.tiff,CENTRAL DRY
8X3II4N9QI_chipid920.tiff,EASTERN DRY
WJ9EYH2OIE_chipid7573.tiff,NORTH EAST DRY
NLNY1GVCCR_chipid6305.tiff,NORTH EAST DRY
WAGBII1GD5_chipid3652.tiff,WESTERN TRANSITION
YEM9AK093C_chipid4373.tiff,NORTH EAST DRY
QCVO059YBD_chipid471.tiff,SOUTHERN DRY
ZIYV1Q173U_chipid7060.tiff,NORTHERN DRY
CAQQ4YXQRQ_chipid4791.tiff,NORTH EAST DRY
F6BYYMA16Z_chipid6709.tiff,CENTRAL DRY
66ZDBDITJH_chipid2112.tiff,EASTERN DRY
4JD5YFRTFE_chipid2740.tiff,SOUTHERN TRANSITION
XOSW51STNB_chipid7352.tiff,SOUTHERN TRANSITION
ZI97T7KP4P_chipid5501.tiff,COASTAL
A5FDTHZZJN_chipid2442.tiff,EASTERN DRY
JEUOF9XK4F_chipid5932.tiff,NORTHERN DRY
F24X3TT6IP_chipid1843.tiff,CENTRAL DRY
RFBY1M7MTQ_chipid4022.tiff,SOUTHERN TRANSITION
59675KIAO7_chipid2337.tiff,CENTRAL DRY
D1FFU9MM3K_chipid3676.tiff,WESTERN TRANSITION
Y9DEBK3KHT_chipid6804.tiff,NORTHERN DRY
2NUGHRG754_chipid4116.tiff,CENTRAL DRY
C80FG26UY8_chipid6180.tiff,COASTAL
ET6A09LDDF_chipid356.tiff,SOUTHERN TRANSITION
DSFJ2YOZ4N_chipid2955.tiff,CENTRAL DRY
EG2YNL6U2C_chipid1540.tiff,CENTRAL DRY
4YELJGL4N3_chipid2650.tiff,EASTERN DRY
GTS22CW64N_chipid7889.tiff,NORTHERN DRY
8NXUSGT5L8_chipid4100.tiff,CENTRAL DRY
Q5DK7YSY9B_chipid2874.tiff,CENTRAL DRY
QV8ADIO9L6_chipid7265.tiff,NORTHERN DRY
PHUJQ312R3_chipid1899.tiff,EASTERN DRY
ROUM95P1CX_chipid7001.tiff,NORTH EAST DRY
WVJWF05A0V_chipid2670.tiff,EASTERN DRY
B3YJMZWJY5_chipid6518.tiff,NORTH EAST DRY
HI27BZTHCN_chipid4567.tiff,NORTH EAST DRY
T6AL7RFHBU_chipid5223.tiff,NORTH EAST DRY
YYB1L2A30W_chipid6402.tiff,COASTAL
IYBQD8YFKL_chipid6327.tiff,NORTH EAST DRY
K126GUGNCF_chipid6358.tiff,NORTH EAST DRY
SQ32F6M1LY_chipid5179.tiff,NORTH EAST DRY
ESNA17O458_chipid2127.tiff,EASTERN DRY
8HV2Q1NM3Q_chipid6153.tiff,COASTAL
40ESPGHY0G_chipid5667.tiff,NORTHERN DRY
DAGIAK4GJR_chipid6530.tiff,CENTRAL DRY
NS1RB2GA6S_chipid7208.tiff,UNKNOWN
8L7UR7PM8Q_chipid5514.tiff,SOUTHERN TRANSITION
69FRU4ZX1O_chipid2868.tiff,CENTRAL DRY
7PACE19SAX_chipid6214.tiff,SOUTHERN DRY
KX1H4XSMVC_chipid7116.tiff,WESTERN TRANSITION
AOSDVALD3C_chipid4111.tiff,CENTRAL DRY
VNG0PIXU6R_chipid4365.tiff,NORTH EAST DRY
9AMYJ8R3XW_chipid1784.tiff,CENTRAL DRY
4BGPK78CMA_chipid8053.tiff,NORTH EAST DRY
ZC35BNFHE7_chipid6697.tiff,CENTRAL DRY
8V1IRYBMNK_chipid6036.tiff,UNKNOWN
DDXSP4PX1O_chipid2132.tiff,EASTERN DRY
9IMQHVI8UC_chipid6223.tiff,SOUTHERN DRY
36AQWMTYOV_chipid2319.tiff,CENTRAL DRY
ZK9MR09Q6Z_chipid516.tiff,EASTERN DRY
WAZNRUY5G1_chipid6702.tiff,CENTRAL DRY
E66XJ47F07_chipid6667.tiff,CENTRAL DRY
4WJEP4EG8H_chipid5241.tiff,NORTH EAST DRY
RLLL3IFKLH_chipid7930.tiff,WESTERN TRANSITION
UAS01Q78IG_chipid5356.tiff,SOUTHERN TRANSITION
QSO94M6WKS_chipid1059.tiff,EASTERN DRY
0U5K0N9I1U_chipid6952.tiff,EASTERN DRY
Z2Y9ZN0UV6_chipid3809.tiff,WESTERN TRANSITION
Z7240EHIAM_chipid5863.tiff,NORTHERN DRY
QVO0T6RU0E_chipid3802.tiff,UNKNOWN
D7CF8PMLEL_chipid1652.tiff,WESTERN TRANSITION
A7HTD5XSXQ_chipid7117.tiff,WESTERN TRANSITION
HU8BO9NC9C_chipid5784.tiff,NORTHERN DRY
V00ZOL6Z9N_chipid946.tiff,EASTERN DRY
VOJ6XYTT4C_chipid2851.tiff,SOUTHERN DRY
IWWYKGML4K_chipid6368.tiff,COASTAL
R5RTUNW7VN_chipid8007.tiff,COASTAL
SU3Q4KFVN1_chipid2107.tiff,EASTERN DRY
1WE6D77WKS_chipid6235.tiff,SOUTHERN DRY
8CQSI5ZEFY_chipid5553.tiff,SOUTHERN TRANSITION
E1E1G0FHIR_chipid335.tiff,SOUTHERN DRY
VAN1269QZC_chipid7090.tiff,WESTERN TRANSITION
AHG0H6NDQ1_chipid3345.tiff,COASTAL
DF3V38BARH_chipid246.tiff,SOUTHERN TRANSITION
SX09ZDG2HA_chipid3813.tiff,WESTERN TRANSITION
V49WJ434Q7_chipid1244.tiff,CENTRAL DRY
4CGUS6Q2KU_chipid2074.tiff,EASTERN DRY
ICANLTLRVK_chipid1595.tiff,CENTRAL DRY
SJD16H5DEA_chipid4644.tiff,NORTH EAST DRY
3YRWYSQ9HH_chipid5443.tiff,SOUTHERN TRANSITION
Z359U5TRXH_chipid6086.tiff,HILL
8TNTC13M77_chipid5155.tiff,NORTH EAST DRY
UAMIRNM5RC_chipid6209.tiff,SOUTHERN DRY
QCW4P6PGBD_chipid3037.tiff,EASTERN DRY
08N6RO0MNC_chipid3921.tiff,UNKNOWN
GKFSWG5HCZ_chipid3839.tiff,CENTRAL DRY
Q1MSQ3S51G_chipid7293.tiff,NORTH EAST DRY
Z9CRLSDKG8_chipid5331.tiff,NORTH EAST DRY
CP12LA814O_chipid4138.tiff,CENTRAL DRY
IDQQN4EW3J_chipid1241.tiff,CENTRAL DRY
WHF87HN8ZS_chipid7094.tiff,WESTERN TRANSITION
DA9Y1S897H_chipid1779.tiff,CENTRAL DRY
CMBYHTXSGT_chipid5035.tiff,NORTH EAST DRY
ZBWMYI5E2J_chipid6.tiff,SOUTHERN TRANSITION
MU7N26YPXN_chipid5691.tiff,NORTHERN DRY
HDYHUILGQ1_chipid707.tiff,EASTERN DRY
MYACMVX05X_chipid922.tiff,EASTERN DRY
NKQ4QCXJVE_chipid7057.tiff,NORTHERN DRY
36943WXOBV_chipid3670.tiff,WESTERN TRANSITION
HM0YHHUMBB_chipid4370.tiff,NORTH EAST DRY
LVUOY9YUHU_chipid639.tiff,EASTERN DRY
FED6XTWOQ5_chipid7359.tiff,SOUTHERN TRANSITION
J5QV44US78_chipid7927.tiff,NORTHERN DRY
UXOB82IN95_chipid6125.tiff,HILL
P8B9PKIXB2_chipid3095.tiff,CENTRAL DRY
4NYNLZ4TG1_chipid130.tiff,SOUTHERN TRANSITION
TLJ0KJZL8S_chipid4947.tiff,COASTAL
M2KXQLM3U8_chipid1876.tiff,CENTRAL DRY
4BPLU0HRAT_chipid1775.tiff,CENTRAL DRY
RGSWL5HAVM_chipid224.tiff,SOUTHERN TRANSITION
ZDLZSENJAK_chipid6210.tiff,SOUTHERN DRY
QJFC445DXY_chipid3030.tiff,EASTERN DRY
RYHRI0Q0FE_chipid7190.tiff,CENTRAL DRY
Q6PGKFMT5R_chipid3306.tiff,COASTAL
MKVOU80W64_chipid8013.tiff,COASTAL
381MX7A8HC_chipid6841.tiff,SOUTHERN TRANSITION
U4ZJ5Z9ZW3_chipid5459.tiff,COASTAL
XA0ZDKAXMD_chipid4581.tiff,NORTH EAST DRY
N3MXGRCJ3S_chipid960.tiff,EASTERN DRY
FW6TIC47HH_chipid2407.tiff,SOUTHERN TRANSITION
12HZDKCGU4_chipid2187.tiff,EASTERN DRY
XRD46EU7SY_chipid7161.tiff,COASTAL
JOV0BXBDE0_chipid1067.tiff,EASTERN DRY
GCF3SS5H98_chipid4284.tiff,SOUTHERN TRANSITION
X2A96K745R_chipid7025.tiff,CENTRAL DRY
VGP4WFU6XB_chipid1523.tiff,CENTRAL DRY
4L5T3GZXAP_chipid5704.tiff,NORTHERN DRY
G4G74KOO7K_chipid282.tiff,SOUTHERN DRY
4PUYOS9Q3U_chipid4226.tiff,SOUTHERN TRANSITION
YZROZQVVXP_chipid4872.tiff,COASTAL
1NQFBU6YX4_chipid4276.tiff,SOUTHERN TRANSITION
5QEO7PDXXW_chipid2853.tiff,SOUTHERN DRY
NN78J4A26C_chipid2585.tiff,SOUTHERN TRANSITION
6Q4I40ZB5I_chipid4253.tiff,SOUTHERN TRANSITION
QNRLGXD25E_chipid1361.tiff,CENTRAL DRY
PZ63EDCGA7_chipid3983.tiff,SOUTHERN TRANSITION
RZOMREU51N_chipid7947.tiff,WESTERN TRANSITION
WI52WO3FO9_chipid6628.tiff,CENTRAL DRY
W13HE4V862_chipid3569.tiff,COASTAL
G46M2G6NWY_chipid1053.tiff,EASTERN DRY
GH2EDUUQJE_chipid7693.tiff,COASTAL
32U2CLA9QD_chipid7810.tiff,COASTAL
UHO58RGDPA_chipid1780.tiff,CENTRAL DRY
CFV5KPNRKJ_chipid1022.tiff,EASTERN DRY
EGSLDW37Z6_chipid1987.tiff,EASTERN DRY
OCRL9JITBX_chipid5457.tiff,SOUTHERN TRANSITION
5LNBUKNMPA_chipid49.tiff,SOUTHERN TRANSITION
1CC790M45C_chipid755.tiff,EASTERN DRY
DY741FLJQB_chipid4852.tiff,COASTAL
S01N7HBG1U_chipid535.tiff,SOUTHERN DRY
J130M7GN8G_chipid1423.tiff,CENTRAL DRY
K5F3TPR4A2_chipid5476.tiff,COASTAL
P1ZRNWNLE9_chipid4303.tiff,NORTH EAST DRY
77KY2OU6T0_chipid5764.tiff,NORTHERN DRY
MGMMHYWRX8_chipid5755.tiff,NORTHERN DRY
142PTO95YN_chipid7231.tiff,UNKNOWN
FT3XI16UG1_chipid6451.tiff,SOUTHERN DRY
S6DXVQEPFC_chipid7568.tiff,NORTH EAST DRY
66YLGNEOQ4_chipid1530.tiff,CENTRAL DRY
RXMV3BAJ87_chipid7800.tiff,COASTAL
8PKHHF4GE2_chipid5176.tiff,NORTH EAST DRY
72NJ2XC4OW_chipid4889.tiff,COASTAL
JVBLWO8CSF_chipid3355.tiff,COASTAL
VCEQOK0F3Z_chipid7950.tiff,UNKNOWN
PLGBIHV2XY_chipid5466.tiff,COASTAL
9SWN4Z3YRM_chipid6089.tiff,HILL
FZ92Q4D2HA_chipid4901.tiff,COASTAL
H9X7Q5S2OK_chipid8076.tiff,NORTH EAST DRY
5H1DJ4G7K1_chipid345.tiff,SOUTHERN DRY
VXTM7S0M4M_chipid6011.tiff,UNKNOWN
406TMGFTCM_chipid3382.tiff,COASTAL
FQJ86VFWUC_chipid2296.tiff,SOUTHERN TRANSITION
X3WYDNLYVE_chipid4024.tiff,SOUTHERN TRANSITION
OTS9B4B5IH_chipid964.tiff,EASTERN DRY
URPF5QTYOU_chipid4860.tiff,COASTAL
LR1QMGN8TY_chipid6062.tiff,HILL
ECX9Z7IVEU_chipid1016.tiff,EASTERN DRY
PQZ8PTIZCA_chipid5583.tiff,SOUTHERN TRANSITION
H9VO0GMRBS_chipid1930.tiff,EASTERN DRY
MMXF24AOJ5_chipid3958.tiff,CENTRAL DRY
BD1BLTGYVR_chipid447.tiff,SOUTHERN DRY
XIXLC9BJO5_chipid5881.tiff,NORTHERN DRY
Y5IIHIE6HJ_chipid4185.tiff,CENTRAL DRY
7NS0J6NPO2_chipid2302.tiff,CENTRAL DRY
EU3CW7GKD8_chipid3515.tiff,COASTAL
53MBG17W36_chipid2856.tiff,SOUTHERN DRY
M1IKDIZECZ_chipid2675.tiff,EASTERN DRY
U8ZDEBW8K2_chipid867.tiff,EASTERN DRY
0F8X0OMWSM_chipid7909.tiff,NORTHERN DRY
JE13AGZSE8_chipid3460.tiff,COASTAL
M1A2OW5M8M_chipid4417.tiff,NORTH EAST DRY
M4B9YLVL4M_chipid1264.tiff,CENTRAL DRY
XJJPXNNZZZ_chipid1844.tiff,CENTRAL DRY
O0I2IRB6VQ_chipid5909.tiff,NORTHERN DRY
7SEYITXK0R_chipid2103.tiff,EASTERN DRY
Y52NLHVJJS_chipid5582.tiff,SOUTHERN TRANSITION
0L3RWH0O83_chipid595.tiff,EASTERN DRY
47O8OQ5S0T_chipid2390.tiff,SOUTHERN TRANSITION
AOSUREO7JM_chipid5753.tiff,NORTHERN DRY
TRWI8HOJ0X_chipid5334.tiff,NORTH EAST DRY
MWQ2ZJIUC7_chipid2147.tiff,EASTERN DRY
9OBBDGTSEA_chipid6627.tiff,CENTRAL DRY
4V8HRXX0XI_chipid5966.tiff,NORTH EAST DRY
OHSKRT7HWP_chipid6677.tiff,CENTRAL DRY
JMDOPTWNMT_chipid3770.tiff,WESTERN TRANSITION
STX7SS7G2Z_chipid317.tiff,SOUTHERN DRY
A5K7M9CZNG_chipid7597.tiff,NORTH EAST DRY
H8DUAK4QVV_chipid1003.tiff,EASTERN DRY
2I6UTU567U_chipid4746.tiff,NORTH EAST DRY
NB9E81JI49_chipid1287.tiff,CENTRAL DRY
3J4Q6SI984_chipid6639.tiff,CENTRAL DRY
MBIJ6V4BHH_chipid4083.tiff,UNKNOWN
7THJS80JNJ_chipid4145.tiff,CENTRAL DRY
2FUSOXPMUS_chipid6528.tiff,NORTH EAST DRY
CDLWIZAF8V_chipid6852.tiff,SOUTHERN TRANSITION
HJPD4T1O7F_chipid2480.tiff,EASTERN DRY
1F8NTCJSJ8_chipid6462.tiff,SOUTHERN DRY
1X12C6ZBIR_chipid7962.tiff,UNKNOWN
T2T8MF9TN4_chipid1609.tiff,CENTRAL DRY
FY0YGVQG59_chipid691.tiff,EASTERN DRY
P2TFVGRSQS_chipid2892.tiff,CENTRAL DRY
X4M0MYZI9Y_chipid4517.tiff,NORTH EAST DRY
WH12VK0H56_chipid1825.tiff,CENTRAL DRY
SUDZY56DBV_chipid3613.tiff,WESTERN TRANSITION
CQZWW5J002_chipid7431.tiff,SOUTHERN TRANSITION
079IATOC97_chipid5563.tiff,SOUTHERN TRANSITION
9D2R6B5O0A_chipid5027.tiff,NORTH EAST DRY
23DVYUVI8G_chipid1184.tiff,CENTRAL DRY
RDAKR6VEQU_chipid4322.tiff,NORTH EAST DRY
YXRAD6RF9O_chipid7595.tiff,NORTH EAST DRY
6C4KMYSOH0_chipid4363.tiff,NORTH EAST DRY
SPUCAL1QJ1_chipid1319.tiff,CENTRAL DRY
WW2QK19MGB_chipid455.tiff,SOUTHERN DRY
8LQXG7IIEQ_chipid2259.tiff,SOUTHERN TRANSITION
PUJ79WC3WM_chipid4799.tiff,COASTAL
P8FZPQIR3M_chipid3729.tiff,WESTERN TRANSITION
OD27WVC66X_chipid791.tiff,EASTERN DRY
Y3G84SPV0Z_chipid5511.tiff,SOUTHERN TRANSITION
2BS4PKIH7X_chipid2521.tiff,UNKNOWN
EID64SMUIW_chipid182.tiff,SOUTHERN TRANSITION
WB587QPK6A_chipid7479.tiff,CENTRAL DRY
8TODXMBGNC_chipid3568.tiff,COASTAL
XBT6WSDR5U_chipid6026.tiff,UNKNOWN
9Y2SJMWBX5_chipid1455.tiff,CENTRAL DRY
ZJUGV73EV2_chipid3938.tiff,CENTRAL DRY
93C1K5XTHD_chipid2931.tiff,CENTRAL DRY
Q35MICOQZJ_chipid2678.tiff,CENTRAL DRY
7OHBVOX0T5_chipid6741.tiff,CENTRAL DRY
79PYLYDZA7_chipid2447.tiff,EASTERN DRY
GOR9JGHRHK_chipid5051.tiff,NORTH EAST DRY
MBHRH10FBS_chipid7832.tiff,COASTAL
LI5UDZH41R_chipid3019.tiff,EASTERN DRY
2SPQHCIRMN_chipid2025.tiff,EASTERN DRY
QB46MY85NJ_chipid3406.tiff,CENTRAL DRY
UTS05EV1DJ_chipid1884.tiff,CENTRAL DRY
7HO6GT0569_chipid4389.tiff,NORTH EAST DRY
Y4LCH4VQ63_chipid6266.tiff,NORTH EAST DRY
F9XZBO7MD0_chipid4457.tiff,NORTH EAST DRY
ZDHGR3IQAG_chipid1355.tiff,CENTRAL DRY
LVPJQWH475_chipid798.tiff,EASTERN DRY
DXU53E5Z3P_chipid3638.tiff,WESTERN TRANSITION
QD2DAOJVJM_chipid2106.tiff,EASTERN DRY
E235R5RPST_chipid3189.tiff,SOUTHERN DRY
2HL6FHW0KI_chipid1344.tiff,CENTRAL DRY
8KZFDIURJM_chipid4540.tiff,NORTH EAST DRY
5AOFHMUGWN_chipid560.tiff,SOUTHERN DRY
ZTJ8PU2RZ4_chipid7802.tiff,COASTAL
EM4E3EXXDZ_chipid7195.tiff,CENTRAL DRY
UPR97HJAP0_chipid457.tiff,SOUTHERN DRY
1IW22VC3E2_chipid5017.tiff,HILL
ZN4LA6BMGQ_chipid293.tiff,SOUTHERN DRY
WFAJ10DC6X_chipid1961.tiff,EASTERN DRY
WGHX618M7E_chipid646.tiff,EASTERN DRY
43DP5DIBTR_chipid1935.tiff,EASTERN DRY
X7DMQ43OMO_chipid2947.tiff,CENTRAL DRY
35SQLGK5EW_chipid3630.tiff,WESTERN TRANSITION
QNGYV4PDMR_chipid3570.tiff,COASTAL
48QX83MN9T_chipid4945.tiff,COASTAL
4G916OKZZH_chipid3185.tiff,SOUTHERN DRY
VIKG8RD026_chipid1316.tiff,CENTRAL DRY
96G8BGVPPN_chipid4390.tiff,NORTH EAST DRY
LJ45TJ4GKL_chipid7710.tiff,COASTAL
XCD1CQLHC7_chipid650.tiff,EASTERN DRY
1KBNFPQ5ER_chipid2953.tiff,CENTRAL DRY
FHIL6O73UJ_chipid6475.tiff,NORTH EAST DRY
3U4EWDHNGV_chipid7663.tiff,CENTRAL DRY
NUZD01PQAW_chipid6814.tiff,NORTHERN DRY
P3517T1GFY_chipid7885.tiff,NORTHERN DRY
XU8PZWN164_chipid5540.tiff,SOUTHERN TRANSITION
359J9TMM7Q_chipid6352.tiff,NORTH EAST DRY
L4MAO19RVD_chipid4857.tiff,COASTAL
V5RKVZQB6O_chipid6163.tiff,COASTAL
RQS7GCT7G2_chipid1097.tiff,EASTERN DRY
EYPDBA5VSK_chipid1820.tiff,CENTRAL DRY
RD3BPBVDP7_chipid6328.tiff,NORTH EAST DRY
QN20KZV16N_chipid1922.tiff,EASTERN DRY
5GRQ7KG0IH_chipid2424.tiff,EASTERN DRY
4J13VLMPAB_chipid4032.tiff,SOUTHERN DRY
3TYG1X50FG_chipid8052.tiff,NORTH EAST DRY
WTT03UUR2Q_chipid1552.tiff,CENTRAL DRY
6JW2KU1E5C_chipid4055.tiff,SOUTHERN DRY
DP6B2SK0E1_chipid113.tiff,SOUTHERN TRANSITION
22DQP846UZ_chipid1324.tiff,CENTRAL DRY
NKXPYVIFKR_chipid6488.tiff,NORTH EAST DRY
7RSOQA1STA_chipid1797.tiff,CENTRAL DRY
016XHKJWYE_chipid5187.tiff,NORTH EAST DRY
EPNDKVZN4H_chipid1454.tiff,CENTRAL DRY
0N5FVODRIK_chipid5384.tiff,SOUTHERN TRANSITION
8QQ7B7DCS6_chipid5570.tiff,SOUTHERN TRANSITION
X91I4Y9EAT_chipid3200.tiff,COASTAL
0VW203N9H7_chipid5271.tiff,NORTH EAST DRY
91UHG3UQZV_chipid1038.tiff,EASTERN DRY
1OHXWFRTLE_chipid4076.tiff,SOUTHERN DRY
PZVQZC2S1G_chipid5323.tiff,NORTH EAST DRY
KECTJUIO25_chipid4928.tiff,COASTAL
015OBF4MZN_chipid2134.tiff,EASTERN DRY
BWON1E5ULB_chipid4008.tiff,SOUTHERN TRANSITION
MTGORNN505_chipid7277.tiff,NORTHERN DRY
LDZODBKK4D_chipid4512.tiff,NORTH EAST DRY
3M01AIXB1X_chipid7954.tiff,UNKNOWN
209L81A6M9_chipid1063.tiff,EASTERN DRY
7SW7MVCKHI_chipid4537.tiff,NORTH EAST DRY
55IXLC5YQ2_chipid1676.tiff,NORTH EAST DRY
DBHD770LUW_chipid2601.tiff,SOUTHERN TRANSITION
JBNPCYX34Y_chipid2159.tiff,EASTERN DRY
IRYYH03IPG_chipid6483.tiff,NORTH EAST DRY
DOVKVHL5EO_chipid4119.tiff,CENTRAL DRY
DJXIS4I1J6_chipid697.tiff,EASTERN DRY
H8HD5F8XZP_chipid89.tiff,SOUTHERN TRANSITION
LDHWD6MBV4_chipid2611.tiff,SOUTHERN TRANSITION
744YNAX8OB_chipid7313.tiff,NORTH EAST DRY
PKF00T6U73_chipid6997.tiff,EASTERN DRY
GR5QVLHP9K_chipid852.tiff,EASTERN DRY
F1C1F2KOXQ_chipid6742.tiff,UNKNOWN
G25B1RGDUU_chipid2730.tiff,CENTRAL DRY
PGAJZY3ZGK_chipid7870.tiff,NORTHERN DRY
8CU07RGZOZ_chipid5127.tiff,NORTH EAST DRY
PA25ZV38GS_chipid3560.tiff,COASTAL
A6RQEZGRRC_chipid5946.tiff,NORTHERN DRY
HWIHZL06UW_chipid1037.tiff,EASTERN DRY
CAQ352ATQH_chipid5805.tiff,NORTHERN DRY
74LTWICLM3_chipid5118.tiff,NORTH EAST DRY
5LRUUGVZHP_chipid3775.tiff,UNKNOWN
DI4TG65PBT_chipid1921.tiff,EASTERN DRY
B9OXA1SS95_chipid7100.tiff,WESTERN TRANSITION
6O9A5S6I6D_chipid7572.tiff,NORTH EAST DRY
IJY12OH39H_chipid742.tiff,EASTERN DRY
UYMBKU3FSL_chipid2096.tiff,EASTERN DRY
QPP5YXBX8B_chipid3727.tiff,WESTERN TRANSITION
XSRTS0N8AU_chipid1198.tiff,CENTRAL DRY
J5132ZTH5Z_chipid5094.tiff,NORTH EAST DRY
MWRB7H1TUJ_chipid6562.tiff,CENTRAL DRY
42HSZNEA87_chipid4907.tiff,COASTAL
ZY4GTUM2P5_chipid7657.tiff,CENTRAL DRY
SDF8KUVMNE_chipid894.tiff,UNKNOWN
Q5I6O39Y40_chipid787.tiff,EASTERN DRY
RFC2H2ZHER_chipid4506.tiff,NORTH EAST DRY
EAJ5AT3L87_chipid2323.tiff,CENTRAL DRY
22QFXITLZF_chipid2497.tiff,CENTRAL DRY
E5L9VUT6X3_chipid2129.tiff,EASTERN DRY
9M9POPBVU0_chipid1527.tiff,CENTRAL DRY
1P890D9VOR_chipid1144.tiff,CENTRAL DRY
K049U3Q6U1_chipid4243.tiff,SOUTHERN TRANSITION
YDLUPKDKS4_chipid3740.tiff,WESTERN TRANSITION
SH24D3RC11_chipid1864.tiff,CENTRAL DRY
2EP9JFYG6Y_chipid7547.tiff,NORTHERN DRY
NOULU872VG_chipid2065.tiff,EASTERN DRY
IM13CSLVBC_chipid2826.tiff,SOUTHERN DRY
SGBP0EGA43_chipid581.tiff,EASTERN DRY
MB6Y49JZNM_chipid7009.tiff,UNKNOWN
NOBDSFRXMV_chipid5184.tiff,NORTH EAST DRY
Z932Z22HCY_chipid6211.tiff,SOUTHERN DRY
WPKN165F03_chipid1879.tiff,CENTRAL DRY
IQD1A18JTJ_chipid730.tiff,EASTERN DRY
TH8WI4TQT0_chipid5957.tiff,NORTH EAST DRY
A5RD6TUSIR_chipid7157.tiff,COASTAL
56NMBCMVAC_chipid5411.tiff,SOUTHERN TRANSITION
3V888SKIH3_chipid3750.tiff,WESTERN TRANSITION
9Y7FHKODQS_chipid1816.tiff,CENTRAL DRY
NPADIPLM03_chipid4501.tiff,NORTH EAST DRY
H32ATW2MJK_chipid7827.tiff,COASTAL
JK3Y40EAPZ_chipid1774.tiff,CENTRAL DRY
ATKQ4CE0Z9_chipid1219.tiff,CENTRAL DRY
6NTTHR3N10_chipid1998.tiff,EASTERN DRY
DHLUBSVZU8_chipid699.tiff,EASTERN DRY
PC92WSKRP8_chipid295.tiff,SOUTHERN DRY
H0PS017ZT1_chipid6206.tiff,COASTAL
QY42DUJPUB_chipid7361.tiff,SOUTHERN TRANSITION
7LBMZ60BBP_chipid2505.tiff,CENTRAL DRY
SQKDEEU4NQ_chipid1282.tiff,CENTRAL DRY
1431OOGYFS_chipid4392.tiff,NORTH EAST DRY
0PY3R6YU5I_chipid3375.tiff,COASTAL
8B2WMLVLEJ_chipid491.tiff,UNKNOWN
EMOMD42NUJ_chipid1910.tiff,EASTERN DRY
SNHH7E4IWS_chipid2751.tiff,SOUTHERN TRANSITION
4VG1EOWIOQ_chipid6326.tiff,NORTH EAST DRY
MH3GNEZOE7_chipid3757.tiff,WESTERN TRANSITION
3B9XY2S46A_chipid3605.tiff,COASTAL
EVXGS9WSOR_chipid410.tiff,SOUTHERN DRY
4FSG5YTM2N_chipid5804.tiff,NORTHERN DRY
OYHRIMPM2B_chipid6700.tiff,CENTRAL DRY
7WCJUOVBNG_chipid4534.tiff,NORTH EAST DRY
JDDQEDQDPZ_chipid6545.tiff,CENTRAL DRY
ECB1VEAPDP_chipid8050.tiff,NORTH EAST DRY
DK2B3CNR1L_chipid1077.tiff,EASTERN DRY
RLIJ1ZJSS0_chipid529.tiff,SOUTHERN DRY
D6XOAR9O41_chipid4214.tiff,SOUTHERN TRANSITION
VLHH7TH550_chipid5226.tiff,NORTH EAST DRY
JVDG59TOOW_chipid4305.tiff,NORTH EAST DRY
VZWEPGQ951_chipid3150.tiff,SOUTHERN DRY
SBR469B2FD_chipid4951.tiff,COASTAL
RCVWXTD1A3_chipid3874.tiff,UNKNOWN
BBP2L7FJH4_chipid1968.tiff,EASTERN DRY
8YG0ZGDZDC_chipid7922.tiff,NORTHERN DRY
BQ44XOIDPQ_chipid302.tiff,SOUTHERN DRY
SHX2Y3JPOH_chipid1999.tiff,EASTERN DRY
RT9IFAKMZF_chipid6020.tiff,UNKNOWN
QN59IISSMB_chipid1293.tiff,CENTRAL DRY
I2W1UW30PG_chipid1135.tiff,CENTRAL DRY
SBVPX3O45U_chipid157.tiff,SOUTHERN TRANSITION
DOY0HN3T8H_chipid1950.tiff,EASTERN DRY
B1Q1J6UTC8_chipid484.tiff,SOUTHERN DRY
K5OG36L7FU_chipid2165.tiff,EASTERN DRY
RPXDSBRZIF_chipid4396.tiff,NORTH EAST DRY
6NC46U18P3_chipid7757.tiff,NORTH EAST DRY
G6D6OAM042_chipid1459.tiff,CENTRAL DRY
XHGAU883CK_chipid6274.tiff,NORTH EAST DRY
E4JOK2LK0G_chipid6621.tiff,CENTRAL DRY
QSVPW138Y8_chipid5711.tiff,NORTHERN DRY
WHGRQLBIJJ_chipid4762.tiff,NORTH EAST DRY
3D8AR5JKNT_chipid2996.tiff,EASTERN DRY
AJ8DD06O8H_chipid4550.tiff,NORTH EAST DRY
QSE9QMCAYV_chipid33.tiff,SOUTHERN TRANSITION
6D7CMTY0IB_chipid2020.tiff,EASTERN DRY
3LORMF2C2O_chipid618.tiff,EASTERN DRY
MJH9COPBUW_chipid4638.tiff,NORTH EAST DRY
WAX9YCAGUG_chipid5135.tiff,NORTH EAST DRY
XY4HD1E46G_chipid4478.tiff,NORTH EAST DRY
HG6X2OPSJD_chipid3930.tiff,UNKNOWN
Z5CXJ8SMOU_chipid1519.tiff,CENTRAL DRY
YSE0TAXZGM_chipid4397.tiff,NORTH EAST DRY
YV0ZHZSNJG_chipid6638.tiff,CENTRAL DRY
FLZTX769V4_chipid124.tiff,SOUTHERN TRANSITION
YGQK48336O_chipid5826.tiff,NORTHERN DRY
ICHGSCAYAP_chipid7500.tiff,NORTHERN DRY
VUI6Z8KRDL_chipid666.tiff,EASTERN DRY
5ASWQBLFCC_chipid6830.tiff,SOUTHERN TRANSITION
083PKFV1LK_chipid543.tiff,SOUTHERN DRY
8534KN4Z9V_chipid4503.tiff,NORTH EAST DRY
JK8VEK1HCN_chipid7970.tiff,WESTERN TRANSITION
3SMBEOR07M_chipid7238.tiff,NORTHERN DRY
VG7F3EEN10_chipid1613.tiff,CENTRAL DRY
ATDMLIZ970_chipid5101.tiff,NORTH EAST DRY
GMILNDHA92_chipid7234.tiff,NORTHERN DRY
KYY6SNIT3A_chipid1436.tiff,CENTRAL DRY
DE4XSBNPU0_chipid6942.tiff,SOUTHERN TRANSITION
65O8YIVP07_chipid1236.tiff,CENTRAL DRY
JFZHAJWV6F_chipid5090.tiff,NORTH EAST DRY
RSM6XN6K96_chipid5362.tiff,SOUTHERN TRANSITION
OV3GGL8C2Q_chipid446.tiff,SOUTHERN DRY
QG43ZKNPU5_chipid2262.tiff,SOUTHERN TRANSITION
ACTAZC8CFJ_chipid7174.tiff,UNKNOWN
8AF0CVK92T_chipid5698.tiff,NORTHERN DRY
FS0ZYOW51P_chipid3452.tiff,COASTAL
QD51BIM844_chipid4290.tiff,SOUTHERN TRANSITION
LDRGYUBOWI_chipid2708.tiff,CENTRAL DRY
YO67GPVO9G_chipid1203.tiff,CENTRAL DRY
4GAFXM1QSN_chipid4309.tiff,NORTH EAST DRY
2O2IN2YZHP_chipid3804.tiff,WESTERN TRANSITION
5KHFXPZJI5_chipid5083.tiff,NORTH EAST DRY
HG66BVE20S_chipid4034.tiff,SOUTHERN DRY
8AOO74VUWI_chipid4427.tiff,NORTH EAST DRY
0FXY0N7LQZ_chipid4378.tiff,NORTH EAST DRY
U3R6E4LLAN_chipid3872.tiff,CENTRAL DRY
M83JR1X98T_chipid5591.tiff,SOUTHERN TRANSITION
S7F3G0B2IY_chipid7047.tiff,NORTHERN DRY
O5M3IUA5QE_chipid774.tiff,EASTERN DRY
VKCZN7T6AZ_chipid781.tiff,EASTERN DRY
9B92FHP9E3_chipid2502.tiff,CENTRAL DRY
GQPGGVA097_chipid4980.tiff,HILL
1A8SIC5MV1_chipid6632.tiff,CENTRAL DRY
OKEXBN8TQF_chipid2079.tiff,EASTERN DRY
9CO22IW3PM_chipid2692.tiff,CENTRAL DRY
H1OBPS93K8_chipid1472.tiff,CENTRAL DRY
K0X5IF23TF_chipid2494.tiff,EASTERN DRY
HYRU4CGCG7_chipid4036.tiff,SOUTHERN DRY
3KW63PS76C_chipid6652.tiff,CENTRAL DRY
U0RMUWTFBM_chipid1920.tiff,EASTERN DRY
0J0P3UW2WZ_chipid342.tiff,SOUTHERN DRY
5MD4PDLVGK_chipid2146.tiff,EASTERN DRY
RWIW6T6PNK_chipid5928.tiff,NORTHERN DRY
IK1PD643O7_chipid4617.tiff,NORTH EAST DRY
33CLDNZ9TC_chipid8097.tiff,NORTH EAST DRY
CPFUH5U768_chipid6917.tiff,SOUTHERN TRANSITION
W28HTB8WGF_chipid2143.tiff,EASTERN DRY
2Y95F853B5_chipid6247.tiff,SOUTHERN DRY
YVVMIH00K1_chipid1424.tiff,CENTRAL DRY
VIU2HVAQAL_chipid2901.tiff,CENTRAL DRY
FJTW5M7TEF_chipid5348.tiff,NORTH EAST DRY
PY43UYC052_chipid866.tiff,EASTERN DRY
WDXTNXRUSM_chipid715.tiff,EASTERN DRY
J6CZKTVB68_chipid2037.tiff,EASTERN DRY
BE8V7FJ4CD_chipid886.tiff,EASTERN DRY
WWZKJZVZE3_chipid6805.tiff,NORTHERN DRY
41O3N20OWL_chipid2170.tiff,EASTERN DRY
BAC0U4Y24U_chipid6276.tiff,NORTH EAST DRY
4NEHB4L8YF_chipid7659.tiff,CENTRAL DRY
4D8UQFOBUD_chipid1818.tiff,CENTRAL DRY
JY0IYPHU76_chipid1181.tiff,CENTRAL DRY
CAQKS30W50_chipid5781.tiff,NORTHERN DRY
F9CFRN5MG9_chipid5213.tiff,NORTH EAST DRY
OBATMRR70X_chipid6311.tiff,NORTH EAST DRY
BI00BLKV5I_chipid496.tiff,UNKNOWN
A8TUIO1GVY_chipid5123.tiff,NORTH EAST DRY
56KBKG68MY_chipid5586.tiff,SOUTHERN TRANSITION
XK78CASG6L_chipid3582.tiff,COASTAL
31EYG1HEVX_chipid3377.tiff,COASTAL
3NPZMJECO5_chipid4881.tiff,COASTAL
0YD798H42W_chipid4099.tiff,UNKNOWN
3IFPZVM8PN_chipid136.tiff,SOUTHERN TRANSITION
SMU59DPWDP_chipid6409.tiff,COASTAL
FMQNE95HBY_chipid7558.tiff,HILL
MAYFIJWQWV_chipid7027.tiff,UNKNOWN
5ZYHK0AWRA_chipid4059.tiff,SOUTHERN DRY
OARAHNIA8X_chipid5367.tiff,SOUTHERN TRANSITION
07LFKRQCC6_chipid2310.tiff,CENTRAL DRY
9RE6DQJCME_chipid1052.tiff,EASTERN DRY
RVWOPIU7YU_chipid6201.tiff,COASTAL
F1D91OUDTL_chipid6105.tiff,HILL
TLO1MWJRIT_chipid2547.tiff,WESTERN TRANSITION
Q8QRJNXK1Y_chipid5689.tiff,NORTHERN DRY
Y3LDBO3EJR_chipid621.tiff,EASTERN DRY
081ARZOWI5_chipid330.tiff,SOUTHERN DRY
H8JQMO5YSY_chipid6959.tiff,EASTERN DRY
8CRYYF3AXG_chipid6417.tiff,COASTAL
J3DTAKLFJT_chipid2749.tiff,SOUTHERN TRANSITION
0NO0M8TUY4_chipid4129.tiff,CENTRAL DRY
CIJB7HAK3G_chipid6771.tiff,UNKNOWN
NMBMNS9I0J_chipid2593.tiff,SOUTHERN TRANSITION
AWV8KOI209_chipid431.tiff,SOUTHERN DRY
JHTKUQSFUZ_chipid7895.tiff,NORTHERN DRY
5UXBEQB19T_chipid5823.tiff,NORTHERN DRY
9927683T0P_chipid344.tiff,SOUTHERN DRY
5QQN0KWN6Y_chipid1758.tiff,CENTRAL DRY
IOFSPUONLY_chipid6732.tiff,UNKNOWN
E8E2ZPMYDV_chipid6729.tiff,CENTRAL DRY
JY18Y0VROH_chipid6779.tiff,CENTRAL DRY
4FHFP3K2A6_chipid2803.tiff,SOUTHERN DRY
0BOWJ5K5AJ_chipid1989.tiff,EASTERN DRY
WYP3PSMRBQ_chipid5425.tiff,SOUTHERN TRANSITION
VDB7IA3PSW_chipid3273.tiff,CENTRAL DRY
WASL8NPEDC_chipid3263.tiff,CENTRAL DRY
VD01DG7ZDK_chipid6077.tiff,HILL
90FSY2PKAZ_chipid2496.tiff,EASTERN DRY
TKKC57L8Q1_chipid361.tiff,SOUTHERN TRANSITION
1Q9WIM7ZML_chipid6393.tiff,COASTAL
KCJF1CGR3P_chipid6651.tiff,CENTRAL DRY
K1SC4D8DOT_chipid8001.tiff,COASTAL
17YCEWLJKR_chipid3848.tiff,CENTRAL DRY
620MSBTISL_chipid1764.tiff,CENTRAL DRY
ESLRW1X5M4_chipid4557.tiff,NORTH EAST DRY
E07TK3VK36_chipid7730.tiff,COASTAL
MP02I6WDV1_chipid2511.tiff,CENTRAL DRY
18CUII9XZA_chipid1155.tiff,CENTRAL DRY
LFLH0MU9Y4_chipid3368.tiff,COASTAL
IL9QZAISF6_chipid3140.tiff,CENTRAL DRY
X8ETB6JD2W_chipid5151.tiff,NORTH EAST DRY
SOB5MBLYUG_chipid6177.tiff,COASTAL
MMFIIW812T_chipid5025.tiff,NORTH EAST DRY
C6FNN04OVD_chipid27.tiff,SOUTHERN TRANSITION
FUY21NSQGU_chipid7587.tiff,NORTH EAST DRY
Z0YBG8GR45_chipid7720.tiff,COASTAL
U9THI3JQFS_chipid1060.tiff,UNKNOWN
GOH5PHV15B_chipid2332.tiff,CENTRAL DRY
68BNEW9ITD_chipid1851.tiff,CENTRAL DRY
SM22CJJBQQ_chipid4990.tiff,HILL
RQWYZOOTTM_chipid738.tiff,EASTERN DRY
5NKLY6SUT8_chipid1691.tiff,NORTH EAST DRY
VQNH1PUQYZ_chipid3550.tiff,COASTAL
MKCQ5L8PTC_chipid1837.tiff,CENTRAL DRY
XFL00G6K0I_chipid7557.tiff,HILL
MDRURJAIXC_chipid1161.tiff,CENTRAL DRY
METCGBZZTH_chipid542.tiff,SOUTHERN DRY
96SZPKGOFI_chipid7016.tiff,UNKNOWN
CBKSQM52FN_chipid5183.tiff,NORTH EAST DRY
2B9LY8R9KN_chipid672.tiff,EASTERN DRY
VBMV8PKP3N_chipid6064.tiff,HILL
OLBKNDGXVY_chipid6970.tiff,EASTERN DRY
MSZNVST6KU_chipid6143.tiff,HILL
RKCK8Z7GSS_chipid7660.tiff,CENTRAL DRY
P4VOBUS04Z_chipid2673.tiff,EASTERN DRY
W9DMCZJJ34_chipid2072.tiff,EASTERN DRY
72L3O0QTWN_chipid5873.tiff,NORTHERN DRY
4X6ZZNSB76_chipid6883.tiff,SOUTHERN TRANSITION
QIUJTBZVWI_chipid3080.tiff,CENTRAL DRY
2N148ZJW01_chipid3479.tiff,COASTAL
URLC470PL3_chipid1964.tiff,EASTERN DRY
JJJTU0JAPL_chipid2994.tiff,EASTERN DRY
IUWKZNDTEI_chipid4426.tiff,NORTH EAST DRY
CB0D7GRA29_chipid911.tiff,EASTERN DRY
6H1TD6JRDU_chipid2420.tiff,EASTERN DRY
6GQ1GJ20PV_chipid4988.tiff,HILL
UBY01G1VI6_chipid7539.tiff,NORTHERN DRY
13SJN3UQZN_chipid8049.tiff,NORTH EAST DRY
CHH4USFQJF_chipid1191.tiff,CENTRAL DRY
YQ5CCOBZKJ_chipid4133.tiff,CENTRAL DRY
QX06YYTY3T_chipid2806.tiff,SOUTHERN DRY
OFHME8SXPB_chipid3361.tiff,COASTAL
J951TOE5KH_chipid3325.tiff,COASTAL
YR69ZGXXRA_chipid1214.tiff,CENTRAL DRY
DWGXB9SP0X_chipid4416.tiff,NORTH EAST DRY
3KFF2K3SIT_chipid3514.tiff,COASTAL
XKUHD9K9LW_chipid3988.tiff,SOUTHERN TRANSITION
3WZZMY4DO0_chipid1242.tiff,CENTRAL DRY
UIGEV8U4KB_chipid2590.tiff,SOUTHERN TRANSITION
P6UBU86DVG_chipid4049.tiff,SOUTHERN DRY
OAQH7GFM55_chipid5354.tiff,SOUTHERN TRANSITION
40NSL7VRH1_chipid7348.tiff,SOUTHERN TRANSITION
V79ISAI8R4_chipid7424.tiff,SOUTHERN TRANSITION
OSKRIKTOI7_chipid982.tiff,EASTERN DRY
HDXESRTFIR_chipid4714.tiff,NORTH EAST DRY
IA099DPIHW_chipid1783.tiff,CENTRAL DRY
ON1K6ITGU7_chipid18.tiff,SOUTHERN TRANSITION
2BCLJH4V2J_chipid4010.tiff,SOUTHERN TRANSITION
WFUABKWE8K_chipid1819.tiff,CENTRAL DRY
S6WJVP8K4Z_chipid371.tiff,SOUTHERN TRANSITION
JOBQJEPTAP_chipid222.tiff,SOUTHERN TRANSITION
4PGPTOHTUX_chipid2203.tiff,EASTERN DRY
VBQ1B8C8PM_chipid1687.tiff,NORTH EAST DRY
1558OOCBY3_chipid7228.tiff,UNKNOWN
S3XTG1X2AO_chipid2149.tiff,EASTERN DRY
3BQEIG8ZKB_chipid4516.tiff,NORTH EAST DRY
K7GALQR6VH_chipid2529.tiff,NORTH EAST DRY
4T7ZLDW86P_chipid2992.tiff,CENTRAL DRY
LMGYDOW57Z_chipid7284.tiff,NORTH EAST DRY
FXLNGN64EF_chipid6799.tiff,NORTHERN DRY
6B2LOEICL9_chipid7700.tiff,COASTAL
N3ZYCIQM58_chipid5299.tiff,NORTH EAST DRY
3I329ZDZIR_chipid331.tiff,SOUTHERN DRY
OJLKSHB967_chipid6846.tiff,NORTH EAST DRY
28YGTWE903_chipid6060.tiff,HILL
PP4SX7ACZI_chipid2530.tiff,COASTAL
YHT6BB1OWY_chipid7722.tiff,COASTAL
JLB333NNGR_chipid3077.tiff,CENTRAL DRY
9P689TRXSE_chipid5252.tiff,NORTH EAST DRY
90F3BDEXTU_chipid6603.tiff,CENTRAL DRY
BIZ40P8EFE_chipid2713.tiff,CENTRAL DRY
FEXGO0YOR9_chipid2921.tiff,CENTRAL DRY
L03BQEKWDG_chipid6229.tiff,SOUTHERN DRY
PX6T6EDJ4F_chipid5969.tiff,NORTH EAST DRY
V6XWPM7OWE_chipid4963.tiff,COASTAL
CGD3B16DYA_chipid4064.tiff,SOUTHERN DRY
J9M6DCEE57_chipid1991.tiff,EASTERN DRY
BEFV4WWQ5U_chipid4662.tiff,NORTH EAST DRY
AFX8ESKU04_chipid760.tiff,EASTERN DRY
BMJPREYGFM_chipid2458.tiff,EASTERN DRY
ZZYX10IC1W_chipid2512.tiff,CENTRAL DRY
M57K462GNE_chipid5113.tiff,NORTH EAST DRY
32CJ6I758S_chipid4470.tiff,NORTH EAST DRY
4WXH2VIGGL_chipid326.tiff,SOUTHERN DRY
VOEFIVQO3C_chipid7187.tiff,UNKNOWN
MG9QS5S1AG_chipid4728.tiff,NORTH EAST DRY
V2I2XMCC10_chipid5581.tiff,SOUTHERN TRANSITION
VYS4KY6S13_chipid785.tiff,EASTERN DRY
1YH93XWTQI_chipid1674.tiff,NORTH EAST DRY
ULIHE5X59P_chipid2281.tiff,SOUTHERN TRANSITION
LXY8K0OJQV_chipid1391.tiff,CENTRAL DRY
A1FOEON5MT_chipid6499.tiff,NORTH EAST DRY
WBRWF2TDEY_chipid5748.tiff,NORTHERN DRY
8M1RK219SH_chipid3950.tiff,CENTRAL DRY
1MTHBOCM7X_chipid5901.tiff,NORTHERN DRY
1UEWDNEOZC_chipid1520.tiff,CENTRAL DRY
FIG3QNL86I_chipid6843.tiff,SOUTHERN TRANSITION
P6VYUR36M2_chipid4921.tiff,COASTAL
JC6UBRIAJ1_chipid2111.tiff,EASTERN DRY
QCBO3L9USU_chipid7457.tiff,CENTRAL DRY
E6YL4NUANX_chipid1080.tiff,EASTERN DRY
EMRZQLHGRG_chipid2516.tiff,UNKNOWN
JYDP61SSPA_chipid7353.tiff,SOUTHERN TRANSITION
GVVKBLV3F8_chipid1741.tiff,CENTRAL DRY
GDWL1EQYTO_chipid420.tiff,SOUTHERN DRY
8QMRMLBB0A_chipid6283.tiff,NORTH EAST DRY
IMIZ55BMTG_chipid6126.tiff,HILL
IA7UT4L6W4_chipid1569.tiff,CENTRAL DRY
7U7X6XDVO0_chipid5915.tiff,NORTHERN DRY
L6RB1XKGNA_chipid5328.tiff,NORTH EAST DRY
1BIG9FOCYU_chipid5106.tiff,NORTH EAST DRY
EO9XCIC3RE_chipid1227.tiff,CENTRAL DRY
K22TUOOG20_chipid4625.tiff,NORTH EAST DRY
UI821SPBDY_chipid2198.tiff,EASTERN DRY
GCGJARSTJO_chipid4065.tiff,SOUTHERN DRY
SE5GUE4OIS_chipid6717.tiff,UNKNOWN
I2WCPYVIM8_chipid3856.tiff,CENTRAL DRY
D8TMNEO7MK_chipid5471.tiff,COASTAL
SJ99KS7TDL_chipid6379.tiff,COASTAL
T4T7SJ9V1N_chipid4689.tiff,NORTH EAST DRY
FPHH0GFHP9_chipid4196.tiff,SOUTHERN TRANSITION
0LXM37VQBQ_chipid4933.tiff,COASTAL
ZP4Z84IF21_chipid6785.tiff,NORTHERN DRY
JXUE2IVFLZ_chipid4760.tiff,NORTH EAST DRY
TSE4WJ8EAG_chipid1478.tiff,CENTRAL DRY
7FMQYNONOL_chipid1957.tiff,EASTERN DRY
F9ET8J1MJK_chipid1721.tiff,CENTRAL DRY
KG0L2QAHZU_chipid4786.tiff,NORTH EAST DRY
TDVVR1O07I_chipid132.tiff,SOUTHERN TRANSITION
PFEVHWAT80_chipid8086.tiff,NORTH EAST DRY
JQ2R5VYSVY_chipid3773.tiff,WESTERN TRANSITION
3BY8C64UVC_chipid5644.tiff,NORTHERN DRY
1Y2LAOXZF3_chipid5036.tiff,NORTH EAST DRY
5ARHJKRUNO_chipid8027.tiff,COASTAL
WV3A289SI1_chipid5588.tiff,SOUTHERN TRANSITION
FOWB94IX66_chipid2956.tiff,CENTRAL DRY
BBBGXPOW4J_chipid7021.tiff,NORTH EAST DRY
41IXWXGJU7_chipid6676.tiff,CENTRAL DRY
WR3WDMEA32_chipid7184.tiff,UNKNOWN
U1DTPIAG69_chipid6335.tiff,NORTH EAST DRY
KIF744ABK9_chipid4613.tiff,NORTH EAST DRY
1NIVTXMF08_chipid5666.tiff,NORTHERN DRY
DO23TNLUH7_chipid3859.tiff,CENTRAL DRY
NSGKPJCSYC_chipid2399.tiff,SOUTHERN TRANSITION
7ULMEBRCR0_chipid7729.tiff,COASTAL
0JHGLD35M6_chipid2899.tiff,CENTRAL DRY
0E9ZLKV8WO_chipid6869.tiff,SOUTHERN TRANSITION
T87SDKHI8H_chipid4413.tiff,NORTH EAST DRY
SRL74H8L6W_chipid2291.tiff,SOUTHERN TRANSITION
EL7S4DNG08_chipid1157.tiff,CENTRAL DRY
7B3RRF8SUD_chipid1406.tiff,CENTRAL DRY
5L7H79D9WQ_chipid1387.tiff,CENTRAL DRY
1B8I1IQVIN_chipid269.tiff,SOUTHERN DRY
LZ43BL5ESF_chipid1139.tiff,CENTRAL DRY
MGR1GJETJ7_chipid1917.tiff,EASTERN DRY
2GT0GD38G6_chipid5985.tiff,NORTH EAST DRY
VPLAEFNQTF_chipid3413.tiff,CENTRAL DRY
IHXQW5MT67_chipid4858.tiff,COASTAL
BQ9T4IYVZY_chipid5285.tiff,NORTH EAST DRY
B6RW5GHK3X_chipid7404.tiff,SOUTHERN TRANSITION
N5I8IQ0501_chipid7099.tiff,WESTERN TRANSITION
ECURYAR75R_chipid5079.tiff,NORTH EAST DRY
FYS9C7U82R_chipid6901.tiff,SOUTHERN TRANSITION
5K6FER7DCL_chipid412.tiff,SOUTHERN DRY
I3AGMFVLXN_chipid3138.tiff,CENTRAL DRY
TJEGR9Z2R3_chipid2439.tiff,EASTERN DRY
362T0WHNBN_chipid6069.tiff,HILL
1TXK1E67UH_chipid5853.tiff,NORTHERN DRY
99FN56VJ2U_chipid4271.tiff,UNKNOWN
3BPD9XWAEM_chipid4300.tiff,NORTH EAST DRY
V14UC3I5X8_chipid2736.tiff,SOUTHERN TRANSITION
AZUJPB3XB0_chipid6581.tiff,CENTRAL DRY
34YOC8QJIH_chipid626.tiff,EASTERN DRY
4RYLJSO7XL_chipid3762.tiff,WESTERN TRANSITION
TM8JOIHSOT_chipid1570.tiff,CENTRAL DRY
92J7OW1VIW_chipid7733.tiff,COASTAL
QG7XOI4JUQ_chipid5577.tiff,SOUTHERN TRANSITION
IDS5ECRJFA_chipid4982.tiff,HILL
E0J8TYM5P3_chipid6175.tiff,COASTAL
GY28I736TA_chipid5640.tiff,SOUTHERN TRANSITION
J08EV3O2QR_chipid6457.tiff,SOUTHERN DRY
Y2X0FRPJSB_chipid3253.tiff,CENTRAL DRY
ISMDXZFQBQ_chipid449.tiff,SOUTHERN DRY
QG4KZMLSVU_chipid1443.tiff,CENTRAL DRY
ARJ4N8ASFS_chipid1314.tiff,CENTRAL DRY
G5NRGR2DRL_chipid4168.tiff,CENTRAL DRY
L7E7EVEP6N_chipid8016.tiff,COASTAL
U5YW24S9TB_chipid2717.tiff,CENTRAL DRY
FOM59UMGY0_chipid312.tiff,SOUTHERN DRY
SQYTCRQN38_chipid991.tiff,EASTERN DRY
POXPQCC8YX_chipid4277.tiff,SOUTHERN TRANSITION
XJB3NXN3GF_chipid7388.tiff,SOUTHERN TRANSITION
FAXYM909DZ_chipid2116.tiff,EASTERN DRY
VGCZ31F1QG_chipid173.tiff,SOUTHERN TRANSITION
CSKG46D420_chipid3694.tiff,WESTERN TRANSITION
ZD95WJMQ5N_chipid1900.tiff,EASTERN DRY
MV4PWQICBX_chipid2108.tiff,EASTERN DRY
CJAPP8FKY5_chipid5924.tiff,NORTHERN DRY
J9VV6V3T12_chipid733.tiff,EASTERN DRY
BA4AL6OM3O_chipid6930.tiff,SOUTHERN TRANSITION
ONEWPNW3XW_chipid6936.tiff,SOUTHERN TRANSITION
XR97B6N0OR_chipid957.tiff,EASTERN DRY
M36X8IL6Y9_chipid1907.tiff,EASTERN DRY
91RCYSLERR_chipid6158.tiff,COASTAL
JPZZU39FLF_chipid2546.tiff,UNKNOWN
TUB61RCTWP_chipid2225.tiff,EASTERN DRY
0E55ZJUUHB_chipid2705.tiff,CENTRAL DRY
DJMXL7KHCP_chipid4619.tiff,NORTH EAST DRY
8KU0M6WV8I_chipid217.tiff,SOUTHERN TRANSITION
THLOK2VPAM_chipid6189.tiff,COASTAL
GP1DZU86KY_chipid7792.tiff,NORTH EAST DRY
PL4ACSXQFZ_chipid451.tiff,SOUTHERN DRY
502HAJWGX9_chipid5298.tiff,NORTH EAST DRY
P7PD7PPX7B_chipid2073.tiff,EASTERN DRY
7TKP8FQG00_chipid5780.tiff,NORTHERN DRY
QGAXRJLB3K_chipid7682.tiff,COASTAL
A1TF7W156P_chipid7106.tiff,WESTERN TRANSITION
12CIGV61VB_chipid7887.tiff,NORTHERN DRY
9A4Q4B3SKV_chipid5349.tiff,SOUTHERN TRANSITION
7F5R97TA2O_chipid2694.tiff,CENTRAL DRY
J5JEL1D9JN_chipid3014.tiff,EASTERN DRY
Q4DDL1AR9F_chipid2402.tiff,SOUTHERN TRANSITION
AOEXJA81KF_chipid2712.tiff,CENTRAL DRY
QZP4V7RYDX_chipid3949.tiff,CENTRAL DRY
X7PFPAQFJN_chipid5984.tiff,NORTH EAST DRY
WED85WNSIV_chipid5152.tiff,NORTH EAST DRY
AJ60RH0ZD4_chipid2633.tiff,SOUTHERN TRANSITION
0LEULILHPM_chipid7772.tiff,NORTH EAST DRY
ILWJK4P7YU_chipid2308.tiff,CENTRAL DRY
3J0WTHLGJG_chipid4474.tiff,NORTH EAST DRY
39CR3VS3KL_chipid7635.tiff,CENTRAL DRY
QVJAM3DWSX_chipid6595.tiff,CENTRAL DRY
T9WOWY7FJU_chipid2097.tiff,EASTERN DRY
K0OFB8XKTT_chipid7341.tiff,NORTH EAST DRY
VA2REXJGXI_chipid1688.tiff,NORTH EAST DRY
CA8ZZ2PK99_chipid7613.tiff,CENTRAL DRY
33FPAMJYT9_chipid706.tiff,EASTERN DRY
MD7XQEIMGA_chipid6345.tiff,NORTH EAST DRY
12E8GX9R9J_chipid7652.tiff,CENTRAL DRY
1V4RKS6SPN_chipid7951.tiff,UNKNOWN
8JUJEI03MP_chipid2018.tiff,EASTERN DRY
8UFM9AIYG6_chipid1345.tiff,CENTRAL DRY
EORAONDTJN_chipid6734.tiff,UNKNOWN
BH7AI1XVQ6_chipid2427.tiff,EASTERN DRY
NY77Q3V7I7_chipid5200.tiff,NORTH EAST DRY
ABMDLNN6HQ_chipid7540.tiff,NORTHERN DRY
E4JNQOID8S_chipid5336.tiff,NORTH EAST DRY
GXRUUNZ4NQ_chipid4900.tiff,COASTAL
QYEKYPIEJ0_chipid5071.tiff,NORTH EAST DRY
K9E5YP5N9P_chipid776.tiff,EASTERN DRY
I5HOCTPEQE_chipid7784.tiff,NORTH EAST DRY
APYHOMY7XT_chipid6007.tiff,UNKNOWN
EX7PG32SIS_chipid7574.tiff,NORTH EAST DRY
M3D43CAKC6_chipid8038.tiff,COASTAL
LZ89ODK9PE_chipid104.tiff,SOUTHERN TRANSITION
UF5DVTVUFT_chipid8094.tiff,NORTH EAST DRY
JZ03B63WK5_chipid629.tiff,EASTERN DRY
ASSBCXDOML_chipid1709.tiff,NORTH EAST DRY
R7B5EFLVBQ_chipid2959.tiff,CENTRAL DRY
9TEX9TYXGO_chipid304.tiff,SOUTHERN DRY
7QA41BZ4T6_chipid3384.tiff,COASTAL
4EKD0F7CLV_chipid6035.tiff,UNKNOWN
SSTDGVK48Q_chipid2686.tiff,CENTRAL DRY
UMTO27UJS0_chipid1580.tiff,CENTRAL DRY
HBOMA2KB90_chipid7545.tiff,NORTHERN DRY
L5NIU7DJ0P_chipid941.tiff,EASTERN DRY
RVFNNYMHVC_chipid3776.tiff,UNKNOWN
NBYVXQZCOL_chipid5660.tiff,NORTHERN DRY
AFW6QQ0NWH_chipid4289.tiff,SOUTHERN TRANSITION
JMHKNRBFDS_chipid6220.tiff,SOUTHERN DRY
BOF61GTPM3_chipid3639.tiff,WESTERN TRANSITION
R3WVN12QCA_chipid7407.tiff,SOUTHERN TRANSITION
EBWD9PU9TB_chipid1206.tiff,CENTRAL DRY
P1RZRYQNVO_chipid5948.tiff,NORTHERN DRY
T8M00UMYKF_chipid1190.tiff,CENTRAL DRY
X2CXJD7FSN_chipid1261.tiff,CENTRAL DRY
5SLIOFCO15_chipid432.tiff,SOUTHERN DRY
T83XCP936M_chipid6190.tiff,COASTAL
CZU4JZS2BH_chipid2875.tiff,CENTRAL DRY
HQ3HR8QUKY_chipid2872.tiff,CENTRAL DRY
NEVUBACZRD_chipid3491.tiff,COASTAL
UB25AIDCTF_chipid2681.tiff,CENTRAL DRY
1ZNRDGJHOF_chipid5839.tiff,NORTHERN DRY
81HSAWPQU5_chipid3734.tiff,WESTERN TRANSITION
S7M26R429Y_chipid1477.tiff,CENTRAL DRY
2WYYW0BLD2_chipid7275.tiff,NORTHERN DRY
CWMDY2CT1B_chipid4042.tiff,SOUTHERN DRY
VEN6I9Y5I8_chipid7155.tiff,COASTAL
CBQPF2MBTY_chipid1348.tiff,CENTRAL DRY
SXVUAALK0G_chipid7410.tiff,SOUTHERN TRANSITION
NMROR8XKZH_chipid4524.tiff,NORTH EAST DRY
HBCHLIEF8L_chipid2294.tiff,SOUTHERN TRANSITION
N0ETYA21M6_chipid1170.tiff,CENTRAL DRY
FQQL8FW2LX_chipid5991.tiff,NORTH EAST DRY
KWX6YN4P58_chipid3520.tiff,COASTAL
S357W1S1H2_chipid767.tiff,EASTERN DRY
4ON7N3NYO3_chipid3105.tiff,CENTRAL DRY
LTCLBTLE3P_chipid5718.tiff,NORTHERN DRY
4LKTVWU4NO_chipid5353.tiff,SOUTHERN TRANSITION
5E4P0DMOOZ_chipid2914.tiff,CENTRAL DRY
MLCS17VT8C_chipid172.tiff,SOUTHERN TRANSITION
MDEIJ9AHW3_chipid4264.tiff,SOUTHERN TRANSITION
J0IN8EJI2K_chipid4117.tiff,CENTRAL DRY
EBJ9JZR5SO_chipid7336.tiff,NORTH EAST DRY
8VSP66GAW0_chipid6394.tiff,COASTAL
K433E3I6S7_chipid4020.tiff,SOUTHERN TRANSITION
98K6SEZ9B6_chipid6712.tiff,CENTRAL DRY
AY44PK7APH_chipid3683.tiff,WESTERN TRANSITION
ODE5L19MY4_chipid1538.tiff,CENTRAL DRY
ZUV69KRFIK_chipid6134.tiff,HILL
SOEPX7XTJ7_chipid3523.tiff,COASTAL
LF0XHOD975_chipid655.tiff,EASTERN DRY
U89FE0OJPY_chipid6811.tiff,NORTHERN DRY
LZJI3JHBXJ_chipid7010.tiff,NORTH EAST DRY
DQDW30M17X_chipid637.tiff,EASTERN DRY
WQNEKSYLDY_chipid7129.tiff,COASTAL
BTKX1SQPVN_chipid3661.tiff,WESTERN TRANSITION
52I6LGHRD3_chipid3307.tiff,COASTAL
EJMI6KKX7T_chipid2991.tiff,CENTRAL DRY
SRG89S12B9_chipid5365.tiff,SOUTHERN TRANSITION
CY4Q39H9SJ_chipid3256.tiff,CENTRAL DRY
9Q5NNPW2W4_chipid7124.tiff,COASTAL
90WX6L05MT_chipid417.tiff,SOUTHERN DRY
IZZG50WOUQ_chipid3168.tiff,SOUTHERN DRY
BEQD3OB89W_chipid1183.tiff,CENTRAL DRY
MMZLMR0M4N_chipid5773.tiff,NORTHERN DRY
PA2BOJH6RY_chipid3272.tiff,CENTRAL DRY
B4O4DMFE0T_chipid2266.tiff,SOUTHERN TRANSITION
RZYE2TKS2A_chipid4346.tiff,NORTH EAST DRY
QSX7YFDOBP_chipid110.tiff,SOUTHERN TRANSITION
SLG2IWDTEW_chipid6493.tiff,NORTH EAST DRY
FC8JGC8ZBC_chipid1169.tiff,CENTRAL DRY
5GEMKQIVWT_chipid7154.tiff,COASTAL
979A7Q06AP_chipid2739.tiff,SOUTHERN TRANSITION
6QX5K66BQC_chipid4869.tiff,COASTAL
97Y69L43UP_chipid4350.tiff,NORTH EAST DRY
25LKNEW683_chipid436.tiff,SOUTHERN DRY
J27WDHGR3K_chipid5023.tiff,NORTH EAST DRY
AM6AGSSXVW_chipid44.tiff,SOUTHERN TRANSITION
7ADFRF9IE9_chipid2888.tiff,CENTRAL DRY
2P1ENBFFEH_chipid2172.tiff,EASTERN DRY
LVQBZF4AT8_chipid7791.tiff,NORTH EAST DRY
NT6FEWQRXJ_chipid2190.tiff,EASTERN DRY
AGLARTQ1EC_chipid2393.tiff,SOUTHERN TRANSITION
ZTFKPIWSDK_chipid4384.tiff,NORTH EAST DRY
3N10VB84ML_chipid2171.tiff,EASTERN DRY
IXTZOXP6T0_chipid1171.tiff,CENTRAL DRY
VXVU1W1PIL_chipid2767.tiff,SOUTHERN TRANSITION
S7RI36O4IF_chipid213.tiff,SOUTHERN TRANSITION
BT104Q5QBK_chipid7110.tiff,WESTERN TRANSITION
IK6WJ6TI6G_chipid3233.tiff,COASTAL
TMYTLPYD9P_chipid6921.tiff,SOUTHERN TRANSITION
HL63MAPH44_chipid4109.tiff,CENTRAL DRY
I08HAEENKD_chipid411.tiff,SOUTHERN DRY
M0LWV3RBS2_chipid5415.tiff,SOUTHERN TRANSITION
5POJV097UX_chipid7803.tiff,COASTAL
WLTK0HF3E5_chipid1599.tiff,CENTRAL DRY
1VCR6NTUB0_chipid3764.tiff,WESTERN TRANSITION
DXL66ITT34_chipid4888.tiff,COASTAL
3MOI0RBBJ6_chipid1759.tiff,CENTRAL DRY
STO004PUZW_chipid3092.tiff,CENTRAL DRY
696PC5XESU_chipid2791.tiff,SOUTHERN TRANSITION
OCTUL44ZTH_chipid4333.tiff,NORTH EAST DRY
NJG1PG7PY2_chipid4338.tiff,NORTH EAST DRY
S8V03ZMJYI_chipid1177.tiff,CENTRAL DRY
1IW4KMK4GQ_chipid5657.tiff,NORTHERN DRY
1DZER0ZE9C_chipid2282.tiff,SOUTHERN TRANSITION
G1IWKWFDU9_chipid228.tiff,SOUTHERN TRANSITION
TI062G7D1D_chipid2197.tiff,EASTERN DRY
IIP9TNQ64A_chipid3340.tiff,COASTAL
2HWL5FPN1M_chipid6108.tiff,HILL
RQSNKY7WER_chipid7673.tiff,CENTRAL DRY
1OBQZG4NJL_chipid284.tiff,SOUTHERN DRY
U5CA2I45CH_chipid2773.tiff,SOUTHERN TRANSITION
NR4ARSKYGM_chipid6490.tiff,NORTH EAST DRY
4MNSIO5V5G_chipid7625.tiff,CENTRAL DRY
5MBUAJLBHU_chipid4798.tiff,COASTAL
V7ONJ01BKP_chipid6507.tiff,NORTH EAST DRY
MUVIAGGG85_chipid1689.tiff,NORTH EAST DRY
WKU4HPI8ZG_chipid7311.tiff,NORTH EAST DRY
MU8IDE3QIJ_chipid1962.tiff,EASTERN DRY
SHA1E471G9_chipid1196.tiff,CENTRAL DRY
D9KASAOM8B_chipid8048.tiff,NORTH EAST DRY
4S994KZ64C_chipid2351.tiff,CENTRAL DRY
EL3Y720RR1_chipid8073.tiff,NORTH EAST DRY
7H7EBCSD3Z_chipid3789.tiff,SOUTHERN TRANSITION
SU1R46G2Y7_chipid6398.tiff,COASTAL
6MEQM9EXOT_chipid7250.tiff,NORTHERN DRY
FTD917IL36_chipid3213.tiff,COASTAL
OULZ0YP6XE_chipid4236.tiff,SOUTHERN TRANSITION
BN33LQZQI2_chipid5659.tiff,NORTHERN DRY
UJVVS52FUW_chipid1054.tiff,EASTERN DRY
IWMIALO7N6_chipid3036.tiff,EASTERN DRY
EH01NTU18R_chipid5943.tiff,NORTHERN DRY
6NUUTL20EU_chipid4895.tiff,COASTAL
GZWNMU7BA7_chipid874.tiff,EASTERN DRY
XOUZVYZP8E_chipid2446.tiff,EASTERN DRY
UC5Z2CTY2E_chipid7219.tiff,UNKNOWN
W2XZJPUBYQ_chipid1098.tiff,EASTERN DRY
9C9IOYJSUO_chipid7146.tiff,COASTAL
XLYBV5G5L7_chipid495.tiff,EASTERN DRY
VGVOZS0HRO_chipid7504.tiff,NORTHERN DRY
DCK1FJWB7E_chipid2435.tiff,EASTERN DRY
OR45WM4R8J_chipid4292.tiff,SOUTHERN TRANSITION
7SBKRQP68S_chipid47.tiff,SOUTHERN TRANSITION
IDVPZQRI5N_chipid7329.tiff,NORTH EAST DRY
2M6G6T3YX6_chipid1532.tiff,CENTRAL DRY
IRLL393FGC_chipid4599.tiff,NORTH EAST DRY
MKQA0S2QGT_chipid1993.tiff,EASTERN DRY
THEK8P9PXR_chipid6427.tiff,COASTAL
O34XA1Y9PV_chipid4118.tiff,CENTRAL DRY
CO9Z0B9DG3_chipid3932.tiff,CENTRAL DRY
TQUEIQQJ8L_chipid69.tiff,SOUTHERN TRANSITION
JF66RC3LT9_chipid3276.tiff,CENTRAL DRY
GTDHO85OQ5_chipid7258.tiff,NORTHERN DRY
THQ45QSYXQ_chipid5907.tiff,NORTHERN DRY
85RSQSUVH3_chipid15.tiff,SOUTHERN TRANSITION
O8BDNAFUNN_chipid4364.tiff,NORTH EAST DRY
9TTNGTU661_chipid6503.tiff,NORTH EAST DRY
NRAZAKSJBG_chipid1722.tiff,CENTRAL DRY
HL67G5M194_chipid3493.tiff,COASTAL
7V4ORBGVLZ_chipid5430.tiff,SOUTHERN TRANSITION
KZ6KBK6PKY_chipid7211.tiff,UNKNOWN
8E423AV3J2_chipid3010.tiff,EASTERN DRY
4P5WZ28AE7_chipid5534.tiff,SOUTHERN TRANSITION
N9C7VFY9DG_chipid1220.tiff,CENTRAL DRY
DUOTNIGET2_chipid7162.tiff,COASTAL
9MUK40EA7L_chipid4254.tiff,SOUTHERN TRANSITION
98SSWENKSW_chipid4792.tiff,NORTH EAST DRY
0ZQGLDEMF7_chipid5779.tiff,NORTHERN DRY
TGIWDBHHAY_chipid3784.tiff,WESTERN TRANSITION
XQUXZ1SPPF_chipid1460.tiff,CENTRAL DRY
GPZTQUZZNT_chipid3738.tiff,WESTERN TRANSITION
RCTQ2KB4M4_chipid5409.tiff,SOUTHERN TRANSITION
FWZE9T7OFH_chipid3940.tiff,CENTRAL DRY
TB9V6JKYY8_chipid1678.tiff,UNKNOWN
TWON186K2Y_chipid1222.tiff,CENTRAL DRY
AE26Z3UJYL_chipid4924.tiff,COASTAL
LEYHD4W4T8_chipid5745.tiff,NORTHERN DRY
935YA9NT4D_chipid5278.tiff,NORTH EAST DRY
8008AY8Z7L_chipid735.tiff,EASTERN DRY
28OV71FJ05_chipid6171.tiff,COASTAL
M5RRUYQGPO_chipid5850.tiff,NORTHERN DRY
VP677TSOFK_chipid8107.tiff,NORTH EAST DRY
XV9TGB9UQC_chipid404.tiff,SOUTHERN DRY
VGEEFMQTOE_chipid6954.tiff,EASTERN DRY
U5NUAW02YO_chipid6291.tiff,NORTH EAST DRY
CJN6RV15HS_chipid667.tiff,EASTERN DRY
S6RH1Q0R87_chipid7995.tiff,COASTAL
E0UP4R4BNJ_chipid2224.tiff,EASTERN DRY
SIFHAH73JO_chipid4718.tiff,NORTH EAST DRY
BS4ERJXJR4_chipid905.tiff,UNKNOWN
0CAE2X2EJ2_chipid5977.tiff,NORTH EAST DRY
8HWE0N0MAF_chipid3196.tiff,COASTAL
P8PGJ18FRA_chipid4922.tiff,COASTAL
OTIQ1MM9UI_chipid2657.tiff,EASTERN DRY
5IFDO7O0YU_chipid4978.tiff,HILL
CGJFJRSJV7_chipid2360.tiff,SOUTHERN TRANSITION
C2YP5UDTEP_chipid2920.tiff,CENTRAL DRY
9XBNZY78JB_chipid6360.tiff,NORTH EAST DRY
UBT17B5B68_chipid3214.tiff,COASTAL
E61UDA9S7X_chipid3258.tiff,CENTRAL DRY
26QGZUOUV8_chipid3816.tiff,WESTERN TRANSITION
UMDKUNIBXL_chipid1382.tiff,CENTRAL DRY
RC5LWTJ59B_chipid2274.tiff,SOUTHERN TRANSITION
128LJVDMT6_chipid6413.tiff,COASTAL
XL2XKGUMAU_chipid6904.tiff,SOUTHERN TRANSITION
JZ14OO6F4I_chipid3611.tiff,WESTERN TRANSITION
3QNWF9FDHU_chipid6415.tiff,COASTAL
6Q6GFV1NUK_chipid4410.tiff,NORTH EAST DRY
ITPK026W8R_chipid3774.tiff,WESTERN TRANSITION
BDBU4Y3MPS_chipid2091.tiff,EASTERN DRY
TCUE093MA0_chipid1914.tiff,EASTERN DRY
DXW8LZLOPU_chipid3684.tiff,WESTERN TRANSITION
VO51ESS5LB_chipid2053.tiff,EASTERN DRY
KYIZBI4PCW_chipid2525.tiff,WESTERN TRANSITION
NJHL7B5AKU_chipid5761.tiff,NORTHERN DRY
I1IHWKOAY1_chipid1296.tiff,CENTRAL DRY
06SVHHPCSM_chipid3399.tiff,COASTAL
19GKSB3R9S_chipid270.tiff,SOUTHERN DRY
8LRP4X9VGC_chipid2583.tiff,SOUTHERN TRANSITION
OG36T17Q9Y_chipid6986.tiff,EASTERN DRY
97BB8EG3YZ_chipid3883.tiff,CENTRAL DRY
EI0UCOFHPE_chipid6561.tiff,CENTRAL DRY
79A2FAUNMB_chipid5822.tiff,NORTHERN DRY
J4HCOKE830_chipid6533.tiff,CENTRAL DRY
6B77HQP0FI_chipid6976.tiff,EASTERN DRY
4JMQ3KE8PC_chipid2906.tiff,CENTRAL DRY
XZV1UCJUOK_chipid156.tiff,SOUTHERN TRANSITION
AZU3AFAGW6_chipid3689.tiff,WESTERN TRANSITION
04CSMYX2QG_chipid339.tiff,SOUTHERN DRY
23M4XPWVRW_chipid1738.tiff,CENTRAL DRY
XHI1NZPD5J_chipid4030.tiff,SOUTHERN DRY
MRL6MLX6PM_chipid4677.tiff,NORTH EAST DRY
8OTZ5WDR0H_chipid5955.tiff,NORTH EAST DRY
VGZWKZOT4C_chipid1579.tiff,CENTRAL DRY
4J3N172UGI_chipid7761.tiff,NORTH EAST DRY
DDDRAS231D_chipid2563.tiff,UNKNOWN
MAYCQN24NS_chipid3292.tiff,CENTRAL DRY
VNXU7832CE_chipid796.tiff,EASTERN DRY
11PC3OJWTG_chipid6649.tiff,CENTRAL DRY
ZEUFO77MIN_chipid885.tiff,EASTERN DRY
7ETCF0AC03_chipid2041.tiff,EASTERN DRY
F675JQGP5P_chipid7229.tiff,UNKNOWN
OGG9BQ5DUF_chipid7924.tiff,NORTHERN DRY
7EL1F3SYBN_chipid3705.tiff,WESTERN TRANSITION
3YZIKHOUCG_chipid7960.tiff,WESTERN TRANSITION
YOUIJZDJMQ_chipid6517.tiff,NORTH EAST DRY
E0QSH11KBW_chipid3483.tiff,COASTAL
200F400Y0Q_chipid3710.tiff,WESTERN TRANSITION
HRNFYVYN10_chipid7383.tiff,SOUTHERN TRANSITION
5YTHB06YU7_chipid4870.tiff,COASTAL
YC577U4BJD_chipid5700.tiff,NORTHERN DRY
EBPWI9KGPK_chipid3203.tiff,COASTAL
2A1933RNNE_chipid6150.tiff,COASTAL
UXUXKZ1W7H_chipid7320.tiff,NORTH EAST DRY
SX7UH5H2D8_chipid6746.tiff,UNKNOWN
3DDRFPDFIB_chipid2144.tiff,EASTERN DRY
HOYEGVIG3V_chipid4739.tiff,NORTH EAST DRY
T7RIZ7NH7T_chipid7156.tiff,COASTAL
5E441UOLV1_chipid6645.tiff,CENTRAL DRY
VTOXYVZ2GX_chipid6580.tiff,CENTRAL DRY
3W061ISXRI_chipid6216.tiff,SOUTHERN DRY
KL167YJ01E_chipid16.tiff,SOUTHERN TRANSITION
3RFZF9RY0P_chipid2545.tiff,UNKNOWN
2FL09SVJ9V_chipid665.tiff,EASTERN DRY
N3ASPLPO7U_chipid1239.tiff,CENTRAL DRY
UQ4N75M6PR_chipid3665.tiff,WESTERN TRANSITION
5RC6AQSEOF_chipid40.tiff,SOUTHERN TRANSITION
ZEUBDEQOKP_chipid1486.tiff,CENTRAL DRY
7XTKVXFRZB_chipid4335.tiff,NORTH EAST DRY
1AAQTMDV39_chipid7665.tiff,CENTRAL DRY
L70KAR8014_chipid5275.tiff,NORTH EAST DRY
MV2MMG7A3T_chipid1616.tiff,CENTRAL DRY
JZ7N06GV8L_chipid1785.tiff,CENTRAL DRY
28VMLMGG3J_chipid4074.tiff,SOUTHERN DRY
3WOQ8QE8ZW_chipid7977.tiff,COASTAL
TWYGQYKA62_chipid4134.tiff,CENTRAL DRY
TT3SYS2JPS_chipid54.tiff,SOUTHERN TRANSITION
AE4CF44JZF_chipid3741.tiff,WESTERN TRANSITION
JZJ3CWFZNP_chipid3936.tiff,CENTRAL DRY
SJ01HHUU7X_chipid4998.tiff,HILL
UYTZPKHHCD_chipid3052.tiff,EASTERN DRY
O4R19LBR2Q_chipid4602.tiff,NORTH EAST DRY
TRE0EPBH5Q_chipid7518.tiff,NORTHERN DRY
SGAOJTVZG0_chipid5322.tiff,NORTH EAST DRY
GRGNO38ZAC_chipid5585.tiff,SOUTHERN TRANSITION
2DUB9TB9GD_chipid5880.tiff,NORTHERN DRY
3JEKOC6VKD_chipid279.tiff,SOUTHERN DRY
6QTKF2G1P4_chipid7601.tiff,NORTH EAST DRY
5LURARYLGK_chipid5569.tiff,SOUTHERN TRANSITION
WHSQ0GCTRG_chipid8067.tiff,NORTH EAST DRY
Q3X2IURIM8_chipid8092.tiff,NORTH EAST DRY
2VFFE2YTH6_chipid7703.tiff,COASTAL
LJDK3F99BV_chipid4488.tiff,NORTH EAST DRY
L93JLCAE6X_chipid1963.tiff,EASTERN DRY
HRDY136F3Q_chipid870.tiff,EASTERN DRY
1FAETZ7IAJ_chipid2085.tiff,EASTERN DRY
P9PE12PI4F_chipid4515.tiff,NORTH EAST DRY
PXKGX7I6KL_chipid7548.tiff,NORTHERN DRY
L3EGXRJ7DR_chipid7306.tiff,NORTH EAST DRY
OIGC465K2D_chipid1588.tiff,CENTRAL DRY
4A8STFIGOW_chipid7391.tiff,SOUTHERN TRANSITION
E4B9RA7XL9_chipid4997.tiff,HILL
518H5RGQFH_chipid726.tiff,EASTERN DRY
2ERZR199P4_chipid26.tiff,SOUTHERN TRANSITION
YGO8922R5Y_chipid680.tiff,EASTERN DRY
LS6LYHW4UA_chipid5712.tiff,NORTHERN DRY
Q2HYECJP75_chipid3910.tiff,CENTRAL DRY
G1A0KDYW17_chipid7741.tiff,COASTAL
L23TERRO2J_chipid22.tiff,SOUTHERN TRANSITION
HTCIM7BJW4_chipid4181.tiff,CENTRAL DRY
MPVDGOUFMQ_chipid1000.tiff,EASTERN DRY
27O1ZSQSEZ_chipid43.tiff,SOUTHERN TRANSITION
GVUK3TWXM4_chipid3360.tiff,COASTAL
F2SWSMX4K5_chipid6994.tiff,EASTERN DRY
LB8VIKU77B_chipid7433.tiff,SOUTHERN TRANSITION
OV0F1Q99TL_chipid7064.tiff,NORTHERN DRY
GKKTE62F2I_chipid6410.tiff,COASTAL
8RLD88Y2EK_chipid2495.tiff,EASTERN DRY
ZCJAMYGMMB_chipid4702.tiff,NORTH EAST DRY
4BAI3RLILJ_chipid2361.tiff,SOUTHERN TRANSITION
DXF7IMNO43_chipid161.tiff,SOUTHERN TRANSITION
EBGR044FXR_chipid4615.tiff,NORTH EAST DRY
YFDTHOOXSP_chipid546.tiff,SOUTHERN DRY
F71T0TD742_chipid1029.tiff,EASTERN DRY
154JM2TN7N_chipid2070.tiff,EASTERN DRY
E7ITFKYEGV_chipid7900.tiff,NORTHERN DRY
RBEQAAD1I5_chipid5332.tiff,NORTH EAST DRY
PWTO8UFLK2_chipid5565.tiff,SOUTHERN TRANSITION
E7UF4Y3SNX_chipid2636.tiff,EASTERN DRY
ZUB8LEXEF3_chipid6578.tiff,CENTRAL DRY
AVYBWOKTHR_chipid7301.tiff,NORTH EAST DRY
YOR0AJUX06_chipid4575.tiff,NORTH EAST DRY
M9DWBD5WJF_chipid2836.tiff,SOUTHERN DRY
I4MQRO3Z58_chipid3363.tiff,COASTAL
BEO5AOU2A9_chipid850.tiff,EASTERN DRY
N7G2I1GEA5_chipid1274.tiff,CENTRAL DRY
FRSIHZO53V_chipid1317.tiff,CENTRAL DRY
2XAFR5ZFSZ_chipid6312.tiff,NORTH EAST DRY
DUQFO1A8NQ_chipid1315.tiff,CENTRAL DRY
ZP27JPDJY4_chipid3063.tiff,CENTRAL DRY
PYS93SSNWB_chipid4815.tiff,COASTAL
GUO3SLEBLE_chipid7384.tiff,SOUTHERN TRANSITION
34SPOEFP9L_chipid5159.tiff,NORTH EAST DRY
SOEQRL6BX2_chipid7731.tiff,COASTAL
3AYL358MBI_chipid4961.tiff,COASTAL
QNBXYHQQPG_chipid2498.tiff,CENTRAL DRY
G3DRK8TQOX_chipid5339.tiff,NORTH EAST DRY
LBVQDH9U70_chipid1283.tiff,CENTRAL DRY
0JK9F6BG6T_chipid5272.tiff,NORTH EAST DRY
PDQFXYHIUO_chipid7416.tiff,SOUTHERN TRANSITION
F48O250FD1_chipid1178.tiff,CENTRAL DRY
MDSXG9G3BB_chipid6966.tiff,EASTERN DRY
P83QXMS37C_chipid2572.tiff,SOUTHERN TRANSITION
ZX1ND8NVSQ_chipid6547.tiff,CENTRAL DRY
HPBPBMB4H7_chipid1815.tiff,CENTRAL DRY
KUI2DWXQLN_chipid2510.tiff,CENTRAL DRY
DONYC25H5L_chipid7594.tiff,NORTH EAST DRY
2M2FV5CYB8_chipid165.tiff,SOUTHERN TRANSITION
FM75PEBHD3_chipid1134.tiff,CENTRAL DRY
KE3NSX23IH_chipid872.tiff,EASTERN DRY
9ABA4O5B5Y_chipid6882.tiff,SOUTHERN TRANSITION
X5V22RRDM8_chipid3282.tiff,CENTRAL DRY
ZB05AHJ2WZ_chipid82.tiff,SOUTHERN TRANSITION
G2O37MW4UT_chipid7638.tiff,UNKNOWN
J2YJ5JD094_chipid3977.tiff,SOUTHERN TRANSITION
LWW3TPL69K_chipid19.tiff,SOUTHERN TRANSITION
DJLAV0NDRG_chipid3111.tiff,CENTRAL DRY
H2U3DHJRD1_chipid2228.tiff,EASTERN DRY
XZIJ05FMXJ_chipid211.tiff,SOUTHERN TRANSITION
9P8ITKBPKF_chipid118.tiff,SOUTHERN TRANSITION
V73ZCYXQWI_chipid1533.tiff,CENTRAL DRY
QIUIZ7LYGR_chipid3952.tiff,CENTRAL DRY
4TSXQ1G1SW_chipid2123.tiff,EASTERN DRY
W3RXTSK1KI_chipid837.tiff,EASTERN DRY
37RAQIGUJE_chipid1217.tiff,CENTRAL DRY
E72CLHECDY_chipid7494.tiff,NORTHERN DRY
KOSXL2AIIH_chipid5920.tiff,NORTHERN DRY
S1HA4E60SS_chipid656.tiff,EASTERN DRY
4OLUYJJ52F_chipid7753.tiff,COASTAL
WN5B1GC1TQ_chipid6803.tiff,NORTHERN DRY
HSDAYB8J4T_chipid397.tiff,SOUTHERN TRANSITION
RXB66CFR9W_chipid3850.tiff,CENTRAL DRY
6YP5XK9M98_chipid6871.tiff,UNKNOWN
T8CAV1UTV3_chipid3124.tiff,CENTRAL DRY
15LCY89TVS_chipid769.tiff,EASTERN DRY
I8JNGPN61R_chipid3100.tiff,CENTRAL DRY
V69PUTSCXK_chipid5730.tiff,NORTHERN DRY
1ST7390RHN_chipid3131.tiff,CENTRAL DRY
GZ3GAAS26R_chipid770.tiff,EASTERN DRY
P03SW65LM8_chipid1512.tiff,CENTRAL DRY
OBPBWVSPEW_chipid2486.tiff,EASTERN DRY
AHF6EEQ74O_chipid2998.tiff,EASTERN DRY
XTXUVOX23G_chipid7968.tiff,WESTERN TRANSITION
66JOS3VCL9_chipid2904.tiff,CENTRAL DRY
UI6COI2WQG_chipid926.tiff,EASTERN DRY
FVTJPE8CFU_chipid4419.tiff,NORTH EAST DRY
4UNQ1VKZ9E_chipid734.tiff,EASTERN DRY
RWWVKLO0B9_chipid7583.tiff,NORTH EAST DRY
TAQZERP3CU_chipid3965.tiff,CENTRAL DRY
5C8J2TFCMH_chipid3284.tiff,CENTRAL DRY
HHFHF596P6_chipid5869.tiff,NORTHERN DRY
E6BTVVH2XJ_chipid7065.tiff,NORTHERN DRY
HZMTP77DGH_chipid2828.tiff,SOUTHERN DRY
X2QGBIUNOS_chipid7629.tiff,CENTRAL DRY
S8PYLPK7IU_chipid907.tiff,EASTERN DRY
A1V281GXEV_chipid3252.tiff,COASTAL
27FQ9K4KP3_chipid7705.tiff,COASTAL
VPRAQN4G1Z_chipid2208.tiff,EASTERN DRY
FKR4NK9T2C_chipid1321.tiff,CENTRAL DRY
W91WQYIS2R_chipid7777.tiff,NORTH EAST DRY
8J5X2E54X6_chipid7636.tiff,CENTRAL DRY
D5IZUHEGPB_chipid3243.tiff,COASTAL
8AE892GI4V_chipid6167.tiff,COASTAL
H4HO9ZLO1I_chipid3018.tiff,EASTERN DRY
UMDIB7UOIG_chipid8091.tiff,NORTH EAST DRY
KN5OW7N7M3_chipid5682.tiff,NORTHERN DRY
OOHKVT5Z3S_chipid3590.tiff,COASTAL
0NNJZ9K86O_chipid4263.tiff,SOUTHERN TRANSITION
UP03CW4FEK_chipid3151.tiff,SOUTHERN DRY
05V4BJBNJT_chipid604.tiff,EASTERN DRY
7HLAQLAA93_chipid3428.tiff,CENTRAL DRY
LP8U8M7HQ0_chipid689.tiff,EASTERN DRY
K2MFHSIZQ2_chipid5510.tiff,SOUTHERN TRANSITION
Z3OP0Z87NP_chipid3680.tiff,WESTERN TRANSITION
ZCSBBNEOIB_chipid7290.tiff,NORTH EAST DRY
6NRN9MSB86_chipid319.tiff,SOUTHERN DRY
DFILC2PLIO_chipid235.tiff,SOUTHERN TRANSITION
VYCY43Z0F8_chipid4627.tiff,NORTH EAST DRY
XS2LV4RTZK_chipid2081.tiff,EASTERN DRY
MI2FQ122IS_chipid5680.tiff,NORTHERN DRY
D8AB8RSEN8_chipid3608.tiff,COASTAL
JQQVMEM8IX_chipid3277.tiff,CENTRAL DRY
6FZZRFLPAE_chipid2309.tiff,CENTRAL DRY
5J2CKE3ZC3_chipid1006.tiff,EASTERN DRY
OF25RAIDVR_chipid6362.tiff,NORTH EAST DRY
4KON7QUBWU_chipid5482.tiff,COASTAL
IJZ7ACQ51X_chipid5164.tiff,NORTH EAST DRY
Z1QW9M27YD_chipid4343.tiff,NORTH EAST DRY
05L1MA6IZ0_chipid4246.tiff,SOUTHERN TRANSITION
TN9BSUAZNL_chipid5845.tiff,NORTHERN DRY
L1A29LV6BO_chipid5551.tiff,SOUTHERN TRANSITION
1CJTZ6CBG2_chipid652.tiff,EASTERN DRY
Q5GPCGIO97_chipid6673.tiff,CENTRAL DRY
MYOV3JF4QJ_chipid1380.tiff,CENTRAL DRY
S8OXA1KX1R_chipid807.tiff,EASTERN DRY
H3XHHHVMXS_chipid1234.tiff,CENTRAL DRY
HJCUYDC2CE_chipid2409.tiff,SOUTHERN TRANSITION
MWG2HOO3KT_chipid183.tiff,SOUTHERN TRANSITION
CAJ3O0DUSG_chipid5999.tiff,UNKNOWN
ENBHR0PID5_chipid7493.tiff,NORTHERN DRY
2F5TTAOL38_chipid7747.tiff,COASTAL
WQP88ANBWS_chipid6400.tiff,COASTAL
OOQXIRUPVZ_chipid6978.tiff,EASTERN DRY
79HWEYTZNI_chipid6091.tiff,HILL
Q9U8JKH1Z2_chipid6642.tiff,CENTRAL DRY
F7LKN5ZEYT_chipid3115.tiff,CENTRAL DRY
JSLPR1X6NZ_chipid2687.tiff,CENTRAL DRY
1DI2WCUJ8A_chipid4291.tiff,SOUTHERN TRANSITION
PS1XE5JBNO_chipid4880.tiff,COASTAL
5AI0XG0WRK_chipid954.tiff,EASTERN DRY
RS2A8IQ4HV_chipid1500.tiff,CENTRAL DRY
U5RZWVW2VP_chipid7851.tiff,NORTHERN DRY
UAXIDVQ7YZ_chipid2356.tiff,SOUTHERN TRANSITION
4B1WMM1IA7_chipid2477.tiff,EASTERN DRY
EXFEU9SP57_chipid7647.tiff,CENTRAL DRY
9YTY2QK51A_chipid3797.tiff,WESTERN TRANSITION
PJ7304SF28_chipid5405.tiff,SOUTHERN TRANSITION
RY49C928G0_chipid2770.tiff,SOUTHERN TRANSITION
T8D1MHY6KJ_chipid2331.tiff,CENTRAL DRY
IMVD4PF0C3_chipid6696.tiff,CENTRAL DRY
CI9AZK7CZ2_chipid7302.tiff,NORTH EAST DRY
R4B5LY7URC_chipid1268.tiff,CENTRAL DRY
0YAFYJTLXL_chipid7351.tiff,SOUTHERN TRANSITION
ZUOCDRTU6M_chipid7809.tiff,COASTAL
BQNH3ODD33_chipid3274.tiff,CENTRAL DRY
99L939TJ1W_chipid1513.tiff,CENTRAL DRY
DYQE3J5FXM_chipid4795.tiff,NORTH EAST DRY
YKL7YSJ1W3_chipid4849.tiff,COASTAL
L85SQG1ZZT_chipid5385.tiff,SOUTHERN TRANSITION
1UZO51K2FW_chipid5520.tiff,SOUTHERN TRANSITION
7G4RR45KD1_chipid1551.tiff,CENTRAL DRY
FEN01EWU7U_chipid5481.tiff,COASTAL
KOXC8QHPBR_chipid7716.tiff,COASTAL
96DH1LS34S_chipid4989.tiff,HILL
8QKM4RFFA0_chipid2011.tiff,EASTERN DRY
QPTN9OV1GU_chipid2381.tiff,SOUTHERN TRANSITION
03H0M2ZCAN_chipid6661.tiff,CENTRAL DRY
Q515JTH1D6_chipid897.tiff,EASTERN DRY
E6OJPNLUAR_chipid5172.tiff,NORTH EAST DRY
0XZ8WHKEX9_chipid2763.tiff,SOUTHERN TRANSITION
C7TZY44X42_chipid5414.tiff,SOUTHERN TRANSITION
2G0PE3UDI5_chipid5102.tiff,NORTH EAST DRY
WJGOHJDCB1_chipid6646.tiff,CENTRAL DRY
1KM2ITE997_chipid6996.tiff,EASTERN DRY
S5544LA0TI_chipid4810.tiff,COASTAL
6T7EKTVX71_chipid4115.tiff,CENTRAL DRY
3KMP4N7ADG_chipid3723.tiff,WESTERN TRANSITION
GLRH1L6HTS_chipid6985.tiff,EASTERN DRY
I5GKQ7BL1L_chipid506.tiff,UNKNOWN
SGSPEA6GIC_chipid7989.tiff,COASTAL
I6PN286XTH_chipid5870.tiff,NORTHERN DRY
3M3BMO3W92_chipid4406.tiff,NORTH EAST DRY
M75FA93085_chipid8024.tiff,COASTAL
L7XEC803FI_chipid827.tiff,EASTERN DRY
WZAEA9HDQF_chipid1940.tiff,EASTERN DRY
OUL2IR1VLP_chipid4171.tiff,CENTRAL DRY
LBOQ864YSL_chipid7718.tiff,COASTAL
4W0CH538A7_chipid4150.tiff,CENTRAL DRY
9M16Y34KJM_chipid3318.tiff,COASTAL
GUWXEC0CZB_chipid263.tiff,SOUTHERN DRY
MHZK2PKVN6_chipid5617.tiff,SOUTHERN TRANSITION
NIIXLGBT6Z_chipid3056.tiff,CENTRAL DRY
S9D1R9OD6I_chipid2316.tiff,CENTRAL DRY
IOL8IEVC13_chipid3807.tiff,WESTERN TRANSITION
S40XMHATWU_chipid7091.tiff,WESTERN TRANSITION
F5FK8LD6HZ_chipid311.tiff,SOUTHERN DRY
I5HC1XF6T0_chipid3840.tiff,CENTRAL DRY
AMOAU8QUYN_chipid523.tiff,SOUTHERN DRY
VKXOC06Y2H_chipid3067.tiff,CENTRAL DRY
CIMCW2L5QC_chipid8047.tiff,NORTH EAST DRY
JA4PO2MXDV_chipid4923.tiff,COASTAL
4NVDID9OJP_chipid7430.tiff,SOUTHERN TRANSITION
7A3ZOYODGC_chipid7188.tiff,UNKNOWN
1WCXDEXFYP_chipid7591.tiff,NORTH EAST DRY
KY6GOV6CPY_chipid4398.tiff,NORTH EAST DRY
TOEIC6CM3Q_chipid4339.tiff,NORTH EAST DRY
Y9E3NBJMPC_chipid6120.tiff,HILL
GVMG0SNW3Y_chipid2493.tiff,EASTERN DRY
PFAWGYHNOV_chipid4035.tiff,SOUTHERN DRY
62EA7E0PK9_chipid756.tiff,EASTERN DRY
QB8ZU7ZED9_chipid5634.tiff,SOUTHERN TRANSITION
O52VAGJ4KK_chipid6296.tiff,NORTH EAST DRY
13ZPU6PUCT_chipid4829.tiff,COASTAL
BDSQ5XUU9H_chipid1575.tiff,CENTRAL DRY
I9GFR4OAEX_chipid663.tiff,EASTERN DRY
IVJDNSUKP4_chipid3466.tiff,COASTAL
WY2S1ADPH8_chipid3642.tiff,WESTERN TRANSITION
7EHAT8VU3K_chipid346.tiff,SOUTHERN TRANSITION
W10K0YF29R_chipid4204.tiff,SOUTHERN TRANSITION
F8OB88AMKP_chipid2733.tiff,SOUTHERN TRANSITION
7Q86C4U95M_chipid2983.tiff,CENTRAL DRY
X8D5WIA02M_chipid1702.tiff,NORTH EAST DRY
S2W9MHWX2D_chipid854.tiff,EASTERN DRY
UWYSVHJD5W_chipid6634.tiff,CENTRAL DRY
1ABCOVCO6Y_chipid4530.tiff,NORTH EAST DRY
ZBNODKIQGS_chipid7252.tiff,NORTHERN DRY
9FTAC68OS7_chipid2218.tiff,EASTERN DRY
QHXVUZHW3E_chipid1656.tiff,WESTERN TRANSITION
SGMEX12YZ7_chipid6071.tiff,HILL
X4T96XB8I9_chipid3035.tiff,UNKNOWN
R2LPZV0GI7_chipid2876.tiff,CENTRAL DRY
0JS0RO60QV_chipid7456.tiff,CENTRAL DRY
WEZGGOP8NL_chipid7575.tiff,NORTH EAST DRY
U9Z8WBDEQ8_chipid2230.tiff,EASTERN DRY
L9HMLX5WVX_chipid1009.tiff,EASTERN DRY
69PGAUXYEG_chipid3301.tiff,COASTAL
7ULZGXX4WI_chipid1379.tiff,CENTRAL DRY
W24A71ZUGH_chipid552.tiff,SOUTHERN DRY
EUAP95JZV2_chipid1890.tiff,EASTERN DRY
TUF950DY6N_chipid7008.tiff,UNKNOWN
62VROS21DB_chipid7571.tiff,NORTH EAST DRY
VQCQ5KL515_chipid95.tiff,SOUTHERN TRANSITION
SMF1UPT56F_chipid5627.tiff,SOUTHERN TRANSITION
229K16PMIE_chipid6872.tiff,SOUTHERN TRANSITION
HJ60P5639Z_chipid2478.tiff,EASTERN DRY
OATENU2XTK_chipid7841.tiff,COASTAL
PLPLUMK30Q_chipid1201.tiff,CENTRAL DRY
3DCZ7QNC8J_chipid2006.tiff,EASTERN DRY
57V8UBE30P_chipid4104.tiff,CENTRAL DRY
3IBQG0HFTF_chipid6900.tiff,SOUTHERN TRANSITION
G8BHPLO491_chipid4081.tiff,CENTRAL DRY
U93JDEMRMO_chipid4830.tiff,COASTAL
ZAKL1NYHZH_chipid6299.tiff,NORTH EAST DRY
L13BC00SB3_chipid5156.tiff,NORTH EAST DRY
YFV9EVTO3W_chipid1085.tiff,UNKNOWN
IN4IMUAJ1G_chipid7517.tiff,NORTHERN DRY
Z87PVUGZAE_chipid2854.tiff,SOUTHERN DRY
WSQXOJM5P4_chipid7387.tiff,SOUTHERN TRANSITION
XOQJ5ZCOKN_chipid1493.tiff,CENTRAL DRY
XZC0GHXTZD_chipid4974.tiff,HILL
GWWDAMKLUQ_chipid7164.tiff,COASTAL
LG3UBWEXPA_chipid2567.tiff,UNKNOWN
IAMU3FMZF9_chipid6434.tiff,SOUTHERN DRY
BIQS9ENK2Z_chipid7163.tiff,COASTAL
NV04ORJQTM_chipid5610.tiff,SOUTHERN TRANSITION
YMB0XVLEGQ_chipid5941.tiff,NORTHERN DRY
65Q1Q4VFQ4_chipid6083.tiff,HILL
2XWSE2M0LG_chipid3769.tiff,UNKNOWN
DWK6V2UUGN_chipid1281.tiff,CENTRAL DRY
84T1VEDHMX_chipid7936.tiff,WESTERN TRANSITION
BOU6443MI6_chipid6802.tiff,NORTHERN DRY
BF288TZBOE_chipid7237.tiff,NORTHERN DRY
2G6BFWSTAX_chipid4601.tiff,NORTH EAST DRY
XF96ZQ2FNB_chipid4421.tiff,NORTH EAST DRY
913XPKLEF0_chipid7095.tiff,WESTERN TRANSITION
QJQMUGPR0F_chipid1084.tiff,EASTERN DRY
MQN1LTGH7U_chipid6149.tiff,HILL
SC0CE91CSQ_chipid7492.tiff,NORTHERN DRY
B6JPQR17XS_chipid4216.tiff,SOUTHERN TRANSITION
QJHGKDK2N3_chipid2126.tiff,EASTERN DRY
WOLSRH35PP_chipid51.tiff,SOUTHERN TRANSITION
B12GMP7UFG_chipid6458.tiff,SOUTHERN DRY
OB6YOOYPLB_chipid5216.tiff,NORTH EAST DRY
HXVHPXPM3I_chipid5469.tiff,COASTAL
SW3DOCUSMR_chipid1228.tiff,CENTRAL DRY
TNASEZP936_chipid7997.tiff,COASTAL
UQD2VEXDZX_chipid7194.tiff,UNKNOWN
ZYR2CQ3XLI_chipid6844.tiff,SOUTHERN TRANSITION
MLJ10ZKPOH_chipid3003.tiff,EASTERN DRY
27KYDHBKGC_chipid6246.tiff,SOUTHERN DRY
HNBF67FGEP_chipid4199.tiff,SOUTHERN TRANSITION
BS15AWW5EL_chipid2817.tiff,SOUTHERN DRY
XRN6DUF73N_chipid4561.tiff,NORTH EAST DRY
ICNNTHW1RI_chipid2305.tiff,CENTRAL DRY
8411RWGMD6_chipid7079.tiff,NORTHERN DRY
XQ1S5O4NGV_chipid1107.tiff,EASTERN DRY
9O2LK82Z7B_chipid6255.tiff,NORTH EAST DRY
TFMSAHIFLW_chipid8066.tiff,NORTH EAST DRY
2ZT8XKFZKT_chipid5678.tiff,NORTHERN DRY
CK6U9LQMNM_chipid1240.tiff,CENTRAL DRY
M49B0DXRRB_chipid6371.tiff,COASTAL
GUKCDQSXB6_chipid5532.tiff,SOUTHERN TRANSITION
68G0BMYBOD_chipid7043.tiff,NORTHERN DRY
57V2A0N64U_chipid5211.tiff,UNKNOWN
AGG75OBA26_chipid7405.tiff,SOUTHERN TRANSITION
CSX3MYPEU9_chipid6674.tiff,CENTRAL DRY
RNQCOUWJ1Z_chipid2898.tiff,CENTRAL DRY
25T6V9CVVZ_chipid7707.tiff,COASTAL
H7P5X5F1ZH_chipid3343.tiff,COASTAL
U5XBTA4DBU_chipid3824.tiff,WESTERN TRANSITION
Q4EISQJGF5_chipid6275.tiff,NORTH EAST DRY
6GP8PMMB27_chipid1743.tiff,CENTRAL DRY
6EM3C5NI68_chipid1102.tiff,UNKNOWN
TTXE2LFZ00_chipid857.tiff,EASTERN DRY
7YCGMVLB9S_chipid4062.tiff,SOUTHERN DRY
Q30SMZXPVC_chipid7102.tiff,WESTERN TRANSITION
RAGLI5GLEJ_chipid7144.tiff,COASTAL
BI7ZSV66TQ_chipid6817.tiff,NORTHERN DRY
PQDMWT681F_chipid4296.tiff,SOUTHERN TRANSITION
7Y8MZ7R8JC_chipid4301.tiff,NORTH EAST DRY
6S4HNCQJCQ_chipid7159.tiff,COASTAL
A8Y11V3TQK_chipid3685.tiff,WESTERN TRANSITION
CXXP7XVN58_chipid6271.tiff,NORTH EAST DRY
9ELKRWCAMP_chipid4780.tiff,NORTH EAST DRY
VRMMM9XW69_chipid2824.tiff,SOUTHERN DRY
2N01DGESER_chipid5114.tiff,NORTH EAST DRY
Q9EOP0MMAH_chipid7584.tiff,NORTH EAST DRY
6HFGG3PSEI_chipid1699.tiff,NORTH EAST DRY
40EFL7ABV5_chipid108.tiff,SOUTHERN TRANSITION
X5GCAE9K6P_chipid4648.tiff,NORTH EAST DRY
A5VZJE0YA3_chipid7254.tiff,NORTHERN DRY
RXVD93NFPT_chipid10.tiff,SOUTHERN TRANSITION
U2Y2UURXAN_chipid320.tiff,SOUTHERN DRY
8XDZS8M1EI_chipid5923.tiff,NORTHERN DRY
27UXRZFMJQ_chipid7497.tiff,NORTHERN DRY
B4Y0211VDJ_chipid4026.tiff,SOUTHERN DRY
YNW3T4VMBD_chipid3632.tiff,WESTERN TRANSITION
ND165VLTZG_chipid1979.tiff,EASTERN DRY
PJXCR5UV42_chipid7377.tiff,SOUTHERN TRANSITION
J1T9UPZ49F_chipid8088.tiff,NORTH EAST DRY
SZDMQH198I_chipid5279.tiff,NORTH EAST DRY
PE75BZQ11J_chipid2004.tiff,EASTERN DRY
AW5J6XHHYW_chipid1141.tiff,CENTRAL DRY
A159SJ3KQJ_chipid4743.tiff,NORTH EAST DRY
CCT5YD19CB_chipid7857.tiff,NORTHERN DRY
NBI3AQBFJ8_chipid4475.tiff,NORTH EAST DRY
C4JUBYV686_chipid4752.tiff,NORTH EAST DRY
4SGS8A3E4D_chipid6775.tiff,CENTRAL DRY
GHKEE8IYEW_chipid921.tiff,EASTERN DRY
0Q4AXIHO9W_chipid258.tiff,SOUTHERN TRANSITION
HEBSUXRN57_chipid4985.tiff,HILL
0QT8XNKLKM_chipid8063.tiff,NORTH EAST DRY
RB51J7JB9I_chipid6042.tiff,HILL
PX7OSEY23O_chipid5571.tiff,SOUTHERN TRANSITION
GCZHJQJ53L_chipid480.tiff,SOUTHERN DRY
4XN49XCY2I_chipid7981.tiff,COASTAL
WOKDANX3HW_chipid1267.tiff,CENTRAL DRY
0070QDVB8V_chipid5412.tiff,SOUTHERN TRANSITION
T4EZ0ZR8EZ_chipid3333.tiff,COASTAL
UKCBDGP41X_chipid1147.tiff,CENTRAL DRY
U8CD9U5AUQ_chipid1375.tiff,CENTRAL DRY
UBFB5T5JPS_chipid1397.tiff,CENTRAL DRY
N3FJB7N1XX_chipid6349.tiff,NORTH EAST DRY
LYDD83147J_chipid6908.tiff,SOUTHERN TRANSITION
FN5TL69UT5_chipid3664.tiff,WESTERN TRANSITION
V3YNQ9PMW4_chipid4884.tiff,COASTAL
JF5SX7THH1_chipid6496.tiff,NORTH EAST DRY
S60S580CWI_chipid7204.tiff,UNKNOWN
Q3YAY8119A_chipid4864.tiff,COASTAL
JV41MJIKXA_chipid7223.tiff,UNKNOWN
2L5E3FD9DO_chipid3062.tiff,CENTRAL DRY
20RB6J35W0_chipid1893.tiff,EASTERN DRY
4C5UHFQYO9_chipid5181.tiff,NORTH EAST DRY
KXGOUHX0E7_chipid3408.tiff,CENTRAL DRY
CE5UD2K7UK_chipid6848.tiff,SOUTHERN TRANSITION
KOLN0POSNC_chipid1799.tiff,CENTRAL DRY
W7VWO972BZ_chipid780.tiff,EASTERN DRY
PBHAC7ERXO_chipid3527.tiff,COASTAL
FSWSXR96MP_chipid7287.tiff,NORTH EAST DRY
EU1ZY262RT_chipid1195.tiff,CENTRAL DRY
G72PG74T20_chipid3146.tiff,SOUTHERN DRY
SCYYLCHN0I_chipid2744.tiff,SOUTHERN TRANSITION
8CAFC4I3FB_chipid3078.tiff,CENTRAL DRY
YTYOIDTQ5A_chipid5237.tiff,NORTH EAST DRY
1BCTTIQH0Q_chipid2861.tiff,CENTRAL DRY
56CAEBUG2S_chipid4184.tiff,CENTRAL DRY
HTHYTAJ042_chipid7169.tiff,UNKNOWN
8Y46DPI6O7_chipid5549.tiff,SOUTHERN TRANSITION
BCR038M100_chipid5144.tiff,NORTH EAST DRY
JLKVJHQXXI_chipid3430.tiff,CENTRAL DRY
TQTH9WX7RP_chipid358.tiff,SOUTHERN TRANSITION
KKR02J1LYL_chipid4838.tiff,COASTAL
WP8KC50KK4_chipid3149.tiff,SOUTHERN DRY
TT8NOHM42W_chipid5604.tiff,SOUTHERN TRANSITION
LNWES4PMAR_chipid4106.tiff,CENTRAL DRY
J4WLRRI3A0_chipid221.tiff,SOUTHERN TRANSITION
GQ04AHTAMN_chipid1535.tiff,CENTRAL DRY
X4YVQP88KY_chipid5037.tiff,NORTH EAST DRY
P4RC72EK4X_chipid1509.tiff,CENTRAL DRY
ZFQE4DGZVG_chipid2157.tiff,EASTERN DRY
LBIPXOFXNV_chipid929.tiff,EASTERN DRY
TPZTDG7JG6_chipid7816.tiff,COASTAL
0X3TER7HUN_chipid7726.tiff,COASTAL
FDCRNYNRT5_chipid168.tiff,SOUTHERN TRANSITION
0IP0HQ89TG_chipid1836.tiff,CENTRAL DRY
60HFWPTARM_chipid4909.tiff,COASTAL
L6JEBN7M8O_chipid1253.tiff,CENTRAL DRY
F4MEZQBJ0B_chipid1136.tiff,CENTRAL DRY
3GWAJ17KWJ_chipid2986.tiff,CENTRAL DRY
SYFIB2F6HE_chipid2251.tiff,EASTERN DRY
ZLIWHE1AGG_chipid170.tiff,SOUTHERN TRANSITION
4BCNQ1RYPP_chipid4311.tiff,NORTH EAST DRY
6CDZHLDXME_chipid7122.tiff,WESTERN TRANSITION
5MOYC7N0E5_chipid1258.tiff,CENTRAL DRY
GKYW2A7SFK_chipid7304.tiff,NORTH EAST DRY
9MSU3S5W6C_chipid7260.tiff,NORTHERN DRY
IS96WYJJLZ_chipid3188.tiff,SOUTHERN DRY
YVDBL9CI81_chipid4692.tiff,NORTH EAST DRY
KXBPLLN7KB_chipid3989.tiff,SOUTHERN TRANSITION
3OEI45UQS7_chipid7855.tiff,NORTHERN DRY
QOFDTK6IGJ_chipid6796.tiff,NORTHERN DRY
ENORHESPA8_chipid6082.tiff,HILL
KWLB7TUTSN_chipid2136.tiff,EASTERN DRY
8T6OSCCZ0N_chipid4251.tiff,SOUTHERN TRANSITION
LOVM4HJBD4_chipid995.tiff,EASTERN DRY
31PAPWXTWV_chipid398.tiff,SOUTHERN TRANSITION
BHF8EQUD6Q_chipid1648.tiff,WESTERN TRANSITION
EUKOWONI19_chipid7799.tiff,COASTAL
SANSSS9MIT_chipid3175.tiff,SOUTHERN DRY
MYDGL1TIFY_chipid3218.tiff,COASTAL
B9JZO40CXF_chipid4938.tiff,COASTAL
Y95563LDBO_chipid6194.tiff,COASTAL
8CMTUD7YY3_chipid7564.tiff,HILL
EVSXOB7D7Z_chipid4935.tiff,COASTAL
VULLPMMBO3_chipid5253.tiff,NORTH EAST DRY
A5EM19247F_chipid1279.tiff,CENTRAL DRY
7B1H5SLW5I_chipid3324.tiff,COASTAL
8NSCIKW1ZI_chipid4072.tiff,SOUTHERN DRY
8B8GXZ1EWY_chipid6480.tiff,NORTH EAST DRY
EUVL85F8DL_chipid4579.tiff,NORTH EAST DRY
A4LD1G8AE5_chipid1505.tiff,CENTRAL DRY
9NBPDS5P08_chipid1536.tiff,CENTRAL DRY
A6KXES6TS4_chipid153.tiff,SOUTHERN TRANSITION
PQ16J8O7N2_chipid1639.tiff,WESTERN TRANSITION
USHXSQQJAN_chipid6325.tiff,NORTH EAST DRY
6TAB7P437K_chipid3145.tiff,SOUTHERN DRY
9WYMGFQV2T_chipid617.tiff,EASTERN DRY
DME6EXV404_chipid6377.tiff,COASTAL
HGEVBGRSXE_chipid421.tiff,SOUTHERN DRY
U7T5JI2BN9_chipid433.tiff,SOUTHERN DRY
6FNQUU1FGP_chipid4332.tiff,NORTH EAST DRY
9UZZAFX38U_chipid3957.tiff,UNKNOWN
EZN8H70DDR_chipid6027.tiff,UNKNOWN
7C2IS79X4J_chipid1248.tiff,CENTRAL DRY
TWN31ZDD31_chipid7864.tiff,NORTHERN DRY
EO1XI8ZDWL_chipid1861.tiff,CENTRAL DRY
RMEC79IAKU_chipid903.tiff,EASTERN DRY
YFWUMC5PBZ_chipid7667.tiff,CENTRAL DRY
CNEAAQJGTZ_chipid7396.tiff,SOUTHERN TRANSITION
RUL3BLGDOW_chipid3966.tiff,CENTRAL DRY
S3HAAJTP1I_chipid4431.tiff,NORTH EAST DRY
AALYCPWKOD_chipid2858.tiff,CENTRAL DRY
OLBBQ161TN_chipid2721.tiff,CENTRAL DRY
J8N4M7GGE3_chipid1986.tiff,EASTERN DRY
BWH9EXA94X_chipid583.tiff,EASTERN DRY
GR7HHNL5DZ_chipid4345.tiff,NORTH EAST DRY
JG9END8GKU_chipid7280.tiff,NORTHERN DRY
JKP5QZ1XWE_chipid592.tiff,EASTERN DRY
EI100PZ1AX_chipid7077.tiff,NORTHERN DRY
85PI09VNIY_chipid3760.tiff,WESTERN TRANSITION
W3VA98HXOB_chipid6860.tiff,SOUTHERN TRANSITION
KE5NVNZV82_chipid2215.tiff,EASTERN DRY
TTHLC6ASLE_chipid3142.tiff,CENTRAL DRY
P3621I4KY4_chipid374.tiff,SOUTHERN TRANSITION
34KWJ85AH1_chipid782.tiff,EASTERN DRY
ST8M2WMHNQ_chipid7944.tiff,WESTERN TRANSITION
6V1YEHKMBQ_chipid3208.tiff,COASTAL
0MYHB9TEJJ_chipid6281.tiff,NORTH EAST DRY
EG60RJP5PM_chipid329.tiff,SOUTHERN DRY
5VJDREFKM1_chipid1370.tiff,CENTRAL DRY
E6UJD9P12S_chipid2364.tiff,SOUTHERN TRANSITION
ZGRT078YVC_chipid3903.tiff,CENTRAL DRY
3EOWUUPAO6_chipid423.tiff,SOUTHERN DRY
DO5C9FQ8J8_chipid1168.tiff,CENTRAL DRY
P29G9O0T26_chipid6369.tiff,COASTAL
SKDO0HWP7T_chipid7478.tiff,CENTRAL DRY
C12XNKQJTF_chipid463.tiff,SOUTHERN DRY
5P3SKJ5OAK_chipid813.tiff,EASTERN DRY
CV6TQHVZO1_chipid4636.tiff,NORTH EAST DRY
89U8RZP2CY_chipid4538.tiff,NORTH EAST DRY
WM0E69Y2HY_chipid3970.tiff,SOUTHERN TRANSITION
Z3YHU80YZ0_chipid5950.tiff,NORTHERN DRY
3HTE64SQNA_chipid716.tiff,EASTERN DRY
4W8TFUFF8E_chipid4903.tiff,COASTAL
S8WZ14ZHM0_chipid1903.tiff,EASTERN DRY
J58A7XE725_chipid5844.tiff,NORTHERN DRY
X68DA0D8NH_chipid2084.tiff,EASTERN DRY
HYSSORY17X_chipid5413.tiff,SOUTHERN TRANSITION
14QMU6MSEW_chipid6170.tiff,COASTAL
G5JDSUG6VT_chipid7175.tiff,WESTERN TRANSITION
19DK7QRE40_chipid7192.tiff,UNKNOWN
AY4E0DQ255_chipid7971.tiff,WESTERN TRANSITION
SSV9QMS891_chipid5370.tiff,SOUTHERN TRANSITION
H44U4VHLPR_chipid3011.tiff,EASTERN DRY
61HCD8AKZZ_chipid3034.tiff,EASTERN DRY
R0XBA82KWE_chipid7322.tiff,NORTH EAST DRY
K6HSDAQSC9_chipid6096.tiff,HILL
VUYL0GOHPG_chipid868.tiff,EASTERN DRY
DTL7FVYQNS_chipid3532.tiff,COASTAL
Y8293AZV2B_chipid2522.tiff,NORTHERN DRY
2NMXGKDKMD_chipid4986.tiff,HILL
89R145W9DR_chipid840.tiff,EASTERN DRY
LTKNXYTIAJ_chipid2680.tiff,UNKNOWN
WT9BCW57BT_chipid4787.tiff,NORTH EAST DRY
PVCUHMTD1P_chipid6812.tiff,NORTHERN DRY
C1RSOZVFX2_chipid7697.tiff,COASTAL
3QC8B9B4WQ_chipid6597.tiff,CENTRAL DRY
FSF8X11PLO_chipid2067.tiff,EASTERN DRY
SR3RO69X8E_chipid5637.tiff,SOUTHERN TRANSITION
Q0DG193XBS_chipid2014.tiff,EASTERN DRY
VTF7DFZIZD_chipid1350.tiff,CENTRAL DRY
TEQJ91XVYS_chipid1061.tiff,EASTERN DRY
SEMR5XVXJW_chipid1266.tiff,CENTRAL DRY
ZAC2FWT8GH_chipid3163.tiff,SOUTHERN DRY
3IRSWD2RET_chipid5655.tiff,NORTHERN DRY
6HWV2OSGE8_chipid6683.tiff,CENTRAL DRY
LZ5SY5DH44_chipid6081.tiff,HILL
YYDAZZEK86_chipid3315.tiff,COASTAL
TN78RTVS9S_chipid430.tiff,SOUTHERN DRY
1WG0XNJYMU_chipid4941.tiff,COASTAL
MTC6ZJKBS8_chipid7786.tiff,NORTH EAST DRY
AWBME5EJ44_chipid1724.tiff,CENTRAL DRY
X1QZ3LLFXD_chipid2133.tiff,EASTERN DRY
KJJM8SZ4YB_chipid7501.tiff,NORTHERN DRY
2N2JD0RL3L_chipid1237.tiff,CENTRAL DRY
1O5W82F0I4_chipid3192.tiff,COASTAL
9VHC2QTLNN_chipid6248.tiff,SOUTHERN DRY
FYF3KNAMH7_chipid4235.tiff,SOUTHERN TRANSITION
NLF4HXCPS1_chipid6461.tiff,SOUTHERN DRY
36GA8QDQ1F_chipid5756.tiff,NORTHERN DRY
YDIYVPQXH1_chipid3181.tiff,SOUTHERN DRY
VMHSPH4LO1_chipid7596.tiff,NORTH EAST DRY
4P2PD1DGFD_chipid232.tiff,SOUTHERN TRANSITION
AYK1C5TLPP_chipid7685.tiff,COASTAL
KX5UTYEWUO_chipid1806.tiff,CENTRAL DRY
Z5G2XCWQBR_chipid5694.tiff,NORTHERN DRY
5QJ27G9H2S_chipid6618.tiff,CENTRAL DRY
C0HR4RIM49_chipid5949.tiff,NORTHERN DRY
RSCW1RHT6V_chipid6288.tiff,NORTH EAST DRY
05R06XBT6L_chipid1955.tiff,EASTERN DRY
AEMI67S95I_chipid7695.tiff,COASTAL
ACOPYF53V5_chipid5653.tiff,NORTHERN DRY
T5B51OJK3N_chipid534.tiff,SOUTHERN DRY
0TQJL7IYM9_chipid3728.tiff,WESTERN TRANSITION
70NUO1KCRY_chipid2161.tiff,EASTERN DRY
4SLXQQZK1K_chipid3391.tiff,COASTAL
9I069ZA7T7_chipid5827.tiff,NORTHERN DRY
7Z2S9Y331V_chipid367.tiff,SOUTHERN TRANSITION
QG9SUAUKUX_chipid3811.tiff,EASTERN DRY
5AWODE9ACR_chipid2370.tiff,SOUTHERN TRANSITION
16DXK98A4R_chipid5199.tiff,NORTH EAST DRY
O2LP9539A2_chipid4123.tiff,CENTRAL DRY
8SYYHY51IT_chipid1392.tiff,CENTRAL DRY
7QA9W0NNM2_chipid4960.tiff,COASTAL
Z3RIJX0XRX_chipid181.tiff,SOUTHERN TRANSITION
RHVG9T96B9_chipid6491.tiff,NORTH EAST DRY
93C4OQRJKT_chipid3120.tiff,CENTRAL DRY
QRD0XM5UNX_chipid444.tiff,SOUTHERN DRY
SUXTAB4U8K_chipid1646.tiff,WESTERN TRANSITION
8P90TCWHUB_chipid5762.tiff,NORTHERN DRY
A52FEBSK1I_chipid2711.tiff,CENTRAL DRY
CCNDM2OV7O_chipid6463.tiff,SOUTHERN DRY
97YIMPI0PT_chipid3826.tiff,CENTRAL DRY
AWUGBQQTLF_chipid7006.tiff,UNKNOWN
0MUTK531GY_chipid2213.tiff,EASTERN DRY
US89WNH0NO_chipid6950.tiff,EASTERN DRY
LR7DUR284S_chipid5795.tiff,NORTHERN DRY
E7FCVBF80E_chipid45.tiff,SOUTHERN TRANSITION
PXEB4YHQ8I_chipid4667.tiff,NORTH EAST DRY
8I442UGF9G_chipid6093.tiff,HILL
FLT2LO5YJV_chipid1767.tiff,CENTRAL DRY
DEZKIZ5NJV_chipid2508.tiff,CENTRAL DRY
MJDME80PA8_chipid1434.tiff,CENTRAL DRY
REL64QXFMF_chipid7198.tiff,UNKNOWN
LS7UO8HOS4_chipid4007.tiff,SOUTHERN TRANSITION
9YB9SM4ZMB_chipid5652.tiff,NORTHERN DRY
2MLZH2ZRGS_chipid3522.tiff,COASTAL
BF88FMLB2P_chipid6722.tiff,UNKNOWN
MTIC4CYYZ2_chipid7538.tiff,NORTHERN DRY
EO1YPUFGSB_chipid1727.tiff,CENTRAL DRY
AFTVIDL841_chipid3104.tiff,CENTRAL DRY
KBM65IJTUJ_chipid2609.tiff,SOUTHERN TRANSITION
OJI6C9TQDW_chipid2421.tiff,EASTERN DRY
G6VSZYICUG_chipid3418.tiff,UNKNOWN
6CV98CVG4A_chipid5418.tiff,SOUTHERN TRANSITION
RWEW3Z9YTJ_chipid1766.tiff,CENTRAL DRY
MXHN7UQ3I0_chipid2354.tiff,CENTRAL DRY
28FYBCE2KD_chipid6342.tiff,NORTH EAST DRY
EK4A1578WZ_chipid789.tiff,EASTERN DRY
FNXQH4I3T3_chipid3246.tiff,COASTAL
TKG424KXQ5_chipid5393.tiff,SOUTHERN TRANSITION
GD7MYOIVW5_chipid5919.tiff,NORTHERN DRY
DSOMH1RR7D_chipid2855.tiff,SOUTHERN DRY
LHJ601H1NB_chipid5416.tiff,SOUTHERN TRANSITION
J72OJIBBI5_chipid3567.tiff,COASTAL
CJPZMI41RF_chipid3153.tiff,SOUTHERN DRY
XUA3VPW891_chipid6535.tiff,CENTRAL DRY
7YBKH4PY6Q_chipid3366.tiff,COASTAL
0ZG4VMH8EK_chipid1637.tiff,WESTERN TRANSITION
QTFHB5TNLW_chipid811.tiff,EASTERN DRY
MSLJDTJKFX_chipid4399.tiff,NORTH EAST DRY
OWPASTKB73_chipid3349.tiff,COASTAL
7K73FP1J0S_chipid7651.tiff,CENTRAL DRY
XVX7JS7IIF_chipid7081.tiff,NORTHERN DRY
PCGUV0KNAV_chipid5861.tiff,NORTHERN DRY
I8J3W4I6FJ_chipid3281.tiff,CENTRAL DRY
AZQKC42EJK_chipid934.tiff,EASTERN DRY
SN9RPVPMQ1_chipid2068.tiff,EASTERN DRY
EW1Q6G1OKW_chipid2653.tiff,EASTERN DRY
DB7MESCJ32_chipid6079.tiff,HILL
HLB4CQKNXE_chipid2555.tiff,UNKNOWN
JS1K8S46DD_chipid7046.tiff,NORTHERN DRY
K6N3JNDYGH_chipid7461.tiff,CENTRAL DRY
7WYZRIUTP6_chipid7354.tiff,SOUTHERN TRANSITION
FEDP4XU364_chipid2933.tiff,CENTRAL DRY
U2U8T9RT5G_chipid2741.tiff,SOUTHERN TRANSITION
GJ5FHC0RSR_chipid1878.tiff,CENTRAL DRY
OJC94JN2C1_chipid1322.tiff,CENTRAL DRY
H3X6T5BSFM_chipid1934.tiff,EASTERN DRY
SFPAWSAH6W_chipid6057.tiff,HILL
DHRJ42BU5B_chipid4247.tiff,SOUTHERN TRANSITION
86D18GQD8J_chipid7023.tiff,UNKNOWN
PZDNG79TJ1_chipid7534.tiff,NORTHERN DRY
DYWJTQDNLP_chipid2587.tiff,SOUTHERN TRANSITION
FU1ZGA3LHN_chipid5611.tiff,SOUTHERN TRANSITION
59WB89C1W4_chipid5125.tiff,NORTH EAST DRY
QQC0ALMBF1_chipid8037.tiff,COASTAL
38D5CNZKD0_chipid2038.tiff,EASTERN DRY
L1QK78FNQJ_chipid1040.tiff,UNKNOWN
BZCQCK6I7Y_chipid1303.tiff,CENTRAL DRY
G7W4EXWX11_chipid4832.tiff,COASTAL
59R60SGM1C_chipid8089.tiff,NORTH EAST DRY
DLUMQ3IO4B_chipid1892.tiff,EASTERN DRY
TD4L0CLHM5_chipid4087.tiff,CENTRAL DRY
86G8XA1FUZ_chipid509.tiff,UNKNOWN
VWP20DGI41_chipid4542.tiff,NORTH EAST DRY
1QBOFT3DY9_chipid1695.tiff,NORTH EAST DRY
92CDZSBMRU_chipid967.tiff,EASTERN DRY
UPCXVSTXDM_chipid5119.tiff,NORTH EAST DRY
7DIIFDUXP5_chipid7826.tiff,COASTAL
TOMHN7M550_chipid6850.tiff,SOUTHERN TRANSITION
28CFI13BW0_chipid4925.tiff,COASTAL
BQFO0SL9VB_chipid6511.tiff,NORTH EAST DRY
H1M6Y5VQBI_chipid7865.tiff,NORTHERN DRY
SZKH4MRC6Q_chipid3127.tiff,CENTRAL DRY
MGGEW1WR5E_chipid3946.tiff,CENTRAL DRY
UEC083QQPY_chipid790.tiff,EASTERN DRY
NP8FPNZLP2_chipid4054.tiff,SOUTHERN DRY
CPF83WD06K_chipid1251.tiff,CENTRAL DRY
H8UDKH74X4_chipid6361.tiff,NORTH EAST DRY
528OUEJRQA_chipid3551.tiff,COASTAL
KHMFJITLOY_chipid5618.tiff,SOUTHERN TRANSITION
7D9KNFA890_chipid498.tiff,UNKNOWN
1XQYDAPE4A_chipid6446.tiff,SOUTHERN DRY
PIN1H52YDA_chipid1401.tiff,CENTRAL DRY
VI1VZ5NSH6_chipid3456.tiff,COASTAL
31QH2X6XFI_chipid7066.tiff,NORTHERN DRY
Z0TXBAT2IS_chipid746.tiff,EASTERN DRY
CWSPQBMRR2_chipid17.tiff,SOUTHERN TRANSITION
VREYH63LL8_chipid4388.tiff,NORTH EAST DRY
5MLNUXIA5P_chipid4391.tiff,NORTH EAST DRY
YIZZ7CIM4O_chipid3093.tiff,CENTRAL DRY
OID69AVRD0_chipid5516.tiff,SOUTHERN TRANSITION
PEB126WF5L_chipid3709.tiff,WESTERN TRANSITION
39QT7WPJ0S_chipid1398.tiff,CENTRAL DRY
F13U40W7M9_chipid3204.tiff,COASTAL
NHVZSYMNIH_chipid5942.tiff,NORTHERN DRY
PJIQQ8AL82_chipid1927.tiff,EASTERN DRY
17MJNES76G_chipid4257.tiff,SOUTHERN TRANSITION
SO3TWHDEZ3_chipid6600.tiff,CENTRAL DRY
CZHJ1ANKO5_chipid7460.tiff,CENTRAL DRY
CGNJ6ZH4U2_chipid968.tiff,EASTERN DRY
VPBLX1CB1X_chipid7085.tiff,NORTHERN DRY
63YWU8EN0K_chipid1445.tiff,CENTRAL DRY
1D258DJ63G_chipid4091.tiff,CENTRAL DRY
V22OCZUR9F_chipid3994.tiff,UNKNOWN
3XTVSXFRD8_chipid6346.tiff,NORTH EAST DRY
R5Y4S1ST47_chipid6092.tiff,HILL
WHFD8YTEGR_chipid1847.tiff,CENTRAL DRY
ATGWIF6JHS_chipid368.tiff,SOUTHERN TRANSITION
J68IIZ37DJ_chipid3742.tiff,WESTERN TRANSITION
P3RBV2GTV2_chipid4806.tiff,COASTAL
9RNHFP0NET_chipid3266.tiff,CENTRAL DRY
9KSPJQ29PT_chipid2429.tiff,EASTERN DRY
XHCKVBXGXP_chipid5594.tiff,SOUTHERN TRANSITION
CT00X0ZXYD_chipid6205.tiff,COASTAL
09OWJPLEWV_chipid4523.tiff,NORTH EAST DRY
AU2JTAOXLI_chipid1252.tiff,CENTRAL DRY
7Q1RKYRTSD_chipid1682.tiff,UNKNOWN
MBWNDGP0HO_chipid6701.tiff,CENTRAL DRY
E5EBRQAIP1_chipid7429.tiff,SOUTHERN TRANSITION
XC7JWM1SS2_chipid2476.tiff,EASTERN DRY
9EBCHU027Y_chipid4266.tiff,SOUTHERN TRANSITION
966MF6VWGC_chipid6958.tiff,EASTERN DRY
K62P6YDBCT_chipid5303.tiff,NORTH EAST DRY
ZYKQWBED4Z_chipid5058.tiff,NORTH EAST DRY
BLIW5QDZST_chipid3051.tiff,EASTERN DRY
13LYBRFUNR_chipid4578.tiff,NORTH EAST DRY
KRJP4JV4FT_chipid3164.tiff,SOUTHERN DRY
0G5V55WIU4_chipid6351.tiff,NORTH EAST DRY
CIX40IUL7E_chipid489.tiff,UNKNOWN
7PCCJLF21J_chipid384.tiff,SOUTHERN TRANSITION
VZF7RG85RD_chipid2804.tiff,SOUTHERN DRY
XT9CD23EWQ_chipid7569.tiff,NORTH EAST DRY
R20SPJNXQ1_chipid4422.tiff,NORTH EAST DRY
IIYOXF08J7_chipid963.tiff,EASTERN DRY
N6C4ECL29Z_chipid5360.tiff,SOUTHERN TRANSITION
2TPK3W6NIW_chipid6668.tiff,CENTRAL DRY
FTPTYEA1W8_chipid6350.tiff,NORTH EAST DRY
4D697IPGV2_chipid1606.tiff,CENTRAL DRY
T3PMRNEKX4_chipid3922.tiff,CENTRAL DRY
KSWTH0GXV3_chipid3916.tiff,CENTRAL DRY
B67OAULJOL_chipid6277.tiff,NORTH EAST DRY
4U8YKIGLEF_chipid5093.tiff,NORTH EAST DRY
1OMTCAOZLN_chipid3458.tiff,COASTAL
NP13Y9J19U_chipid8100.tiff,NORTH EAST DRY
B41ZE6P9MZ_chipid4281.tiff,SOUTHERN TRANSITION
DQ0NQ68KBG_chipid7933.tiff,WESTERN TRANSITION
1GKDJJ8MYH_chipid5215.tiff,UNKNOWN
S21ACKGNJH_chipid6324.tiff,NORTH EAST DRY
VJ6Z73L53H_chipid771.tiff,EASTERN DRY
VUQYGGT9ZW_chipid1833.tiff,CENTRAL DRY
024WOWRAQR_chipid7346.tiff,SOUTHERN TRANSITION
DE35QMTMLF_chipid382.tiff,SOUTHERN TRANSITION
44B9BY99OF_chipid6208.tiff,SOUTHERN DRY
VFBKI72UPT_chipid1024.tiff,EASTERN DRY
YT6292MDM3_chipid3837.tiff,NORTH EAST DRY
FIT6QMNIJE_chipid7677.tiff,COASTAL
JPSBC18JF3_chipid6692.tiff,CENTRAL DRY
AS6KAXEE01_chipid3254.tiff,CENTRAL DRY
BFS9Z6G5D7_chipid3991.tiff,UNKNOWN
RVZLFYDOP1_chipid5733.tiff,NORTHERN DRY
GYMNPTSC2Y_chipid4711.tiff,NORTH EAST DRY
K699CXLUUU_chipid4005.tiff,SOUTHERN TRANSITION
JO1EO3VRX4_chipid5905.tiff,NORTHERN DRY
92JGCY7J3H_chipid2761.tiff,SOUTHERN TRANSITION
9LAQDPI279_chipid2437.tiff,EASTERN DRY
33Y7DE5ZOK_chipid5975.tiff,NORTH EAST DRY
LC0GI0E6WL_chipid4641.tiff,NORTH EAST DRY
X3C9RT6SNI_chipid5229.tiff,NORTH EAST DRY
O72IWLYGKQ_chipid144.tiff,SOUTHERN TRANSITION
DK1V8NIDYR_chipid6355.tiff,NORTH EAST DRY
SR1UKU9R6S_chipid1232.tiff,CENTRAL DRY
GXDLWLZM4H_chipid1257.tiff,CENTRAL DRY
IPDQQQ7XTV_chipid4304.tiff,NORTH EAST DRY
GT6Z9SY5XL_chipid3102.tiff,CENTRAL DRY
IA3HG22WPZ_chipid6098.tiff,HILL
B4QOT9F2PI_chipid4527.tiff,NORTH EAST DRY
TN02DXL5M5_chipid578.tiff,EASTERN DRY
GLFPUYH4VE_chipid8104.tiff,NORTH EAST DRY
1034QOVHI2_chipid849.tiff,EASTERN DRY
ZYX498NZSF_chipid3402.tiff,COASTAL
SQGX0T8IM2_chipid5403.tiff,SOUTHERN TRANSITION
S16LTWG0HQ_chipid5391.tiff,SOUTHERN TRANSITION
LB9TO9P8HK_chipid7206.tiff,UNKNOWN
PDVRLRX23J_chipid223.tiff,SOUTHERN TRANSITION
H4O3ZQR6CH_chipid5145.tiff,NORTH EAST DRY
QPJLY5O9HK_chipid1946.tiff,EASTERN DRY
OROIKBJQJW_chipid3753.tiff,WESTERN TRANSITION
BITQL1TQX9_chipid4011.tiff,UNKNOWN
B7S32B3RT8_chipid8081.tiff,NORTH EAST DRY
KJCQOUD7GC_chipid7542.tiff,NORTHERN DRY
QFHUJ7WT80_chipid6169.tiff,COASTAL
2ZVO7UGPUH_chipid3654.tiff,WESTERN TRANSITION
ZO6NCK5O5S_chipid5740.tiff,NORTHERN DRY
8X7V61EE2S_chipid5894.tiff,NORTHERN DRY
89CMRR7ELR_chipid205.tiff,SOUTHERN TRANSITION
4UU8T0XD1T_chipid809.tiff,EASTERN DRY
E368R63JXP_chipid3555.tiff,COASTAL
VGS2R9HPN1_chipid3538.tiff,COASTAL
05CT02GP1X_chipid562.tiff,SOUTHERN DRY
TYCZWSMEV5_chipid2060.tiff,EASTERN DRY
FQY9UXBDNN_chipid7264.tiff,NORTHERN DRY
QJ858LSK1A_chipid5116.tiff,NORTH EAST DRY
WJHVEHCTZY_chipid1877.tiff,CENTRAL DRY
4CE2UMEP96_chipid4727.tiff,NORTH EAST DRY
UOE75S7RKD_chipid5616.tiff,SOUTHERN TRANSITION
C7WRJAFNFR_chipid8098.tiff,NORTH EAST DRY
AFMYRFMD4A_chipid4402.tiff,NORTH EAST DRY
JE7XRVVOHY_chipid5876.tiff,NORTHERN DRY
L7PLUWCALZ_chipid4929.tiff,COASTAL
PDT47ECCPZ_chipid1597.tiff,CENTRAL DRY
38LG9JN7QO_chipid3392.tiff,COASTAL
6GB3A8BSLN_chipid2142.tiff,EASTERN DRY
0OB3KD92PX_chipid207.tiff,SOUTHERN TRANSITION
NDNPFF6C70_chipid3169.tiff,SOUTHERN DRY
OKZ8G8UJDE_chipid5752.tiff,NORTHERN DRY
RMSVHYKRUL_chipid1503.tiff,CENTRAL DRY
E2LOPILB3X_chipid8065.tiff,NORTH EAST DRY
JA00NTN7AB_chipid6865.tiff,SOUTHERN TRANSITION
I1XVKYZ7CQ_chipid4084.tiff,CENTRAL DRY
KCCVLLEJ3K_chipid4048.tiff,SOUTHERN DRY
QA3OI67KOQ_chipid7543.tiff,NORTHERN DRY
8K8GWGS1WX_chipid3310.tiff,COASTAL
UD5ECBHSW6_chipid5592.tiff,SOUTHERN TRANSITION
IXVD4AR72N_chipid2883.tiff,CENTRAL DRY
15JJD795QM_chipid4122.tiff,CENTRAL DRY
M6DB1AHG5X_chipid6444.tiff,SOUTHERN DRY
8ZISZI0H6B_chipid300.tiff,SOUTHERN DRY
X5FR4APZ1K_chipid6146.tiff,HILL
6CYL82YWSU_chipid6292.tiff,NORTH EAST DRY
2DYBZQ3AR9_chipid5161.tiff,NORTH EAST DRY
Y0HZJSSB72_chipid865.tiff,EASTERN DRY
CRNWJSV5KM_chipid5381.tiff,SOUTHERN TRANSITION
XQWMS22LG4_chipid7338.tiff,NORTH EAST DRY
055461F27I_chipid1504.tiff,CENTRAL DRY
IYXWPG9ZZS_chipid3226.tiff,COASTAL
3229AFUX60_chipid5944.tiff,NORTHERN DRY
JXNXLMNBFS_chipid3108.tiff,CENTRAL DRY
HPJMJP602D_chipid5864.tiff,NORTHERN DRY
QIAMMN0P19_chipid1908.tiff,EASTERN DRY
2VHHZ7WD67_chipid4395.tiff,NORTH EAST DRY
9VYBHOBZ31_chipid7344.tiff,NORTH EAST DRY
XMH864G3EO_chipid73.tiff,SOUTHERN TRANSITION
9MQK6Z9Z9Z_chipid2560.tiff,UNKNOWN
4EBQ5E5MPO_chipid4014.tiff,SOUTHERN TRANSITION
1WDH8X4A6M_chipid4819.tiff,COASTAL
3A4TIQXIY1_chipid4709.tiff,NORTH EAST DRY
VLE7D7A1B1_chipid4913.tiff,COASTAL
RHP1H8ONXQ_chipid4908.tiff,COASTAL
WS5SNT0TRH_chipid1115.tiff,CENTRAL DRY
649S7PV57N_chipid7168.tiff,UNKNOWN
K65PM1JHB5_chipid2531.tiff,CENTRAL DRY
ZW4IDBYRIB_chipid6250.tiff,SOUTHERN DRY
3FRS1I9918_chipid5507.tiff,SOUTHERN TRANSITION
511HMDUIQA_chipid677.tiff,EASTERN DRY
TLQ207WYUN_chipid2790.tiff,SOUTHERN TRANSITION
57M79NV37U_chipid2709.tiff,CENTRAL DRY
VZ3XOFNPSV_chipid1099.tiff,EASTERN DRY
IL3OF7SFTI_chipid7092.tiff,WESTERN TRANSITION
S205YE707U_chipid4477.tiff,NORTH EAST DRY
Y6FW996OTK_chipid1951.tiff,EASTERN DRY
1VPCU0SIWK_chipid2153.tiff,EASTERN DRY
URNFCCM67U_chipid7257.tiff,NORTHERN DRY
UFGSZEUYZ7_chipid3972.tiff,SOUTHERN TRANSITION
UQOPMUC4E9_chipid4955.tiff,COASTAL
1GSH0HNQ2R_chipid8045.tiff,NORTH EAST DRY
91NTI4UPRV_chipid3906.tiff,CENTRAL DRY
QEZ9SXXJ1Q_chipid4720.tiff,NORTH EAST DRY
WX8VYNNRB6_chipid7760.tiff,UNKNOWN
RCPY6M08UW_chipid7327.tiff,NORTH EAST DRY
3YJ6H9R9ZC_chipid7879.tiff,NORTHERN DRY
4UHDM8CP8M_chipid6303.tiff,NORTH EAST DRY
8I2F3989HP_chipid820.tiff,EASTERN DRY
0U01VWYDH5_chipid4801.tiff,COASTAL
LOWHHHHVKC_chipid3805.tiff,WESTERN TRANSITION
XUVLYEX9DF_chipid1334.tiff,CENTRAL DRY
CLMNXA42HS_chipid4401.tiff,NORTH EAST DRY
FEC2J1K1OQ_chipid6723.tiff,UNKNOWN
BUW0V2FL91_chipid989.tiff,EASTERN DRY
TJW3S00DO7_chipid4837.tiff,COASTAL
MHYCGJA2A4_chipid5069.tiff,NORTH EAST DRY
GLLAQ9SQFM_chipid5081.tiff,NORTH EAST DRY
FTK22UNI08_chipid3787.tiff,UNKNOWN
ITWKIH4HNR_chipid46.tiff,SOUTHERN TRANSITION
L0NF1TVVUQ_chipid7737.tiff,COASTAL
Q83H88F2VF_chipid2766.tiff,SOUTHERN TRANSITION
E2JVZDZSK8_chipid6884.tiff,SOUTHERN TRANSITION
XSUQVT9T7L_chipid1996.tiff,EASTERN DRY
3BBL10V7XU_chipid2501.tiff,CENTRAL DRY
CN7ZHH3W9I_chipid2878.tiff,CENTRAL DRY
BK6VFFS6VZ_chipid2669.tiff,EASTERN DRY
7J1J4BCS4X_chipid8099.tiff,NORTH EAST DRY
QYTLX32NCL_chipid1531.tiff,CENTRAL DRY
IG4XL8DNSH_chipid2540.tiff,HILL
S7QZ277ARU_chipid4646.tiff,NORTH EAST DRY
5IMT3L2KJR_chipid3393.tiff,COASTAL
OTFHUUGHMR_chipid4425.tiff,NORTH EAST DRY
AWJWYHFTQF_chipid5297.tiff,NORTH EAST DRY
5VE3AIH3BD_chipid1328.tiff,CENTRAL DRY
SLBCXQT3E2_chipid244.tiff,SOUTHERN TRANSITION
95A3AH5C90_chipid7140.tiff,COASTAL
08PVC257NR_chipid1086.tiff,EASTERN DRY
IBAFIQVQS1_chipid340.tiff,SOUTHERN DRY
P6PL8Y3X8F_chipid1360.tiff,CENTRAL DRY
VWG8OPWPIC_chipid3594.tiff,COASTAL
D4XDEP1J10_chipid8062.tiff,NORTH EAST DRY
4XFBQH2EFZ_chipid713.tiff,EASTERN DRY
BW97YWGJ9A_chipid2368.tiff,SOUTHERN TRANSITION
4J6RM6ISN9_chipid4188.tiff,CENTRAL DRY
34C56E0BVD_chipid3908.tiff,CENTRAL DRY
9Q22AM8S3V_chipid3995.tiff,SOUTHERN TRANSITION
O4UDGAR8RQ_chipid7605.tiff,NORTH EAST DRY
RO6VLFGWFG_chipid5914.tiff,NORTHERN DRY
LML4D7TMNE_chipid4164.tiff,CENTRAL DRY
SYRM3NI7NU_chipid5075.tiff,NORTH EAST DRY
0M5BTJBGG9_chipid2328.tiff,CENTRAL DRY
D6V2FUVO7D_chipid3398.tiff,COASTAL
4N9GKQO9Y8_chipid7524.tiff,NORTHERN DRY
XCGNTX1065_chipid1686.tiff,NORTH EAST DRY
W5DC99K20J_chipid1308.tiff,CENTRAL DRY
4UJV9RDPMQ_chipid7674.tiff,COASTAL
2GB8DBPZJ0_chipid7392.tiff,SOUTHERN TRANSITION
BBP80HG03O_chipid4367.tiff,NORTH EAST DRY
VI1RZXOB8W_chipid598.tiff,EASTERN DRY
9POH9F8EIH_chipid4595.tiff,NORTH EAST DRY
5MTTUN3IY9_chipid6236.tiff,SOUTHERN DRY
FEBYA4WR5X_chipid5842.tiff,NORTHERN DRY
W8KVIQXC2T_chipid4452.tiff,NORTH EAST DRY
R2PK2IMHP6_chipid7270.tiff,NORTHERN DRY
NNU3QTWKP4_chipid3636.tiff,WESTERN TRANSITION
B4C0333M8K_chipid2009.tiff,EASTERN DRY
A19PZYSULI_chipid7247.tiff,NORTHERN DRY
B6A8BOQWWS_chipid3725.tiff,WESTERN TRANSITION
22MZG25400_chipid341.tiff,SOUTHERN DRY
54HT7NCG18_chipid2401.tiff,SOUTHERN TRANSITION
DS53SHWCQF_chipid1124.tiff,CENTRAL DRY
GCU6D4AX7H_chipid2252.tiff,EASTERN DRY
RET8V4DVGN_chipid7688.tiff,COASTAL
OGZZ4H0ZP3_chipid2461.tiff,EASTERN DRY
9AMUSMIEIV_chipid2357.tiff,SOUTHERN TRANSITION
SNRYHS0SUA_chipid4433.tiff,NORTH EAST DRY
0SWQZ2E46D_chipid1612.tiff,CENTRAL DRY
7J1EGTH68H_chipid5723.tiff,NORTHERN DRY
NF4R7M32J5_chipid6795.tiff,NORTHERN DRY
FE9XV736H9_chipid5895.tiff,NORTHERN DRY
EUXIGWMESP_chipid5860.tiff,NORTHERN DRY
BSGMK8HD6Q_chipid7335.tiff,NORTH EAST DRY
UGRRHENIZR_chipid2596.tiff,SOUTHERN TRANSITION
ZTIE205QEC_chipid1928.tiff,EASTERN DRY
RO2VPWDS60_chipid6725.tiff,UNKNOWN
27133DEKM8_chipid2029.tiff,EASTERN DRY
H4PU4ZPXBA_chipid1069.tiff,EASTERN DRY
7IU1OUTSO4_chipid3631.tiff,WESTERN TRANSITION
YR9EIV1D9Q_chipid3720.tiff,WESTERN TRANSITION
TVZADSJI68_chipid4564.tiff,NORTH EAST DRY
08Y8UFAMMB_chipid7167.tiff,CENTRAL DRY
F13TSKVS3G_chipid640.tiff,EASTERN DRY
HCP40B14GW_chipid2654.tiff,EASTERN DRY
3EHH6IV0V3_chipid3752.tiff,WESTERN TRANSITION
6P7FO6PZ3O_chipid1482.tiff,CENTRAL DRY
K10GLZUSNS_chipid6242.tiff,SOUTHERN DRY
1ESOS0F8MQ_chipid2812.tiff,SOUTHERN DRY
9ZJMRV4QTW_chipid833.tiff,EASTERN DRY
KYQQPHUASX_chipid4411.tiff,NORTH EAST DRY
BEMUBXQCK7_chipid1974.tiff,EASTERN DRY
HM7808DN9F_chipid5925.tiff,NORTHERN DRY
W1SQ9LLDCG_chipid7721.tiff,COASTAL
RYW61FC6D1_chipid1448.tiff,CENTRAL DRY
KLEM18525O_chipid3928.tiff,CENTRAL DRY
MN2XV8JN0M_chipid5110.tiff,NORTH EAST DRY
3QPDEZAGYK_chipid6719.tiff,UNKNOWN
CHVY5AXLZR_chipid6449.tiff,SOUTHERN DRY
SUBL895VYQ_chipid3327.tiff,COASTAL
L7JCJIGHEH_chipid1106.tiff,EASTERN DRY
C3MC6CSH40_chipid2881.tiff,CENTRAL DRY
JSU9ODNH11_chipid6068.tiff,HILL
AXDOCY5YAD_chipid1814.tiff,CENTRAL DRY
4OUO53HEA4_chipid4088.tiff,CENTRAL DRY
8LZ0KLWVQ3_chipid1255.tiff,CENTRAL DRY
OTA75AQKNJ_chipid4306.tiff,NORTH EAST DRY
WKJJ0GS9T6_chipid5772.tiff,NORTHERN DRY
R9BRKIA6AD_chipid2122.tiff,EASTERN DRY
I9IS8RBEPQ_chipid1304.tiff,CENTRAL DRY
AFKGI1NHGY_chipid4877.tiff,COASTAL
2OL36BZAQP_chipid6129.tiff,HILL
530IQ4YRQ4_chipid2829.tiff,SOUTHERN DRY
0YX0JFVKNX_chipid4175.tiff,CENTRAL DRY
501U6S7KEF_chipid4804.tiff,COASTAL
YVUTMLTMDM_chipid6769.tiff,UNKNOWN
WIHW9ZAXZK_chipid6104.tiff,HILL
J5X9ZZMC96_chipid460.tiff,SOUTHERN DRY
MBB2Q147QI_chipid1179.tiff,CENTRAL DRY
O3GQ0O5CQH_chipid2396.tiff,SOUTHERN TRANSITION
D5WI7EF2ZT_chipid5421.tiff,SOUTHERN TRANSITION
AZT1ASTVHI_chipid5573.tiff,SOUTHERN TRANSITION
38NCULINEZ_chipid4878.tiff,COASTAL
TIPF29UIDH_chipid7767.tiff,NORTH EAST DRY
MK6FXEKA76_chipid7628.tiff,CENTRAL DRY
S2WVL2WDK6_chipid6944.tiff,SOUTHERN TRANSITION
5EKJ7YC2YB_chipid4683.tiff,NORTH EAST DRY
OHXK39EXVC_chipid4919.tiff,COASTAL
ZGK6BES88D_chipid6519.tiff,NORTH EAST DRY
NWYXEOOB49_chipid7883.tiff,NORTHERN DRY
V7TZWNTOG0_chipid6162.tiff,COASTAL
LR3HQOCHJ3_chipid7723.tiff,COASTAL
PK758LOF1S_chipid2652.tiff,EASTERN DRY
ERMA5EGVVU_chipid5658.tiff,NORTHERN DRY
P77F6YK6PH_chipid877.tiff,EASTERN DRY
3MZI6HZ557_chipid3335.tiff,COASTAL
KOD4W523BI_chipid359.tiff,SOUTHERN TRANSITION
7O4HFZC9MW_chipid6024.tiff,UNKNOWN
XRTBT5A8UE_chipid2780.tiff,SOUTHERN TRANSITION
KT8VC0KPPN_chipid4403.tiff,NORTH EAST DRY
7NJ2BFH9KZ_chipid1353.tiff,CENTRAL DRY
H17R1RLANZ_chipid3245.tiff,COASTAL
XH2HY8XJDA_chipid5052.tiff,NORTH EAST DRY
Q1BHYB55SM_chipid1226.tiff,CENTRAL DRY
S5OP3QF307_chipid2659.tiff,EASTERN DRY
WXJMRG48SU_chipid5564.tiff,SOUTHERN TRANSITION
SH1KKUFLRP_chipid3478.tiff,COASTAL
2VLIMMLQCV_chipid4529.tiff,NORTH EAST DRY
400D2Y1UTO_chipid3888.tiff,CENTRAL DRY
9HGA5PSHT4_chipid3633.tiff,WESTERN TRANSITION
GAK5ID08JP_chipid4616.tiff,NORTH EAST DRY
T7H8GUOXGM_chipid2957.tiff,CENTRAL DRY
0A1E4SGQ8W_chipid662.tiff,EASTERN DRY
M48K5BBNAZ_chipid6563.tiff,UNKNOWN
KF6JJVH5QM_chipid5194.tiff,NORTH EAST DRY
81PJZNVHO6_chipid950.tiff,EASTERN DRY
KRJZHUVSNN_chipid5446.tiff,SOUTHERN TRANSITION
Y38E3B6V1W_chipid4086.tiff,CENTRAL DRY
2PF4US6SGQ_chipid3795.tiff,WESTERN TRANSITION
5WDBF7RX84_chipid5505.tiff,SOUTHERN TRANSITION
1AWLLIAM6K_chipid7506.tiff,NORTHERN DRY
C5Y70MVO4D_chipid364.tiff,SOUTHERN TRANSITION
3IZJAM8X7X_chipid472.tiff,SOUTHERN DRY
6FXXH0P9O5_chipid2808.tiff,SOUTHERN DRY
IWTXAXQHWL_chipid1772.tiff,CENTRAL DRY
WSRFZ58GZO_chipid1550.tiff,CENTRAL DRY
S2F4AFRPQL_chipid800.tiff,EASTERN DRY
XKRYXBOIAV_chipid3005.tiff,EASTERN DRY
XFK36DSVL7_chipid5478.tiff,COASTAL
3YZ2CDGEEK_chipid6842.tiff,SOUTHERN TRANSITION
SFZXG860RW_chipid499.tiff,UNKNOWN
05WET995RJ_chipid5046.tiff,NORTH EAST DRY
CHVMYXIIT8_chipid5288.tiff,NORTH EAST DRY
7NFMUP99FM_chipid5494.tiff,COASTAL
01OWM5G9JA_chipid6382.tiff,COASTAL
VE7CI3S7EQ_chipid3626.tiff,WESTERN TRANSITION
P63KC5HZVW_chipid554.tiff,SOUTHERN DRY
ZE0537WX92_chipid2431.tiff,EASTERN DRY
E2LPPMNYW9_chipid1108.tiff,EASTERN DRY
1HF3G9PCW0_chipid275.tiff,SOUTHERN DRY
GWAIHU0CK0_chipid306.tiff,SOUTHERN DRY
TWLART3BXS_chipid4657.tiff,NORTH EAST DRY
33UHFIQZS3_chipid1386.tiff,CENTRAL DRY
BF4TFUPR0R_chipid3812.tiff,WESTERN TRANSITION
XNE66A7YUP_chipid1601.tiff,CENTRAL DRY
AMZ111P3FE_chipid7451.tiff,CENTRAL DRY
8QGBYW47OQ_chipid3852.tiff,CENTRAL DRY
9V61V4IYJH_chipid6918.tiff,SOUTHERN TRANSITION
H42J87G2IS_chipid4261.tiff,SOUTHERN TRANSITION
EDRUZUQEWN_chipid4927.tiff,COASTAL
PJFSUNNMHM_chipid5347.tiff,NORTH EAST DRY
RYQJ1WNSYK_chipid1629.tiff,WESTERN TRANSITION
1U7PWK0GWQ_chipid1926.tiff,EASTERN DRY
ZZ6LGK6564_chipid7273.tiff,NORTHERN DRY
77KVO11ZTN_chipid1075.tiff,EASTERN DRY
LBXMWR6P20_chipid5817.tiff,NORTHERN DRY
GYC0CPCOWZ_chipid7241.tiff,NORTHERN DRY
NK5FNVQC6E_chipid6526.tiff,NORTH EAST DRY
Z0WZHG4D8Q_chipid1541.tiff,CENTRAL DRY
P0B5JYCU8M_chipid4435.tiff,NORTH EAST DRY
IU13MAY68T_chipid5668.tiff,NORTHERN DRY
UQVF5AWADK_chipid210.tiff,SOUTHERN TRANSITION
9L0HFETM1V_chipid1539.tiff,CENTRAL DRY
E7LC1OWSQ7_chipid5132.tiff,NORTH EAST DRY
HJOT34ZFVA_chipid195.tiff,SOUTHERN TRANSITION
30T906U8NN_chipid6049.tiff,HILL
3WOD0QV0O7_chipid6256.tiff,NORTH EAST DRY
9Z3C7KAEYE_chipid2249.tiff,EASTERN DRY
4YIALUSTP7_chipid4124.tiff,CENTRAL DRY
6VSMXCFT1V_chipid6168.tiff,COASTAL
ZYCSC9UKRH_chipid4404.tiff,NORTH EAST DRY
MF3FXMC1D2_chipid4077.tiff,SOUTHERN DRY
10EF6RBY3B_chipid1537.tiff,CENTRAL DRY
A3M8YNEQKA_chipid6705.tiff,CENTRAL DRY
6X4EQHKLCI_chipid4105.tiff,CENTRAL DRY
0C2M6X7G0D_chipid7890.tiff,NORTHERN DRY
SJ4OGZHOI4_chipid6583.tiff,CENTRAL DRY
N5JFYSYXR0_chipid2950.tiff,CENTRAL DRY
A1RG423KKY_chipid4482.tiff,NORTH EAST DRY
607FQ3F75H_chipid2098.tiff,EASTERN DRY
MI2SXKEOJ5_chipid36.tiff,SOUTHERN TRANSITION
0SRATELR6X_chipid5674.tiff,NORTHERN DRY
FRTUTA3E2T_chipid2412.tiff,EASTERN DRY
O3D2YK8QLZ_chipid7727.tiff,COASTAL
8VKNPWQ1QY_chipid881.tiff,EASTERN DRY
CSR3IBXW84_chipid5310.tiff,NORTH EAST DRY
13X9Q0ITD3_chipid5204.tiff,NORTH EAST DRY
C2T00UNOMM_chipid4713.tiff,NORTH EAST DRY
2RZE8L7PII_chipid5818.tiff,NORTHERN DRY
Y38DDWM4T7_chipid2958.tiff,CENTRAL DRY
PECH6W0O4V_chipid5970.tiff,NORTH EAST DRY
8GKR4YQF6U_chipid1121.tiff,CENTRAL DRY
FQ7IHWXVXH_chipid7653.tiff,CENTRAL DRY
0HOD0QVR5A_chipid6138.tiff,HILL
FQXQYAXWDN_chipid219.tiff,SOUTHERN TRANSITION
FJ4Z2TR274_chipid3771.tiff,WESTERN TRANSITION
77E1VI9HAN_chipid5342.tiff,NORTH EAST DRY
H3DNT6FCY8_chipid6965.tiff,EASTERN DRY
X24JV4PIYA_chipid5371.tiff,SOUTHERN TRANSITION
ULWF29FSXT_chipid3287.tiff,CENTRAL DRY
SPC9KIJTFE_chipid3791.tiff,UNKNOWN
SKT9ZVUHMP_chipid1138.tiff,CENTRAL DRY
P4EZHK83O6_chipid6364.tiff,NORTH EAST DRY
OWAXKGLWO7_chipid231.tiff,SOUTHERN TRANSITION
OCPCH0V3Q9_chipid1305.tiff,CENTRAL DRY
5BGT7CAQA2_chipid747.tiff,EASTERN DRY
PT3IU4V3KA_chipid4447.tiff,NORTH EAST DRY
BEBWWUULO6_chipid6731.tiff,UNKNOWN
WCKLD8V3G8_chipid4696.tiff,NORTH EAST DRY
560W07WFMQ_chipid3076.tiff,CENTRAL DRY
5PWABO8GVC_chipid4549.tiff,NORTH EAST DRY
11F7RNYM62_chipid4381.tiff,NORTH EAST DRY
Z3LDL0E8FF_chipid3981.tiff,SOUTHERN TRANSITION
H2EFD4C1NM_chipid2685.tiff,CENTRAL DRY
TABBPH1B8G_chipid3869.tiff,CENTRAL DRY
FNMRTKISBS_chipid3026.tiff,UNKNOWN
C79C35KCK0_chipid871.tiff,EASTERN DRY
AKT7ZDDNGI_chipid2504.tiff,CENTRAL DRY
TK4G4O00D4_chipid3761.tiff,WESTERN TRANSITION
HQL5UFJRHQ_chipid6442.tiff,SOUTHERN DRY
BFGQO3WOZN_chipid301.tiff,SOUTHERN DRY
M9DYG85SD7_chipid5022.tiff,NORTH EAST DRY
VZB3FOTMQ9_chipid4897.tiff,COASTAL
56MWZYYN5O_chipid5519.tiff,SOUTHERN TRANSITION
G3KUC2MEHO_chipid1010.tiff,EASTERN DRY
8CXY5X0NHJ_chipid539.tiff,SOUTHERN DRY
LQSCQI3BRW_chipid7379.tiff,SOUTHERN TRANSITION
E885ZEF58R_chipid4221.tiff,SOUTHERN TRANSITION
K8XKJDOWM0_chipid4358.tiff,NORTH EAST DRY
W525CUBOMI_chipid2207.tiff,EASTERN DRY
8SFSFKORT7_chipid4559.tiff,NORTH EAST DRY
JGI8Q5D8FY_chipid8020.tiff,COASTAL
T7YIVFJF4R_chipid6181.tiff,COASTAL
BWMNNVR5J5_chipid4098.tiff,CENTRAL DRY
PHWFHV5EGS_chipid6891.tiff,SOUTHERN TRANSITION
AGBHRCJP7M_chipid4075.tiff,SOUTHERN DRY
E9KS3ZSCE4_chipid5722.tiff,NORTHERN DRY
RQZ472EQG6_chipid805.tiff,EASTERN DRY
PI8ZF31XAU_chipid7462.tiff,CENTRAL DRY
FVJ4OQ9KJL_chipid3718.tiff,WESTERN TRANSITION
ZSDS7MPJNF_chipid452.tiff,SOUTHERN DRY
78P54GYTJU_chipid2350.tiff,CENTRAL DRY
56TCSDUIRM_chipid4448.tiff,NORTH EAST DRY
ZNLUOUIEDS_chipid5011.tiff,HILL
MM3G973780_chipid2452.tiff,EASTERN DRY
MSORJ7AI9N_chipid389.tiff,SOUTHERN TRANSITION
0K72KMZEGC_chipid2394.tiff,SOUTHERN TRANSITION
KE5OPHG6OO_chipid3658.tiff,WESTERN TRANSITION
MSJD875A5P_chipid6833.tiff,SOUTHERN TRANSITION
TF9CKR4T7C_chipid6707.tiff,CENTRAL DRY
D7T39J2O7F_chipid2422.tiff,EASTERN DRY
H5WVFMEALL_chipid8031.tiff,COASTAL
PKD0EJ855T_chipid85.tiff,SOUTHERN TRANSITION
GT6DCDZGVB_chipid5893.tiff,NORTHERN DRY
LYVJ2IPA4C_chipid5820.tiff,NORTHERN DRY
N4E8LBDOZ9_chipid2597.tiff,SOUTHERN TRANSITION
M0OLYPAJIL_chipid1985.tiff,EASTERN DRY
8DF1PFPFVO_chipid2581.tiff,SOUTHERN TRANSITION
XF2ARQQ9G0_chipid2432.tiff,EASTERN DRY
IH7NJPX4QE_chipid2859.tiff,CENTRAL DRY
0E2M5S4BQX_chipid668.tiff,EASTERN DRY
9ULVUU4NV6_chipid5045.tiff,NORTH EAST DRY
M9QVSIO7VY_chipid2374.tiff,SOUTHERN TRANSITION
4JXQ3YHSV1_chipid7496.tiff,NORTHERN DRY
TPYDE1YW4Y_chipid4428.tiff,NORTH EAST DRY
U47ST8X02N_chipid7912.tiff,NORTHERN DRY
5LWHEGSCBO_chipid4495.tiff,NORTH EAST DRY
5YLOQ2YY8M_chipid2301.tiff,CENTRAL DRY
AS4MT3K39C_chipid2863.tiff,CENTRAL DRY
HIYVQF9R8L_chipid2101.tiff,EASTERN DRY
6J93MD4OC8_chipid4472.tiff,NORTH EAST DRY
PVR6O7KGF9_chipid2917.tiff,CENTRAL DRY
9P6LSBH0UC_chipid5452.tiff,SOUTHERN TRANSITION
1ALXWT26CA_chipid6987.tiff,EASTERN DRY
GBPNUXZM3O_chipid2344.tiff,UNKNOWN
EZQKLP4EX9_chipid1828.tiff,CENTRAL DRY
35YVL0TJ9P_chipid3861.tiff,UNKNOWN
ZMSPM0QI73_chipid6738.tiff,UNKNOWN
1MP2K8O800_chipid6753.tiff,UNKNOWN
XVPOJKPGSQ_chipid1091.tiff,EASTERN DRY
6MPKYVMSB4_chipid2008.tiff,EASTERN DRY
LDSYRRS795_chipid1888.tiff,CENTRAL DRY
R4M9ML4PF9_chipid5650.tiff,NORTHERN DRY
1YJBR2QRN0_chipid3450.tiff,COASTAL
0OLVSZ1DIL_chipid4415.tiff,NORTH EAST DRY
EA47KPVS96_chipid3006.tiff,EASTERN DRY
50DTX8TZQK_chipid3945.tiff,UNKNOWN
MWT6O092W8_chipid2664.tiff,EASTERN DRY
HDCSJI3H2E_chipid309.tiff,SOUTHERN DRY
0YD8Q12GP2_chipid6317.tiff,NORTH EAST DRY
AZFWIU5HSY_chipid6919.tiff,SOUTHERN TRANSITION
5S2TIAKWWA_chipid4493.tiff,NORTH EAST DRY
YDVRX5AYHF_chipid4546.tiff,NORTH EAST DRY
VX5D0MYFL2_chipid2663.tiff,EASTERN DRY
8LQE0YES7T_chipid6375.tiff,COASTAL
8MEO5FZTJZ_chipid7713.tiff,COASTAL
886ZDIWF7P_chipid3270.tiff,CENTRAL DRY
L13RGCCKRP_chipid5131.tiff,NORTH EAST DRY
VLNI3B1MS7_chipid4917.tiff,COASTAL
YOBCK4C2JY_chipid6419.tiff,COASTAL
3WSLPKI3R8_chipid3412.tiff,CENTRAL DRY
NU8TWQYEYJ_chipid2045.tiff,EASTERN DRY
96K7SHO5GR_chipid4631.tiff,NORTH EAST DRY
G01XS7OZL6_chipid2032.tiff,EASTERN DRY
Z5MYS4YEYB_chipid3112.tiff,CENTRAL DRY
6ORL1788G5_chipid4972.tiff,HILL
S2ORI1PULI_chipid3088.tiff,CENTRAL DRY
81MJ2U1WHG_chipid3719.tiff,WESTERN TRANSITION
YJ5AY742JC_chipid3641.tiff,WESTERN TRANSITION
LATKMHC15A_chipid4229.tiff,SOUTHERN TRANSITION
QV9M791F17_chipid3228.tiff,COASTAL
QOG711SEDA_chipid1142.tiff,CENTRAL DRY
IRE4UV5BBN_chipid292.tiff,SOUTHERN DRY
5HRWDM6T8V_chipid5622.tiff,SOUTHERN TRANSITION
PG56GM16PN_chipid4387.tiff,NORTH EAST DRY
PSRM9UOFXW_chipid4831.tiff,COASTAL
RK4YRXXF07_chipid7282.tiff,NORTH EAST DRY
O2U3LGRAL9_chipid7896.tiff,NORTHERN DRY
B6TXUXL30B_chipid3437.tiff,CENTRAL DRY
5NOS19M745_chipid3314.tiff,COASTAL
APF10RKPHM_chipid1749.tiff,CENTRAL DRY
OQQLC6DRVZ_chipid3453.tiff,COASTAL
HFQ5HD66LS_chipid5350.tiff,SOUTHERN TRANSITION
74D21O5LYH_chipid7836.tiff,COASTAL
VXUSWA2MJ6_chipid2379.tiff,SOUTHERN TRANSITION
DJO0PNGO3O_chipid3800.tiff,NORTH EAST DRY
0OO586S5FF_chipid7876.tiff,NORTHERN DRY
2JAL3ZE0SE_chipid1978.tiff,EASTERN DRY
BBZFXDM97Q_chipid4587.tiff,NORTH EAST DRY
XRRNA5OS86_chipid2896.tiff,CENTRAL DRY
9LH4UO7WJ6_chipid6780.tiff,UNKNOWN
VXCDE0OORP_chipid3024.tiff,EASTERN DRY
6BD40J2P28_chipid2648.tiff,EASTERN DRY
SQ4664VXXK_chipid3286.tiff,CENTRAL DRY
DVF90YF8HK_chipid3702.tiff,WESTERN TRANSITION
2G61K46OSP_chipid2974.tiff,CENTRAL DRY
1SYTJE9JHW_chipid3656.tiff,WESTERN TRANSITION
NSCV3DXTO2_chipid5812.tiff,NORTHERN DRY
FFPTGIQ154_chipid4148.tiff,CENTRAL DRY
6SWGHNJSYH_chipid7907.tiff,NORTHERN DRY
BT1VZGSEDM_chipid4001.tiff,SOUTHERN TRANSITION
FCFUP7A0X0_chipid878.tiff,EASTERN DRY
ZT6HK62W9R_chipid6881.tiff,SOUTHERN TRANSITION
ZCC16RT8B0_chipid7822.tiff,COASTAL
V1LTZWVC1E_chipid2270.tiff,SOUTHERN TRANSITION
5SG5IAM31U_chipid7976.tiff,COASTAL
Q8Q20ZQY60_chipid6754.tiff,UNKNOWN
GTIGEFXO82_chipid2255.tiff,EASTERN DRY
UVCNY9I6AA_chipid2482.tiff,EASTERN DRY
4IWXVDYP1F_chipid2676.tiff,EASTERN DRY
3DU637JSM4_chipid4239.tiff,SOUTHERN TRANSITION
9EXR7GXPT9_chipid1414.tiff,CENTRAL DRY
VV01QSBZ93_chipid3328.tiff,COASTAL
IP2Y8NTCFK_chipid5019.tiff,HILL
WP4XDXNRR3_chipid7298.tiff,NORTH EAST DRY
MKO99G7OHU_chipid5375.tiff,SOUTHERN TRANSITION
GXU3G49V5A_chipid7426.tiff,SOUTHERN TRANSITION
4R3PMWIRVE_chipid4679.tiff,NORTH EAST DRY
O8DYI8TVPP_chipid7128.tiff,COASTAL
A1ZGHR4JTV_chipid2882.tiff,CENTRAL DRY
SI7PDK1N0R_chipid1480.tiff,CENTRAL DRY
A4C77W3C2A_chipid4789.tiff,NORTH EAST DRY
SB885Z98P6_chipid3528.tiff,COASTAL
RSGPUSS44J_chipid762.tiff,EASTERN DRY
J95UGX42FD_chipid6090.tiff,HILL
PO9F7P0BKR_chipid4783.tiff,NORTH EAST DRY
707JBL8FEU_chipid8079.tiff,NORTH EAST DRY
W53WG8YNLH_chipid7937.tiff,WESTERN TRANSITION
H9GVETMEOP_chipid2971.tiff,CENTRAL DRY
ZD1CFD4SBC_chipid7272.tiff,NORTHERN DRY
NUTUZAHBAR_chipid2076.tiff,EASTERN DRY
66BYD7SC9N_chipid4443.tiff,NORTH EAST DRY
ZXU1FRQO2Y_chipid3021.tiff,EASTERN DRY
RFWG0W9N7K_chipid5584.tiff,SOUTHERN TRANSITION
GD05IGVKEK_chipid4407.tiff,NORTH EAST DRY
1PQJRMQQX3_chipid2279.tiff,SOUTHERN TRANSITION
EDGRWRPTT6_chipid3592.tiff,COASTAL
ZAQL9DWIQ5_chipid847.tiff,EASTERN DRY
FTCAKRFLW6_chipid1796.tiff,CENTRAL DRY
5IB7K5PFL9_chipid5837.tiff,NORTHERN DRY
W9N5H8AIJS_chipid7664.tiff,UNKNOWN
9I62482NKM_chipid2834.tiff,SOUTHERN DRY
TFWMVQ6VDM_chipid3777.tiff,UNKNOWN
EY9PINC44F_chipid4126.tiff,CENTRAL DRY
YUJ8UCMBIM_chipid7980.tiff,COASTAL
J41L6B62GV_chipid7633.tiff,UNKNOWN
YW1LVJL9WK_chipid152.tiff,SOUTHERN TRANSITION
LC28HL2DVB_chipid4812.tiff,COASTAL
R6FTH7VPQH_chipid6733.tiff,UNKNOWN
05IAJE5OBK_chipid3373.tiff,COASTAL
J25ZF8EUN0_chipid6372.tiff,COASTAL
JAG98Y6XG4_chipid4533.tiff,NORTH EAST DRY
ORG58IG1PC_chipid4210.tiff,SOUTHERN TRANSITION
2S3EPMWTIE_chipid2363.tiff,SOUTHERN TRANSITION
0F95AMHS6R_chipid7812.tiff,COASTAL
6UIXSNLS9B_chipid163.tiff,SOUTHERN TRANSITION
NYP7N6UVLA_chipid4571.tiff,NORTH EAST DRY
E4ZTQVJ0QL_chipid6470.tiff,SOUTHERN DRY
8L00FJ5PXZ_chipid1680.tiff,UNKNOWN
4HA464ZFU1_chipid4751.tiff,NORTH EAST DRY
8MBS66MW6S_chipid4090.tiff,CENTRAL DRY
CATV1URT4W_chipid6231.tiff,SOUTHERN DRY
O3OCEJQW98_chipid3342.tiff,COASTAL
92HCQ0B86O_chipid5992.tiff,NORTH EAST DRY
NDB38EBS7S_chipid5777.tiff,NORTHERN DRY
YOKOH7WLXA_chipid5495.tiff,COASTAL
CY8NRG7COL_chipid7745.tiff,COASTAL
IUNZUZM169_chipid2843.tiff,SOUTHERN DRY
STVJPVCQSE_chipid6059.tiff,HILL
XNEPZEKW7R_chipid4898.tiff,COASTAL
A52NRK56ED_chipid1706.tiff,NORTH EAST DRY
F8GBLS0HM2_chipid4323.tiff,NORTH EAST DRY
6H0ZDVH26T_chipid1311.tiff,CENTRAL DRY
UJ9RJBB7ZR_chipid7844.tiff,NORTHERN DRY
XT6CA6NHRG_chipid7017.tiff,UNKNOWN
CJK422DNRF_chipid7068.tiff,NORTHERN DRY
TJJGZR8NUC_chipid3623.tiff,WESTERN TRANSITION
5E53RL028R_chipid5218.tiff,UNKNOWN
PLH69FGB93_chipid3038.tiff,UNKNOWN
TIDS86IRW9_chipid5797.tiff,NORTHERN DRY
3U2W21ZZHW_chipid2897.tiff,CENTRAL DRY
CV1OZ5PNDA_chipid3022.tiff,EASTERN DRY
BDN79UFYT1_chipid1202.tiff,CENTRAL DRY
DOOB3S3E4G_chipid7860.tiff,NORTHERN DRY
WBEHN9S8O7_chipid893.tiff,EASTERN DRY
K3JREA58XU_chipid285.tiff,SOUTHERN DRY
81DUA3M0LP_chipid4528.tiff,NORTH EAST DRY
CED48WBFKI_chipid2691.tiff,CENTRAL DRY
LVMZGVPCT7_chipid1630.tiff,WESTERN TRANSITION
CI6OQVXMB2_chipid6633.tiff,CENTRAL DRY
2WOK1E6P31_chipid2313.tiff,CENTRAL DRY
HG89RQQJRW_chipid5448.tiff,SOUTHERN TRANSITION
GY592M16CY_chipid7867.tiff,NORTHERN DRY
QM22A278XK_chipid5558.tiff,SOUTHERN TRANSITION
X23SIBNHZD_chipid333.tiff,SOUTHERN DRY
UX36JRNULH_chipid3313.tiff,COASTAL
XS0ODDVA8O_chipid4651.tiff,NORTH EAST DRY
4H222IB8O3_chipid4640.tiff,NORTH EAST DRY
Q3D6JAIO5H_chipid2647.tiff,EASTERN DRY
CMQ4Y35SA9_chipid474.tiff,SOUTHERN DRY
IRB514XH4K_chipid1635.tiff,WESTERN TRANSITION
838GP7MCNP_chipid7026.tiff,UNKNOWN
N6FSFGXTP2_chipid4451.tiff,NORTH EAST DRY
ZQWYH5HZ0V_chipid3548.tiff,COASTAL
0R9PD52BPA_chipid5852.tiff,NORTHERN DRY
8I2MA80B3U_chipid6273.tiff,NORTH EAST DRY
6J0WJG38OA_chipid7498.tiff,NORTHERN DRY
SPZ8AWAXYT_chipid987.tiff,EASTERN DRY
O04IU7W7DR_chipid2743.tiff,SOUTHERN TRANSITION
IYOZ2QAOEI_chipid1342.tiff,CENTRAL DRY
2XJQ8OB758_chipid7513.tiff,NORTHERN DRY
S3J9V7QXVT_chipid150.tiff,SOUTHERN TRANSITION
Y6380UU0SF_chipid6922.tiff,SOUTHERN TRANSITION
JSDGJKS7VL_chipid1577.tiff,CENTRAL DRY
JQBE9JHP7X_chipid3589.tiff,COASTAL
JK6MVRUTPH_chipid4765.tiff,NORTH EAST DRY
2PP34K7NQR_chipid4833.tiff,COASTAL
KY1OZXSR33_chipid2621.tiff,SOUTHERN TRANSITION
KK9M476EB2_chipid3873.tiff,UNKNOWN
ESLTTIC1EH_chipid6240.tiff,SOUTHERN DRY
AQIUBSCLUJ_chipid3976.tiff,SOUTHERN TRANSITION
IUHHBRMOP2_chipid6961.tiff,EASTERN DRY
TKWGZGMV5F_chipid467.tiff,SOUTHERN DRY
N5ZCVMD5PH_chipid1432.tiff,CENTRAL DRY
FZC4UIOX0W_chipid6861.tiff,SOUTHERN TRANSITION
1FM4V7XT1Q_chipid6655.tiff,CENTRAL DRY
BG1SM66ZX2_chipid3296.tiff,COASTAL
5S98595IMK_chipid2177.tiff,EASTERN DRY
8MAEMF2HPS_chipid7631.tiff,CENTRAL DRY
19TGK22NOU_chipid141.tiff,SOUTHERN TRANSITION
R3KWAG5C5T_chipid5686.tiff,NORTHERN DRY
OEMAU9OT89_chipid5044.tiff,NORTH EAST DRY
GLE5M91VLT_chipid1754.tiff,CENTRAL DRY
82IA7BBGE9_chipid4480.tiff,NORTH EAST DRY
B98CHXAYZF_chipid2704.tiff,CENTRAL DRY
I5HYXCUAMS_chipid6391.tiff,COASTAL
XA7KPAVX7Y_chipid4041.tiff,SOUTHERN DRY
37J9AW7FRA_chipid6430.tiff,COASTAL
PSTFXVSQQ6_chipid3042.tiff,EASTERN DRY
F07TOCLIE3_chipid8009.tiff,COASTAL
QVNASFPNOZ_chipid1839.tiff,CENTRAL DRY
RM202NQOYX_chipid3621.tiff,WESTERN TRANSITION
QQTMZOQLOJ_chipid945.tiff,EASTERN DRY
2KE30X9S9B_chipid7209.tiff,UNKNOWN
Q6FV0SK27L_chipid1413.tiff,CENTRAL DRY
QLFE5ZYB0G_chipid6406.tiff,COASTAL
PH41BV98HA_chipid5902.tiff,NORTHERN DRY
X5Q4Y8PAQU_chipid1223.tiff,CENTRAL DRY
47C8GR9AL8_chipid7251.tiff,NORTHERN DRY
SDFGJ1J4PC_chipid3054.tiff,CENTRAL DRY
EC83CQ5O7L_chipid6831.tiff,SOUTHERN TRANSITION
6SWFGFYY4D_chipid4953.tiff,COASTAL
9Y7U8HCIK9_chipid6819.tiff,NORTHERN DRY
YMCJFEDRXD_chipid445.tiff,SOUTHERN DRY
77SUX9GORS_chipid4926.tiff,COASTAL
5PAZFWWXL7_chipid4038.tiff,SOUTHERN DRY
HX7FA8GH1R_chipid7357.tiff,SOUTHERN TRANSITION
LAP8BZ5UDH_chipid6529.tiff,NORTH EAST DRY
95HFKYHJVV_chipid4282.tiff,UNKNOWN
QLDGSSCM9C_chipid7559.tiff,HILL
ZLFUVBPPA6_chipid2489.tiff,EASTERN DRY
ULUGL8ROYR_chipid4661.tiff,NORTH EAST DRY
UNQ5V5PR82_chipid4758.tiff,NORTH EAST DRY
WSD15X9UXS_chipid6656.tiff,CENTRAL DRY
AP6V8Z58C4_chipid3293.tiff,COASTAL
3VXTA9PAUF_chipid242.tiff,SOUTHERN TRANSITION
XNYURDK0C2_chipid3387.tiff,COASTAL
48086RZZ3L_chipid2677.tiff,EASTERN DRY
40HYOWY3X1_chipid7998.tiff,COASTAL
2IZ3M51DE8_chipid4626.tiff,NORTH EAST DRY
23ACZ0ZWIF_chipid815.tiff,EASTERN DRY
MV83COCSXB_chipid5396.tiff,SOUTHERN TRANSITION
EEG66UDVH0_chipid5065.tiff,NORTH EAST DRY
D34MRJ4PSC_chipid7096.tiff,WESTERN TRANSITION
6FMK5ZR29X_chipid2559.tiff,UNKNOWN
ZKTBOOMQBS_chipid2793.tiff,SOUTHERN TRANSITION
ACDD3STJRG_chipid3925.tiff,UNKNOWN
QZPXCJ5Y4A_chipid2857.tiff,CENTRAL DRY
KN8H3GIHVQ_chipid1471.tiff,CENTRAL DRY
VLU61BQ7JD_chipid3084.tiff,CENTRAL DRY
7HKRAJ1QRY_chipid7432.tiff,SOUTHERN TRANSITION
NDGEU9UAJP_chipid2289.tiff,SOUTHERN TRANSITION
1I7IDKGVEQ_chipid5064.tiff,NORTH EAST DRY
YC6MQVTAYF_chipid1802.tiff,CENTRAL DRY
PJ35848OE4_chipid6782.tiff,CENTRAL DRY
52JANXLURJ_chipid7725.tiff,COASTAL
EBTPRIHRKI_chipid2105.tiff,EASTERN DRY
QHNSNPPTMZ_chipid4439.tiff,NORTH EAST DRY
UEA1NFCTRG_chipid2895.tiff,CENTRAL DRY
872PMSXUSZ_chipid7603.tiff,NORTH EAST DRY
NRZY4OORU1_chipid4156.tiff,CENTRAL DRY
63DAJVWVZN_chipid4222.tiff,SOUTHERN TRANSITION
H8JIE3JOXV_chipid5158.tiff,NORTH EAST DRY
QYIU6JGPIZ_chipid7837.tiff,COASTAL
OJKUYK9TTM_chipid5408.tiff,SOUTHERN TRANSITION
C3B2Z3LQKH_chipid5120.tiff,NORTH EAST DRY
GT0QR69R9Q_chipid1245.tiff,CENTRAL DRY
5V43JNX9Z4_chipid5916.tiff,NORTHERN DRY
D2C6B5IIAP_chipid7771.tiff,NORTH EAST DRY
5PC9YVV9XO_chipid6348.tiff,NORTH EAST DRY
84X77L9D4S_chipid6182.tiff,COASTAL
Q2HKIL71GG_chipid81.tiff,SOUTHERN TRANSITION
OB06AO99JR_chipid6625.tiff,CENTRAL DRY
XATG3NDJ2W_chipid1112.tiff,EASTERN DRY
LGO4ONZ7AQ_chipid1684.tiff,UNKNOWN
R0RAMMFQI1_chipid2978.tiff,CENTRAL DRY
VTWUKBICIY_chipid6523.tiff,NORTH EAST DRY
F8TYL6XBYC_chipid1175.tiff,CENTRAL DRY
GN22SX83OY_chipid2241.tiff,EASTERN DRY
IUO626FC2U_chipid387.tiff,SOUTHERN TRANSITION
BZ95N03Z7S_chipid1083.tiff,EASTERN DRY
R6NXGNLDZ2_chipid3657.tiff,WESTERN TRANSITION
8M2563XV0N_chipid171.tiff,SOUTHERN TRANSITION
2UBY2AZXA6_chipid6654.tiff,CENTRAL DRY
72S9F8ZZU0_chipid3644.tiff,WESTERN TRANSITION
KNP75IEIKE_chipid3512.tiff,COASTAL
ME2DXSFGNE_chipid597.tiff,EASTERN DRY
SSJ9KF277G_chipid4946.tiff,COASTAL
HB9YP7FS2W_chipid3442.tiff,COASTAL
1IGAKILEIO_chipid1384.tiff,CENTRAL DRY
PEZSYN6LUS_chipid5382.tiff,SOUTHERN TRANSITION
TI42BBTVYP_chipid2592.tiff,SOUTHERN TRANSITION
2I4YO4P8RE_chipid5056.tiff,NORTH EAST DRY
9QUUS4VJ81_chipid5857.tiff,NORTHERN DRY
EST8JCGQX6_chipid406.tiff,SOUTHERN DRY
KPEB8OL8JW_chipid2104.tiff,EASTERN DRY
IR2TV5NX1M_chipid4623.tiff,NORTH EAST DRY
TOBSUSCE66_chipid7967.tiff,WESTERN TRANSITION
SSY3TI2ZHH_chipid4522.tiff,NORTH EAST DRY
IZYJ2HRA62_chipid973.tiff,EASTERN DRY
HXGNTZLZOB_chipid403.tiff,SOUTHERN DRY
6AW8B2T4FI_chipid729.tiff,EASTERN DRY
ZUCF0BHBKR_chipid7225.tiff,CENTRAL DRY
1HJH5YGPGB_chipid3225.tiff,COASTAL
Y8RYGRUJWD_chipid5266.tiff,NORTH EAST DRY
1AKCOGY5Q6_chipid428.tiff,SOUTHERN DRY
GHMTN039BS_chipid7825.tiff,COASTAL
DBO15IO3L3_chipid1110.tiff,EASTERN DRY
OG59TL9KAI_chipid5935.tiff,NORTHERN DRY
IF3IWWF1LU_chipid1461.tiff,CENTRAL DRY
9F21UYBPJ9_chipid4466.tiff,NORTH EAST DRY
JNJ1VQU5BB_chipid5198.tiff,NORTH EAST DRY
1JK9IYRTDA_chipid5643.tiff,NORTHERN DRY
W6KFN5HKEU_chipid6851.tiff,SOUTHERN TRANSITION
WIVFSIWWFD_chipid2312.tiff,CENTRAL DRY
ORQHMZIBCD_chipid5575.tiff,SOUTHERN TRANSITION
04DVS6SUWO_chipid3649.tiff,WESTERN TRANSITION
NNFBXGEKW0_chipid5115.tiff,NORTH EAST DRY
C9BFRQ7C1F_chipid1803.tiff,CENTRAL DRY
FF7Z8GPFDI_chipid4414.tiff,NORTH EAST DRY
0J8AOQXDF9_chipid4140.tiff,CENTRAL DRY
BTVXWXJART_chipid126.tiff,SOUTHERN TRANSITION
G946O3TMPU_chipid7869.tiff,NORTHERN DRY
HJN8HKRS6L_chipid1489.tiff,CENTRAL DRY
2F5904QWJ5_chipid8034.tiff,COASTAL
T1LC8AC3ZV_chipid3220.tiff,COASTAL
941JGQGZOH_chipid4207.tiff,SOUTHERN TRANSITION
IGE0HM0GBF_chipid1433.tiff,CENTRAL DRY
VTD1U8JEZC_chipid1368.tiff,CENTRAL DRY
SIMRU0QUF6_chipid6474.tiff,SOUTHERN DRY
6CWRJA6XJ2_chipid6968.tiff,EASTERN DRY
TKANV6R00L_chipid6691.tiff,CENTRAL DRY
ZBW411O7OJ_chipid3039.tiff,EASTERN DRY
8MF273GR73_chipid5061.tiff,NORTH EAST DRY
9ZWG0AWNOC_chipid1458.tiff,CENTRAL DRY
0TPJVO7AAF_chipid2467.tiff,EASTERN DRY
MBOPEF7O8H_chipid416.tiff,SOUTHERN DRY
YHRHK6R3FP_chipid3646.tiff,WESTERN TRANSITION
0AMRFUAEN5_chipid2822.tiff,SOUTHERN DRY
C8QY8Z54PA_chipid194.tiff,SOUTHERN TRANSITION
SPRJLEO8IY_chipid614.tiff,EASTERN DRY
C0OYJOVCTK_chipid1420.tiff,CENTRAL DRY
C2PXF4X3V7_chipid4861.tiff,COASTAL
2TVGKSNSS1_chipid7423.tiff,SOUTHERN TRANSITION
E2HXDLWBKH_chipid3480.tiff,COASTAL
XKZAXMKIMW_chipid6525.tiff,NORTH EAST DRY
A0TYTRSU14_chipid6040.tiff,UNKNOWN
5J1SUA3PEI_chipid1827.tiff,CENTRAL DRY
7UL7LUZ56D_chipid1556.tiff,CENTRAL DRY
6F79FP7KQN_chipid5345.tiff,NORTH EAST DRY
7C14J5MY1Q_chipid1148.tiff,CENTRAL DRY
Z1NWL5VBZF_chipid6612.tiff,CENTRAL DRY
OVQLX4VL5N_chipid2518.tiff,NORTH EAST DRY
BCKS76EKZX_chipid7453.tiff,CENTRAL DRY
TH6P6XQS02_chipid1604.tiff,CENTRAL DRY
MAO08R4N0T_chipid3354.tiff,COASTAL
MN8BQOVG2Z_chipid5620.tiff,SOUTHERN TRANSITION
QO7DKF7JKS_chipid6956.tiff,EASTERN DRY
2DDFO04NR4_chipid2869.tiff,CENTRAL DRY
3QX1V2NAZT_chipid186.tiff,SOUTHERN TRANSITION
4VXLF0F3SG_chipid1909.tiff,EASTERN DRY
U1VFUHIFP8_chipid2307.tiff,CENTRAL DRY
3S3U4O17MI_chipid2268.tiff,SOUTHERN TRANSITION
0V1DNIXDUQ_chipid717.tiff,EASTERN DRY
CM1VZPVC1Q_chipid4764.tiff,NORTH EAST DRY
S79DLFBLKX_chipid1647.tiff,WESTERN TRANSITION
RNI62CTY17_chipid5207.tiff,UNKNOWN
L2OPHXRB69_chipid4964.tiff,HILL
XWXFB4HPO6_chipid7928.tiff,WESTERN TRANSITION
SNPPODV17S_chipid3829.tiff,CENTRAL DRY
N8WU2D08X0_chipid708.tiff,EASTERN DRY
Q6U4PATWCE_chipid6173.tiff,COASTAL
XIDGO4A0UA_chipid6599.tiff,CENTRAL DRY
UL9E3IDG52_chipid6471.tiff,SOUTHERN DRY
UKWD9MG48X_chipid7644.tiff,CENTRAL DRY
T7JXR0PI6K_chipid4892.tiff,COASTAL
7J50F44FF4_chipid2507.tiff,CENTRAL DRY
EKGR6GBC0P_chipid610.tiff,EASTERN DRY
3HNLUXU7PY_chipid1813.tiff,CENTRAL DRY
QG0NYE5SC9_chipid4136.tiff,CENTRAL DRY
YIQCE0K0VD_chipid1484.tiff,CENTRAL DRY
7HC6DUMKYJ_chipid966.tiff,EASTERN DRY
PRVPNE0N09_chipid2137.tiff,EASTERN DRY
51TTKNVUI4_chipid4914.tiff,COASTAL
QTWQLJ2XJR_chipid6141.tiff,HILL
5M8RNQG5GN_chipid4632.tiff,NORTH EAST DRY
F28JF6QT1C_chipid7408.tiff,SOUTHERN TRANSITION
FZ5GZ1XFIA_chipid1636.tiff,WESTERN TRANSITION
IKDAY3NDMM_chipid2430.tiff,EASTERN DRY
SQDA0EMDDF_chipid5001.tiff,HILL
QZ5OHIWHGW_chipid4628.tiff,NORTH EAST DRY
I344TAS6EK_chipid5041.tiff,NORTH EAST DRY
7Q7YDIQ9O5_chipid3288.tiff,CENTRAL DRY
F59A5JQ52W_chipid2152.tiff,EASTERN DRY
UFIAEWP689_chipid5100.tiff,NORTH EAST DRY
EZK1B2JN7U_chipid1189.tiff,CENTRAL DRY
RB8TWKFI00_chipid1703.tiff,NORTH EAST DRY
G4JRL2ASTP_chipid906.tiff,EASTERN DRY
JXMVUL2EH5_chipid8106.tiff,NORTH EAST DRY
D8HDBHDN19_chipid7818.tiff,COASTAL
BNZG3VCGO0_chipid7476.tiff,UNKNOWN
R9LUWN6GCB_chipid7315.tiff,NORTH EAST DRY
RWCTBUM0J5_chipid7632.tiff,CENTRAL DRY
8UC6105JLK_chipid5397.tiff,SOUTHERN TRANSITION
9AC30I3CTD_chipid2071.tiff,EASTERN DRY
3IR3NOMWAV_chipid3187.tiff,SOUTHERN DRY
NYSL9GSWIT_chipid2035.tiff,EASTERN DRY
3844NNY8XJ_chipid7987.tiff,COASTAL
0UVM2F6NM9_chipid5462.tiff,COASTAL
V7SMYJT7R9_chipid7015.tiff,UNKNOWN
LU7D57VUFQ_chipid4279.tiff,UNKNOWN
3M7Z36TVPW_chipid6770.tiff,UNKNOWN
AMBLEV36MG_chipid4155.tiff,CENTRAL DRY
2UOXONHEZC_chipid3939.tiff,CENTRAL DRY
SSN9NG7N6H_chipid5771.tiff,NORTHERN DRY
CBK1ORW83H_chipid7152.tiff,COASTAL
PXW8U8L0FL_chipid4021.tiff,SOUTHERN TRANSITION
Y0BHM5BQTV_chipid7203.tiff,UNKNOWN
2L5H1COZSX_chipid2782.tiff,SOUTHERN TRANSITION
GEISXM2ILK_chipid2988.tiff,CENTRAL DRY
RNHD98BZAW_chipid127.tiff,SOUTHERN TRANSITION
N07XCHQICO_chipid4223.tiff,SOUTHERN TRANSITION
K2UDIHKY4J_chipid1096.tiff,EASTERN DRY
RGJARMHHJB_chipid1410.tiff,CENTRAL DRY
0KQSV9FPLA_chipid6225.tiff,SOUTHERN DRY
1PE3FC16NR_chipid86.tiff,SOUTHERN TRANSITION
ZENWFWC4WG_chipid7560.tiff,HILL
QG0MUH4UB3_chipid1498.tiff,CENTRAL DRY
CPM7LUIKRB_chipid151.tiff,SOUTHERN TRANSITION
XGSMEYLOHG_chipid6760.tiff,UNKNOWN
HGZ9LXOG61_chipid803.tiff,EASTERN DRY
AAAQUKX7BM_chipid8095.tiff,NORTH EAST DRY
O3QYV3H8QF_chipid2182.tiff,EASTERN DRY
44K4VW24EV_chipid7483.tiff,CENTRAL DRY
X71RES2T7D_chipid2174.tiff,EASTERN DRY
W5H31HEHZA_chipid5053.tiff,NORTH EAST DRY
3F4NKGL0AF_chipid3901.tiff,CENTRAL DRY
HR51BTWIK3_chipid1025.tiff,EASTERN DRY
MNEP0SVH4Q_chipid6671.tiff,CENTRAL DRY
SI1N9TXYK5_chipid5670.tiff,NORTHERN DRY
KVI6L4FJ98_chipid4902.tiff,COASTAL
WL7XCZHEO4_chipid2905.tiff,CENTRAL DRY
DU9O8NI6RS_chipid4080.tiff,SOUTHERN DRY
LLBBQ5XM1B_chipid2352.tiff,CENTRAL DRY
Y0R3FKFIPK_chipid3275.tiff,CENTRAL DRY
E2DY78ISCV_chipid6886.tiff,SOUTHERN TRANSITION
Q1LUKJDTM4_chipid6339.tiff,NORTH EAST DRY
O6UIZNUJQT_chipid4420.tiff,NORTH EAST DRY
9Q6TPOLN3S_chipid7107.tiff,WESTERN TRANSITION
B5HZ23U8HP_chipid2731.tiff,CENTRAL DRY
Z5EKR5QSTK_chipid949.tiff,EASTERN DRY
DX9X4J6KBZ_chipid4911.tiff,COASTAL
OAGKCSSO3J_chipid3451.tiff,COASTAL
19C7A78ZYC_chipid5015.tiff,HILL
YCWH74NDYI_chipid2594.tiff,SOUTHERN TRANSITION
Y1B7TQN50O_chipid2499.tiff,CENTRAL DRY
R72WKWT79V_chipid7189.tiff,CENTRAL DRY
YTS5316WJY_chipid3505.tiff,COASTAL
9KVSMXCVWR_chipid4113.tiff,CENTRAL DRY
JQ0MMX8KF2_chipid134.tiff,SOUTHERN TRANSITION
0Z0NIWWTDV_chipid3411.tiff,CENTRAL DRY
83B8TFQ8MV_chipid5224.tiff,NORTH EAST DRY
CWCD8C729W_chipid2942.tiff,CENTRAL DRY
XLJC2P5D8Z_chipid2304.tiff,CENTRAL DRY
8XCNXPDSGA_chipid1502.tiff,CENTRAL DRY
IVFIIQIS8I_chipid1673.tiff,UNKNOWN
7GMSBRS841_chipid4551.tiff,NORTH EAST DRY
N38Y0KD0BC_chipid1565.tiff,CENTRAL DRY
MSG5JO2KLO_chipid6468.tiff,SOUTHERN DRY
HAHN0K9Z55_chipid1788.tiff,CENTRAL DRY
5Y1M6IKLPV_chipid6856.tiff,SOUTHERN TRANSITION
XX5LA3O4UO_chipid4867.tiff,COASTAL
4P1X2CV9E3_chipid6899.tiff,SOUTHERN TRANSITION
FCVXPMS268_chipid3311.tiff,COASTAL
U6H1MFLWFE_chipid7529.tiff,NORTHERN DRY
32EAZII21Z_chipid3823.tiff,WESTERN TRANSITION
ZH5V23D4H9_chipid7227.tiff,UNKNOWN
60DRRJUT81_chipid5892.tiff,NORTHERN DRY
J0EFESQJSM_chipid3849.tiff,EASTERN DRY
6ZXEI7C7C5_chipid5506.tiff,SOUTHERN TRANSITION
J4HYFI5VSI_chipid7224.tiff,UNKNOWN
IB7WF8Q5L2_chipid1292.tiff,CENTRAL DRY
HXFQKBRE58_chipid4317.tiff,NORTH EAST DRY
ZOK2URHCJY_chipid3509.tiff,COASTAL
YQCVFS967Y_chipid3414.tiff,CENTRAL DRY
7GSBR8HI47_chipid6160.tiff,COASTAL
5UH1IZKITN_chipid1633.tiff,WESTERN TRANSITION
8VRT2MOA75_chipid948.tiff,EASTERN DRY
KZB5GVWLP8_chipid4699.tiff,NORTH EAST DRY
IC0MR04SHP_chipid4085.tiff,UNKNOWN
0MTL4FES59_chipid7310.tiff,NORTH EAST DRY
SRISWO7E45_chipid4278.tiff,SOUTHERN TRANSITION
3D0UD84UO8_chipid6636.tiff,CENTRAL DRY
Y4IH7OU2V3_chipid1622.tiff,WESTERN TRANSITION
57YSDCOV8P_chipid7590.tiff,NORTH EAST DRY
5LM6OC79KW_chipid7098.tiff,WESTERN TRANSITION
MP6E3GD6NK_chipid6010.tiff,UNKNOWN
I9OAUXYUJM_chipid3674.tiff,WESTERN TRANSITION
2HAFBCJ1JA_chipid739.tiff,EASTERN DRY
CR8E8A2YX1_chipid4203.tiff,SOUTHERN TRANSITION
L046PAF06M_chipid383.tiff,SOUTHERN TRANSITION
C0PFWZ4TXQ_chipid5683.tiff,NORTHERN DRY
4PDZVRK8CY_chipid1027.tiff,EASTERN DRY
2EEOQYP8T2_chipid6948.tiff,EASTERN DRY
YS4KU6SQQ8_chipid4315.tiff,NORTH EAST DRY
B14R51ZHV4_chipid5651.tiff,NORTHERN DRY
SBR3KDMQN9_chipid6643.tiff,CENTRAL DRY
N0TMO6MGUQ_chipid5750.tiff,NORTHERN DRY
FJ7KCZU1LK_chipid3058.tiff,CENTRAL DRY
GNQ3LDSO7T_chipid5528.tiff,SOUTHERN TRANSITION
1K33W83L3B_chipid3504.tiff,COASTAL
BNGYBKIL7E_chipid2243.tiff,EASTERN DRY
NB265PG4N0_chipid4441.tiff,NORTH EAST DRY
TIWDEL08DV_chipid5267.tiff,NORTH EAST DRY
76WTYQ9PMD_chipid1614.tiff,CENTRAL DRY
21F8TJA2V5_chipid855.tiff,EASTERN DRY
OI4W2RSSM5_chipid632.tiff,EASTERN DRY
6ZM04KJYCE_chipid622.tiff,EASTERN DRY
VL1FCQDK1S_chipid4818.tiff,COASTAL
1VYS70V336_chipid947.tiff,UNKNOWN
ILFZ0D7CYT_chipid669.tiff,EASTERN DRY
ERCXHQ34XZ_chipid5971.tiff,NORTH EAST DRY
9QHLEA5B1Q_chipid3851.tiff,CENTRAL DRY
R4A9SFLHOK_chipid2077.tiff,EASTERN DRY
47TJH315DC_chipid4669.tiff,NORTH EAST DRY
MUPLTJCFMH_chipid6512.tiff,NORTH EAST DRY
8UKDZPIV3I_chipid3507.tiff,COASTAL
NE8FCQ1IZK_chipid7038.tiff,NORTH EAST DRY
QVYLCITIGL_chipid3046.tiff,EASTERN DRY
5WYB8Y4O18_chipid2665.tiff,EASTERN DRY
CS33E9J4Z9_chipid167.tiff,SOUTHERN TRANSITION
XOZ0U89NX4_chipid7916.tiff,NORTHERN DRY
VLEQ82N8Z7_chipid7973.tiff,COASTAL
OL4B3JSTBZ_chipid6669.tiff,CENTRAL DRY
K7Q1I6COQG_chipid3790.tiff,UNKNOWN
CCMSWHV2H1_chipid145.tiff,SOUTHERN TRANSITION
YFZQYDMC65_chipid6784.tiff,CENTRAL DRY
IPVOZBNBER_chipid3191.tiff,SOUTHERN DRY
ONSCSKZI6R_chipid3394.tiff,COASTAL
S26KP18L5H_chipid7834.tiff,COASTAL
T19HNN0C5Z_chipid218.tiff,SOUTHERN TRANSITION
78A4FOQHKY_chipid3857.tiff,CENTRAL DRY
XCDL4EH2OV_chipid66.tiff,SOUTHERN TRANSITION
V9X11WDVQE_chipid7650.tiff,UNKNOWN
6MF96HUBIE_chipid5401.tiff,SOUTHERN TRANSITION
YSGP8654KC_chipid5983.tiff,NORTH EAST DRY
62NWEK4AJI_chipid6631.tiff,CENTRAL DRY
Q88IPA2MIU_chipid772.tiff,EASTERN DRY
YHZW3AI3D2_chipid8019.tiff,COASTAL
XFZXHBGEND_chipid8080.tiff,NORTH EAST DRY
0PFYOTG97Y_chipid135.tiff,SOUTHERN TRANSITION
JP0XZA70J5_chipid7919.tiff,NORTHERN DRY
BNLQW5JDXQ_chipid1312.tiff,CENTRAL DRY
PJ9PRB4ERK_chipid3778.tiff,UNKNOWN
GRHZ51G8MH_chipid4940.tiff,COASTAL
IHN7NLE8T7_chipid1564.tiff,CENTRAL DRY
WDIAM2RRWS_chipid2700.tiff,CENTRAL DRY
WRD1B5AWOO_chipid6403.tiff,COASTAL
ZMFTFEPXNX_chipid7752.tiff,COASTAL
JKQM7BT749_chipid5055.tiff,NORTH EAST DRY
X7PEKTAOVC_chipid1988.tiff,EASTERN DRY
049N3EPE4U_chipid409.tiff,SOUTHERN DRY
3RXQ4OOA9H_chipid187.tiff,SOUTHERN TRANSITION
SU8SATJNTI_chipid7019.tiff,UNKNOWN
93UGTNVQ4R_chipid718.tiff,EASTERN DRY
078W9S3RS7_chipid6711.tiff,CENTRAL DRY
FV0WUXZNQY_chipid7618.tiff,UNKNOWN
75FCB6NUZI_chipid8101.tiff,NORTH EAST DRY
CWGR2CILB6_chipid5763.tiff,NORTHERN DRY
EK29T9XWDZ_chipid7490.tiff,NORTHERN DRY
J66X3AYY2V_chipid3285.tiff,CENTRAL DRY
BPBG7F6MLE_chipid5791.tiff,NORTHERN DRY
MALIVVNHMB_chipid4144.tiff,CENTRAL DRY
0B6K8J6LPX_chipid5483.tiff,COASTAL
TSLICJ38JI_chipid5165.tiff,NORTH EAST DRY
Q93NOMFDYO_chipid1771.tiff,CENTRAL DRY
I1YSBXUKX6_chipid6615.tiff,CENTRAL DRY
KLPNIS434Q_chipid5210.tiff,UNKNOWN
GKKFT03JDL_chipid5150.tiff,NORTH EAST DRY
Y7CD8EU7Q5_chipid5639.tiff,SOUTHERN TRANSITION
V90Z3M4AX7_chipid290.tiff,SOUTHERN DRY
MT15ROXY3B_chipid7607.tiff,NORTH EAST DRY
MD3OSNZKL5_chipid6172.tiff,COASTAL
NK5VNDCHY2_chipid5124.tiff,NORTH EAST DRY
SCYZVN2T1V_chipid6557.tiff,CENTRAL DRY
P0SKL8YYCJ_chipid7125.tiff,COASTAL
TQZYEL8GOP_chipid1791.tiff,CENTRAL DRY
CBUJDXWD75_chipid748.tiff,EASTERN DRY
GQNIRO405N_chipid7615.tiff,UNKNOWN
1H48V7Q58B_chipid5039.tiff,NORTH EAST DRY
1VK27GY0D8_chipid3195.tiff,COASTAL
DYBZFPQ1BZ_chipid3517.tiff,COASTAL
NGLZUOLQCW_chipid3547.tiff,COASTAL
YYNTOUBR2G_chipid3990.tiff,UNKNOWN
HGQXEO3IT1_chipid6370.tiff,COASTAL
NA3N28MER1_chipid2166.tiff,EASTERN DRY
WAJTFD5ZV1_chipid2509.tiff,CENTRAL DRY
TOCHU9XX41_chipid5335.tiff,NORTH EAST DRY
ZSE376PKV6_chipid7364.tiff,SOUTHERN TRANSITION
N1EE0P3TQD_chipid6021.tiff,UNKNOWN
0IY7WCPRQZ_chipid3128.tiff,CENTRAL DRY
3R7E43LMJX_chipid7914.tiff,NORTHERN DRY
8NW8XD0UR4_chipid3573.tiff,COASTAL
9LE6HLRRIE_chipid1518.tiff,CENTRAL DRY
OPY0LO2966_chipid4152.tiff,CENTRAL DRY
CZ5CL78IQ8_chipid2373.tiff,SOUTHERN TRANSITION
HRUV79WQWX_chipid3973.tiff,SOUTHERN TRANSITION
HDD5KN68WT_chipid394.tiff,SOUTHERN TRANSITION
Y07HEYOTBN_chipid2369.tiff,SOUTHERN TRANSITION
8PF411I3EM_chipid6867.tiff,SOUTHERN TRANSITION
19IVB9QG0H_chipid7609.tiff,NORTH EAST DRY
87W0EA1G1W_chipid60.tiff,SOUTHERN TRANSITION
54YGAOU82B_chipid8032.tiff,COASTAL
3HXXXQUYSB_chipid4736.tiff,NORTH EAST DRY
2DC7DWHP00_chipid5221.tiff,NORTH EAST DRY
Z0C7QLOQIA_chipid1619.tiff,CENTRAL DRY
JMILOX8520_chipid8040.tiff,NORTH EAST DRY
P4992OXCOZ_chipid3731.tiff,WESTERN TRANSITION
9TVH5197JK_chipid7672.tiff,CENTRAL DRY
3H523V666V_chipid5758.tiff,NORTHERN DRY
DOTYO1HUKR_chipid5679.tiff,NORTHERN DRY
XJIMA88LO5_chipid685.tiff,EASTERN DRY
A9UGWNU6WD_chipid2783.tiff,SOUTHERN TRANSITION
CTZ96KC02Z_chipid7449.tiff,CENTRAL DRY
4N5S1WTF5K_chipid2138.tiff,EASTERN DRY
PAM9IYGGND_chipid7902.tiff,NORTHERN DRY
GPD4B0QJ8R_chipid3405.tiff,CENTRAL DRY
LCKEAAQ0DK_chipid7782.tiff,UNKNOWN
K52P4DWAW3_chipid6568.tiff,CENTRAL DRY
1ULLWXY0NE_chipid253.tiff,SOUTHERN TRANSITION
D9B1ND6XOM_chipid2554.tiff,WESTERN TRANSITION
TQPJ1GLZTT_chipid3167.tiff,SOUTHERN DRY
9RBPBJ9P7G_chipid4956.tiff,COASTAL
OUXES0PDAN_chipid3583.tiff,COASTAL
NLF555O0N3_chipid3474.tiff,COASTAL
L880AV628Y_chipid5426.tiff,SOUTHERN TRANSITION
0Y40SOQMO2_chipid5931.tiff,NORTHERN DRY
6PNOBUTAGW_chipid6174.tiff,COASTAL
D4FEMVTBKP_chipid1173.tiff,CENTRAL DRY
4K0GHNG47M_chipid6034.tiff,UNKNOWN
UEHYFIQLSQ_chipid7244.tiff,NORTHERN DRY
HXT299B722_chipid7018.tiff,UNKNOWN
UM5H2TPB2F_chipid2276.tiff,SOUTHERN TRANSITION
SQG3T3BRN5_chipid5247.tiff,NORTH EAST DRY
3AA0PAV3H2_chipid4206.tiff,SOUTHERN TRANSITION
VMZIL0RUN0_chipid4548.tiff,NORTH EAST DRY
KH4GMOSR5I_chipid6145.tiff,HILL
PNMANB1WXC_chipid919.tiff,EASTERN DRY
F5LTOSBTH9_chipid2758.tiff,SOUTHERN TRANSITION
U3DL7SA7G4_chipid1584.tiff,CENTRAL DRY
6PW29X5CD3_chipid3536.tiff,COASTAL
PQ3WKSZPAA_chipid7005.tiff,UNKNOWN
QBO3D7VZCG_chipid6640.tiff,CENTRAL DRY
V7EKBW5R94_chipid435.tiff,SOUTHERN DRY
52N98E9AQO_chipid1442.tiff,CENTRAL DRY
EN3XUZJRB7_chipid1672.tiff,CENTRAL DRY
49C56K4RWR_chipid6924.tiff,SOUTHERN TRANSITION
TIXEQS2T1G_chipid6053.tiff,HILL
E8QP5E56NO_chipid6990.tiff,EASTERN DRY
AZLPT14BJ9_chipid4255.tiff,EASTERN DRY
YZQJQ55QHW_chipid6505.tiff,NORTH EAST DRY
16CB66O11Q_chipid2391.tiff,SOUTHERN TRANSITION
BUIMBUH2VP_chipid7226.tiff,CENTRAL DRY
L8QTXXZX4I_chipid7142.tiff,COASTAL
KMXUT6UE8N_chipid2179.tiff,EASTERN DRY
XTCX8L0V9E_chipid1422.tiff,CENTRAL DRY
PNAA8611XA_chipid6913.tiff,SOUTHERN TRANSITION
N2WK93G3Y8_chipid1717.tiff,NORTH EAST DRY
QDODTBHLFI_chipid2746.tiff,SOUTHERN TRANSITION
G87GP31U71_chipid6809.tiff,NORTHERN DRY
QDEKYT6XNE_chipid4703.tiff,NORTH EAST DRY
P839DX5W97_chipid999.tiff,EASTERN DRY
9JU8DM74OC_chipid7472.tiff,UNKNOWN
9N3S0AF6IU_chipid2267.tiff,SOUTHERN TRANSITION
DSHTUUBQ2I_chipid6315.tiff,NORTH EAST DRY
QX9X3VFP3B_chipid4146.tiff,CENTRAL DRY
TNN1QCYP8V_chipid5527.tiff,SOUTHERN TRANSITION
CY55II1I69_chipid7611.tiff,CENTRAL DRY
VQLDSF9426_chipid5715.tiff,NORTHERN DRY
VORACY8X0R_chipid4596.tiff,NORTH EAST DRY
5CEMG6EF29_chipid159.tiff,SOUTHERN TRANSITION
0YS0LENMO7_chipid6614.tiff,CENTRAL DRY
ZPDSBHGYOX_chipid3344.tiff,COASTAL
XNDWZ2HPZ6_chipid6647.tiff,CENTRAL DRY
B0LRQPGK47_chipid6178.tiff,COASTAL
F2HUCQC3QA_chipid4112.tiff,CENTRAL DRY
EXXXRKNH91_chipid5671.tiff,NORTHERN DRY
CRKJ6FO9PZ_chipid1640.tiff,WESTERN TRANSITION
827WIN6K1W_chipid2413.tiff,EASTERN DRY
TQW50FN49E_chipid545.tiff,SOUTHERN DRY
OVVVREPBSC_chipid994.tiff,EASTERN DRY
XQZRSYMSOM_chipid4957.tiff,COASTAL
I742KLI4YL_chipid7393.tiff,SOUTHERN TRANSITION
I96XAHKOTO_chipid1163.tiff,CENTRAL DRY
GBIRYLRB35_chipid538.tiff,SOUTHERN DRY
QK5GMJM305_chipid2392.tiff,SOUTHERN TRANSITION
VS4PUJ633X_chipid6396.tiff,COASTAL
2VE5Q6WTZF_chipid7872.tiff,NORTHERN DRY
S8NIN4RF8I_chipid5862.tiff,NORTHERN DRY
XKXGPR197R_chipid6574.tiff,CENTRAL DRY
ELOIYT58U0_chipid4583.tiff,NORTH EAST DRY
Q4SH50F421_chipid5930.tiff,NORTHERN DRY
Z70GAWZY97_chipid2690.tiff,UNKNOWN
H3S08O9UIR_chipid728.tiff,EASTERN DRY
V4BL7W9OHH_chipid6263.tiff,NORTH EAST DRY
M8JG8BUGMF_chipid4680.tiff,NORTH EAST DRY
CBYB1TI08A_chipid5021.tiff,NORTH EAST DRY
A2KSMT76VR_chipid1104.tiff,EASTERN DRY
2O8PJ8JLEN_chipid2039.tiff,EASTERN DRY
L5L4HTU9L1_chipid3482.tiff,COASTAL
80EILL7X78_chipid3566.tiff,COASTAL
Z59V8GMV3Y_chipid4058.tiff,SOUTHERN DRY
0VOYV8RADP_chipid7446.tiff,CENTRAL DRY
7A9L7A128A_chipid129.tiff,SOUTHERN TRANSITION
Y6XOVYJKR8_chipid4658.tiff,NORTH EAST DRY
Y03J3ZNINX_chipid2598.tiff,SOUTHERN TRANSITION
L4H544C890_chipid4068.tiff,SOUTHERN DRY
WJLVLVA65C_chipid6648.tiff,CENTRAL DRY
2AVMNX8RT8_chipid5250.tiff,NORTH EAST DRY
KLEWTPQNMJ_chipid7127.tiff,COASTAL
98QOCSUQZ3_chipid6549.tiff,CENTRAL DRY
N3LCFPXO03_chipid1882.tiff,CENTRAL DRY
D4IU3OAMUB_chipid1132.tiff,CENTRAL DRY
RKO3OLMUCL_chipid1725.tiff,CENTRAL DRY
BDFPUYZLZ1_chipid6622.tiff,CENTRAL DRY
FKV9QVAC7J_chipid4434.tiff,NORTH EAST DRY
PJR9D5F2Q2_chipid4757.tiff,NORTH EAST DRY
J1D6RWQZPB_chipid5492.tiff,COASTAL
YRY9FUIG5Z_chipid6854.tiff,SOUTHERN TRANSITION
59JVD4J3WB_chipid7975.tiff,COASTAL
F45P3N6HUV_chipid3353.tiff,COASTAL
XBKJR0XQBK_chipid4186.tiff,CENTRAL DRY
P4U0IJTCFP_chipid6898.tiff,SOUTHERN TRANSITION
7Y9TX23PPD_chipid2273.tiff,SOUTHERN TRANSITION
QAP0A8OLU7_chipid7363.tiff,SOUTHERN TRANSITION
JEKWA6FMGY_chipid3206.tiff,COASTAL
RFGYL82OWR_chipid1440.tiff,CENTRAL DRY
9ZW2W84DA8_chipid2414.tiff,EASTERN DRY
4S9MI5AGID_chipid2907.tiff,CENTRAL DRY
JKID14GM6I_chipid4307.tiff,NORTH EAST DRY
2Z8X492YER_chipid3862.tiff,UNKNOWN
DTQQW3KR81_chipid3289.tiff,CENTRAL DRY
FJI1Y99U97_chipid799.tiff,EASTERN DRY
GRXIA1SF2K_chipid7350.tiff,SOUTHERN TRANSITION
MVE0MSHSKJ_chipid7873.tiff,NORTHERN DRY
ZJLR7GPYP2_chipid6088.tiff,HILL
ZYCJJ5ETKK_chipid53.tiff,SOUTHERN TRANSITION
A2O3MYVX1U_chipid2997.tiff,EASTERN DRY
PACZW4J5I0_chipid7028.tiff,UNKNOWN
Z7FXBDP71I_chipid3396.tiff,COASTAL
75ICIZMC3W_chipid1048.tiff,EASTERN DRY
29NXBGKN85_chipid7773.tiff,NORTH EAST DRY
GTX80LK4YJ_chipid7466.tiff,CENTRAL DRY
GJ12JLK1FH_chipid3501.tiff,COASTAL
USK1ZKUX5S_chipid1120.tiff,CENTRAL DRY
RL1ZGNHQQO_chipid3610.tiff,WESTERN TRANSITION
TM6KDIOYMF_chipid2925.tiff,CENTRAL DRY
ZAEM5IQOET_chipid7608.tiff,NORTH EAST DRY
FQXUS3NGWC_chipid6161.tiff,COASTAL
ECTPLFTP1L_chipid2729.tiff,CENTRAL DRY
1ENFBQTBOY_chipid3268.tiff,CENTRAL DRY
3CDXND4C6L_chipid62.tiff,SOUTHERN TRANSITION
JAITOQ2QNY_chipid5246.tiff,NORTH EAST DRY
0111IOJVZP_chipid6682.tiff,CENTRAL DRY
T8ZPT0SMOE_chipid1860.tiff,CENTRAL DRY
F3NPNKVKCH_chipid763.tiff,EASTERN DRY
D30CC9JG52_chipid7555.tiff,HILL
PGEOP9X55C_chipid5264.tiff,NORTH EAST DRY
KPCCKE8CW6_chipid1846.tiff,CENTRAL DRY
VQ6QKBVYU9_chipid1078.tiff,EASTERN DRY
VIRNAXG9X6_chipid5357.tiff,SOUTHERN TRANSITION
4KN2W50ZGZ_chipid2873.tiff,CENTRAL DRY
U7U3RCZ01P_chipid6123.tiff,HILL
WRSTBTZGE7_chipid4918.tiff,COASTAL
C29J134021_chipid1547.tiff,CENTRAL DRY
MBMR3ENXT8_chipid2236.tiff,EASTERN DRY
TXNW1H018F_chipid6495.tiff,NORTH EAST DRY
WUCFSVGTTO_chipid2702.tiff,CENTRAL DRY
O577RJ0VVJ_chipid7893.tiff,NORTHERN DRY
BMZDZBVCBY_chipid1626.tiff,WESTERN TRANSITION
OUJLTUFXO4_chipid4159.tiff,CENTRAL DRY
U8ISV4DJ8J_chipid2737.tiff,SOUTHERN TRANSITION
FIHZR4H07F_chipid4161.tiff,CENTRAL DRY
OFKQLLIZY8_chipid6453.tiff,SOUTHERN DRY
D3TIZA21DT_chipid4773.tiff,NORTH EAST DRY
VY7LSC4SSW_chipid1808.tiff,CENTRAL DRY
6V4I0SDLPB_chipid3766.tiff,WESTERN TRANSITION
F5P7UK4QLE_chipid6623.tiff,CENTRAL DRY
1M746AI88I_chipid3378.tiff,COASTAL
LICCFTQVYL_chipid3.tiff,SOUTHERN TRANSITION
CHZKSDDXDN_chipid1127.tiff,CENTRAL DRY
VJTFX9BMEU_chipid373.tiff,SOUTHERN TRANSITION
OK3OCG6VF6_chipid7553.tiff,NORTHERN DRY
WWOTN2K8VO_chipid6411.tiff,COASTAL
PM23OVFFJV_chipid3743.tiff,WESTERN TRANSITION
BUB1OYD8QT_chipid4825.tiff,COASTAL
IHZZZ9QM0J_chipid816.tiff,EASTERN DRY
K3DL2USDCZ_chipid1333.tiff,CENTRAL DRY
POAV3QKW6G_chipid6343.tiff,NORTH EAST DRY
1NFPM36VG6_chipid1145.tiff,CENTRAL DRY
EWY8RYPLL5_chipid5754.tiff,NORTHERN DRY
QFYNTAQ4FG_chipid5788.tiff,NORTHERN DRY
SXEX9WVF5X_chipid3907.tiff,CENTRAL DRY
QAOW2DEV4P_chipid6914.tiff,SOUTHERN TRANSITION
CE8SIYXBEF_chipid4453.tiff,NORTH EAST DRY
VDZFTF1JME_chipid1.tiff,SOUTHERN TRANSITION
Y4X4LEGY5K_chipid7878.tiff,NORTHERN DRY
6QPRMGZ9NT_chipid1122.tiff,CENTRAL DRY
5WKKWNL2UO_chipid3320.tiff,COASTAL
VI97N6P898_chipid830.tiff,EASTERN DRY
XBWT2PHZ9Q_chipid4349.tiff,NORTH EAST DRY
FGCEG19W00_chipid2473.tiff,EASTERN DRY
N6VST68Y14_chipid4497.tiff,NORTH EAST DRY
P4C42KRDBV_chipid7516.tiff,NORTHERN DRY
6RB3W9R12K_chipid1865.tiff,CENTRAL DRY
ISVH1PC261_chipid5537.tiff,SOUTHERN TRANSITION
0YLPNNB6LU_chipid477.tiff,SOUTHERN DRY
MQ08G2JQEQ_chipid7243.tiff,NORTHERN DRY
G5PUUB7HUW_chipid704.tiff,EASTERN DRY
D1ZV7SNVMI_chipid1466.tiff,CENTRAL DRY
PIEUKR3AMS_chipid2290.tiff,SOUTHERN TRANSITION
OBXOZIAGZ6_chipid439.tiff,SOUTHERN DRY
3IJNT0WCFF_chipid505.tiff,EASTERN DRY
IUMO61LGTX_chipid7544.tiff,NORTHERN DRY
9A31QOJOWK_chipid2842.tiff,SOUTHERN DRY
OKGJWTW145_chipid5281.tiff,NORTH EAST DRY
XOQO8L182U_chipid3242.tiff,COASTAL
XNIJNW54GX_chipid2269.tiff,SOUTHERN TRANSITION
3P6V3CX9VL_chipid6508.tiff,NORTH EAST DRY
3LNVIXK40C_chipid657.tiff,EASTERN DRY
BMO8Y8WR8A_chipid2885.tiff,CENTRAL DRY
YGFAFAOFZ8_chipid5062.tiff,NORTH EAST DRY
70GZU259BO_chipid2404.tiff,SOUTHERN TRANSITION
VHRENRG04K_chipid634.tiff,EASTERN DRY
KG2PJ2N9HK_chipid3291.tiff,CENTRAL DRY
I5HE2U004P_chipid497.tiff,UNKNOWN
THY0GJ0IIM_chipid6973.tiff,EASTERN DRY
1NGH8D4L14_chipid2436.tiff,EASTERN DRY
VL0ROX8CR7_chipid1389.tiff,CENTRAL DRY
8292JJPQLC_chipid3379.tiff,COASTAL
RE86IO7ZCP_chipid1396.tiff,CENTRAL DRY
WH13NGYZBT_chipid200.tiff,SOUTHERN TRANSITION
8ON3J4JQK1_chipid287.tiff,SOUTHERN DRY
BX153ALFCU_chipid6763.tiff,CENTRAL DRY
OKBL82MRUQ_chipid569.tiff,EASTERN DRY
0LM6FAMD9L_chipid6016.tiff,UNKNOWN
8OXQWBY6DO_chipid518.tiff,EASTERN DRY
JSGLBEMB10_chipid1403.tiff,CENTRAL DRY
3V3X3K99ZL_chipid7058.tiff,NORTHERN DRY
3FSZRWISNY_chipid6510.tiff,NORTH EAST DRY
3VSG9EUM9G_chipid2630.tiff,SOUTHERN TRANSITION
E8L7IIR9HS_chipid3484.tiff,COASTAL
X03D37MFUT_chipid6706.tiff,CENTRAL DRY
AL6826KPRK_chipid3410.tiff,CENTRAL DRY
V0DDZDGPD4_chipid6159.tiff,COASTAL
7HHWJ1UPUO_chipid540.tiff,SOUTHERN DRY
QLZLTER5F8_chipid641.tiff,EASTERN DRY
B26GHRUYJA_chipid8012.tiff,COASTAL
GLWX1NYOJY_chipid6893.tiff,SOUTHERN TRANSITION
9Y1FF71CG3_chipid571.tiff,EASTERN DRY
OQ56Q6EBH8_chipid6251.tiff,NORTH EAST DRY
JAIFCMXY0Q_chipid4700.tiff,NORTH EAST DRY
BZ1N6U7GWS_chipid1419.tiff,CENTRAL DRY
Y4KOLBX9YT_chipid7491.tiff,NORTHERN DRY
Y7NOEXVLU2_chipid6558.tiff,CENTRAL DRY
ZYVFAOXCPL_chipid5262.tiff,NORTH EAST DRY
6XKDJPX1CN_chipid3612.tiff,WESTERN TRANSITION
MLFVVAAWEV_chipid7339.tiff,NORTH EAST DRY
4NIJ9C785P_chipid6297.tiff,NORTH EAST DRY
KUF1GLN5SB_chipid6099.tiff,HILL
3LKYEYLVRK_chipid862.tiff,EASTERN DRY
B9HAFZHQ3Q_chipid2380.tiff,SOUTHERN TRANSITION
WPSOXBEB1E_chipid3193.tiff,COASTAL
58UXWUEXMU_chipid4224.tiff,SOUTHERN TRANSITION
Y0IVJNYQPA_chipid786.tiff,EASTERN DRY
2ED32B6P54_chipid3974.tiff,SOUTHERN TRANSITION
DNRQVD4L3I_chipid5976.tiff,NORTH EAST DRY
3549DJJOUF_chipid3667.tiff,WESTERN TRANSITION
7ND91QQXIW_chipid7014.tiff,UNKNOWN
HB1LSSIEEY_chipid1089.tiff,EASTERN DRY
TAOEJG01NZ_chipid2801.tiff,SOUTHERN DRY
VJ4ROP43WG_chipid7196.tiff,UNKNOWN
0OFY0SRXWI_chipid4846.tiff,COASTAL
MGUMR3W84N_chipid5308.tiff,NORTH EAST DRY
JEMNWONH6L_chipid1582.tiff,CENTRAL DRY
EY946M15CP_chipid1501.tiff,CENTRAL DRY
AIZQ9QMLOG_chipid4297.tiff,SOUTHERN TRANSITION
33VBKDYN9M_chipid7717.tiff,COASTAL
9JSKPWIZBE_chipid6605.tiff,CENTRAL DRY
01DWJZP60D_chipid6139.tiff,HILL
IA0DIS6EBI_chipid996.tiff,EASTERN DRY
ZIT5D1ODV6_chipid5974.tiff,NORTH EAST DRY
DN0OREBL2O_chipid6876.tiff,SOUTHERN TRANSITION
ZX1SUI5M54_chipid2798.tiff,SOUTHERN DRY
OLN2JHN3DH_chipid3137.tiff,CENTRAL DRY
3NT8OG2CV6_chipid3574.tiff,COASTAL
L9VQVACUDX_chipid2202.tiff,EASTERN DRY
R02KDC8H6F_chipid7300.tiff,NORTH EAST DRY
94YYANAUSN_chipid2738.tiff,SOUTHERN TRANSITION
5YDSRV8E4M_chipid4458.tiff,NORTH EAST DRY
KA1UJ3E84O_chipid1972.tiff,EASTERN DRY
366S7373Y5_chipid7486.tiff,CENTRAL DRY
5483ENBGQ9_chipid2759.tiff,SOUTHERN TRANSITION
8H2NU7QJMW_chipid1692.tiff,NORTH EAST DRY
23KACMO4BY_chipid2311.tiff,CENTRAL DRY
HZVP77K6A0_chipid6465.tiff,SOUTHERN DRY
HLSHI295VJ_chipid2610.tiff,SOUTHERN TRANSITION
UGQW3G4XBV_chipid1554.tiff,CENTRAL DRY
6T9M60OPI5_chipid590.tiff,EASTERN DRY
5DB55ZE0PI_chipid1402.tiff,CENTRAL DRY
IAVLQYSXU7_chipid3871.tiff,CENTRAL DRY
8GTMEPTYS0_chipid7259.tiff,NORTHERN DRY
HYOTSGWPIL_chipid21.tiff,SOUTHERN TRANSITION
W55FJ3O0RN_chipid6072.tiff,HILL
32DS8D3GEV_chipid299.tiff,SOUTHERN DRY
N2U228IRQ8_chipid3937.tiff,CENTRAL DRY
7QGRHXHOJ3_chipid682.tiff,EASTERN DRY
UCH53EZPD3_chipid308.tiff,SOUTHERN DRY
73UX66NO2E_chipid1013.tiff,EASTERN DRY
QRS1YIUESM_chipid55.tiff,SOUTHERN TRANSITION
QGCNDA7IR0_chipid4544.tiff,NORTH EAST DRY
URO6QDXZOY_chipid7923.tiff,NORTHERN DRY
ZMZHF610KV_chipid5047.tiff,NORTH EAST DRY
FAA4ZO708C_chipid1507.tiff,CENTRAL DRY
YGVFBW8HKA_chipid3148.tiff,SOUTHERN DRY
DG3VH98BGV_chipid4166.tiff,CENTRAL DRY
ML5DACQYTG_chipid2816.tiff,SOUTHERN DRY
1H8BJA498B_chipid1205.tiff,CENTRAL DRY
O4QBJ9T8U8_chipid4445.tiff,NORTH EAST DRY
F130SJPF0N_chipid6995.tiff,EASTERN DRY
6D1V820IK7_chipid220.tiff,SOUTHERN TRANSITION
I1BJD79OMO_chipid5301.tiff,NORTH EAST DRY
GFKVU03PVU_chipid1829.tiff,CENTRAL DRY
PGH2THDESM_chipid794.tiff,EASTERN DRY
BN0OKFUFXP_chipid3525.tiff,COASTAL
B00VAXLTP8_chipid6870.tiff,UNKNOWN
V5OTJB0IK6_chipid679.tiff,EASTERN DRY
C3J6UNTBZ7_chipid4446.tiff,NORTH EAST DRY
XNQ33HTWUP_chipid7400.tiff,SOUTHERN TRANSITION
6Y7B02KOTB_chipid564.tiff,SOUTHERN DRY
X5QIRCRTRL_chipid1602.tiff,CENTRAL DRY
AJ0637RBD5_chipid5887.tiff,NORTHERN DRY
LWM27AEPEX_chipid2838.tiff,SOUTHERN DRY
E45U3UU3CM_chipid3788.tiff,NORTH EAST DRY
6PKZD5QMU4_chipid3886.tiff,CENTRAL DRY
U6UGLQ0IQA_chipid7166.tiff,CENTRAL DRY
D3JMCFW0P8_chipid7415.tiff,SOUTHERN TRANSITION
T9EJ0BAW61_chipid5317.tiff,NORTH EAST DRY
MYA44FZ3SX_chipid5296.tiff,NORTH EAST DRY
E4I3G3GQF4_chipid3209.tiff,COASTAL
KK0DNS3BVQ_chipid4756.tiff,NORTH EAST DRY
QFALAY6Y48_chipid997.tiff,EASTERN DRY
NOSNTHUYJQ_chipid4633.tiff,NORTH EAST DRY
Z5IZ2ORE7A_chipid6478.tiff,NORTH EAST DRY
NUKK054NGS_chipid6790.tiff,NORTHERN DRY
7SR0KRMLFY_chipid3434.tiff,CENTRAL DRY
G309BQP4CB_chipid3688.tiff,UNKNOWN
NJ3EHWEIFZ_chipid8010.tiff,COASTAL
5AYXP3DPB6_chipid1660.tiff,WESTERN TRANSITION
BUP8WUMWJB_chipid229.tiff,SOUTHERN TRANSITION
6T605CUU89_chipid1076.tiff,EASTERN DRY
0SYOBM8EN6_chipid3099.tiff,CENTRAL DRY
MGRF630HTX_chipid1020.tiff,EASTERN DRY
12DHQXZHXZ_chipid5533.tiff,SOUTHERN TRANSITION
Y59H8AYJMR_chipid3796.tiff,WESTERN TRANSITION
BN8VU1XUNB_chipid7271.tiff,NORTHERN DRY
VCPE7Q7XXX_chipid5517.tiff,SOUTHERN TRANSITION
Z9N3HY16ZE_chipid2537.tiff,UNKNOWN
SOS5SL1VKO_chipid5140.tiff,NORTH EAST DRY
81GH3A8BSN_chipid3007.tiff,EASTERN DRY
YVKXRVGKX4_chipid7082.tiff,NORTHERN DRY
XDW2AGUC8I_chipid5525.tiff,SOUTHERN TRANSITION
V963KVVRN2_chipid7024.tiff,UNKNOWN
OK5E5ERQB5_chipid1514.tiff,CENTRAL DRY
FHR19HU2G9_chipid5196.tiff,NORTH EAST DRY
1JOWFUQC2O_chipid5825.tiff,NORTHERN DRY
YZRRNK58PB_chipid2728.tiff,CENTRAL DRY
FR0TJWK2RI_chipid1650.tiff,WESTERN TRANSITION
HFCXARGMJD_chipid2625.tiff,SOUTHERN TRANSITION
DIQSL3F0ZB_chipid5306.tiff,NORTH EAST DRY
DYEJML1BL6_chipid2571.tiff,SOUTHERN TRANSITION
ZRL504QX0F_chipid7471.tiff,CENTRAL DRY
XESUTYT5AV_chipid7487.tiff,CENTRAL DRY
THEXZRPS9H_chipid5831.tiff,NORTHERN DRY
T9B83O5NI3_chipid1339.tiff,CENTRAL DRY
F1J5MMF0WL_chipid5212.tiff,NORTH EAST DRY
VOGZ8HCDM2_chipid6258.tiff,NORTH EAST DRY
DAN9RKCBK9_chipid2376.tiff,SOUTHERN TRANSITION
K8IL6XFN7Y_chipid3724.tiff,WESTERN TRANSITION
SY7OF7ZPQB_chipid3114.tiff,CENTRAL DRY
FT0T83NGY1_chipid4178.tiff,CENTRAL DRY
VGP36GOW30_chipid5300.tiff,NORTH EAST DRY
NTV903SQFI_chipid4380.tiff,NORTH EAST DRY
LNYKX08BSN_chipid2551.tiff,UNKNOWN
3S94935RRP_chipid3239.tiff,COASTAL
QW00MC7003_chipid1994.tiff,EASTERN DRY
XBSPLU7HL8_chipid4545.tiff,NORTH EAST DRY
K05G1QEALD_chipid6875.tiff,SOUTHERN TRANSITION
HJOFNIOPZ1_chipid5157.tiff,NORTH EAST DRY
OZ58HFQOKZ_chipid7185.tiff,UNKNOWN
K6XNLX9D5W_chipid4634.tiff,NORTH EAST DRY
3FNAB67UQ7_chipid6067.tiff,HILL
3DMT0BDAQZ_chipid7437.tiff,SOUTHERN TRANSITION
NEVSQ0ZOB7_chipid1464.tiff,CENTRAL DRY
Z31IVG29QO_chipid6076.tiff,HILL
IGQO27ZU1B_chipid3147.tiff,SOUTHERN DRY
MUEZSA0UO9_chipid1259.tiff,CENTRAL DRY
XKPDFKZO8W_chipid7770.tiff,NORTH EAST DRY
U3QYD4CBJF_chipid7073.tiff,NORTHERN DRY
U71P1QB0OE_chipid7875.tiff,NORTHERN DRY
W7N51EBX4Q_chipid5351.tiff,SOUTHERN TRANSITION
77YIOA41WG_chipid363.tiff,SOUTHERN TRANSITION
72TGY4A476_chipid6902.tiff,SOUTHERN TRANSITION
GDZ2VY97D4_chipid7955.tiff,UNKNOWN
7XFLEKW3JZ_chipid3424.tiff,CENTRAL DRY
Z76SUYKBV6_chipid690.tiff,EASTERN DRY
R2NOEEHS4H_chipid7764.tiff,NORTH EAST DRY
MTKRQO6PHQ_chipid3495.tiff,COASTAL
LAQ7C3RZTF_chipid334.tiff,SOUTHERN DRY
RS2KIC0M07_chipid7835.tiff,COASTAL
3DPK7E2LDY_chipid2779.tiff,SOUTHERN TRANSITION
XIH2B6N8YY_chipid1011.tiff,EASTERN DRY
498R104I97_chipid4240.tiff,SOUTHERN TRANSITION
TTJ3QG72KE_chipid7953.tiff,WESTERN TRANSITION
K7066RYCWG_chipid2915.tiff,CENTRAL DRY
7TZ7QH1HD5_chipid5449.tiff,SOUTHERN TRANSITION
48V66RZUPM_chipid7283.tiff,NORTH EAST DRY
X9FN9EB9IX_chipid7502.tiff,NORTHERN DRY
WP1TOL0MSH_chipid5402.tiff,SOUTHERN TRANSITION
2QV40OS646_chipid3464.tiff,COASTAL
5BSQ31QYTL_chipid5806.tiff,NORTHERN DRY
MNN4CJUY52_chipid3073.tiff,CENTRAL DRY
KZNTD53IJW_chipid5291.tiff,NORTH EAST DRY
ZY0EVD5HUK_chipid4023.tiff,SOUTHERN TRANSITION
657NU4A6JR_chipid683.tiff,EASTERN DRY
TGBIIRXT7W_chipid1809.tiff,CENTRAL DRY
DEQSULLOKY_chipid724.tiff,EASTERN DRY
JMIYS23LHU_chipid1204.tiff,CENTRAL DRY
S8ILUJKSDJ_chipid1468.tiff,CENTRAL DRY
73OVCPKYFY_chipid2940.tiff,CENTRAL DRY
L64NAJG97X_chipid3858.tiff,CENTRAL DRY
CUDLXBZ9Q7_chipid5846.tiff,NORTHERN DRY
368GZ862F7_chipid7648.tiff,CENTRAL DRY
VMVOG9A4NK_chipid4231.tiff,SOUTHERN TRANSITION
YHFBYR79R3_chipid7448.tiff,CENTRAL DRY
G1UTIJ33PV_chipid1309.tiff,CENTRAL DRY
YLGXMDT2T4_chipid1593.tiff,CENTRAL DRY
W63P35JM45_chipid4176.tiff,CENTRAL DRY
FI5Q4LYQIZ_chipid4012.tiff,SOUTHERN TRANSITION
Q6RP655MFK_chipid2697.tiff,CENTRAL DRY
PG8AA36OYP_chipid1581.tiff,CENTRAL DRY
56WZR2DZ9B_chipid1131.tiff,CENTRAL DRY
OK88OB8OZL_chipid2275.tiff,SOUTHERN TRANSITION
4PSZ34IRWT_chipid5782.tiff,NORTHERN DRY
RR6VP3KQYO_chipid6699.tiff,CENTRAL DRY
OQBXN5C707_chipid3364.tiff,COASTAL
DDKRYJ689W_chipid4321.tiff,NORTH EAST DRY
S6RLF6U8OB_chipid5324.tiff,NORTH EAST DRY
VPGKBOR6BJ_chipid6617.tiff,CENTRAL DRY
OGWGKL4UHM_chipid3132.tiff,CENTRAL DRY
WA4PQIG068_chipid4418.tiff,NORTH EAST DRY
NHS1177U2V_chipid2833.tiff,SOUTHERN DRY
UXMMN9E2BM_chipid2365.tiff,SOUTHERN TRANSITION
JU6DSY22QS_chipid7899.tiff,NORTHERN DRY
J72OSL84NG_chipid38.tiff,SOUTHERN TRANSITION
PBMWP3SYY9_chipid6187.tiff,COASTAL
EFNRV2HJ4B_chipid918.tiff,EASTERN DRY
QW2F5LYN2I_chipid5130.tiff,NORTH EAST DRY
BN5O8XE4EK_chipid1174.tiff,CENTRAL DRY
I68NJGUWHY_chipid1033.tiff,EASTERN DRY
WM7XV05I0T_chipid3581.tiff,COASTAL
5P8HVU5046_chipid4468.tiff,NORTH EAST DRY
03R7FK14L7_chipid7523.tiff,NORTHERN DRY
VAAA2ZTTAN_chipid899.tiff,UNKNOWN
43QIM86B85_chipid8035.tiff,COASTAL
S8K0GECEVR_chipid3597.tiff,COASTAL
ZPFC69HQ3N_chipid2021.tiff,EASTERN DRY
0NBREH88QK_chipid192.tiff,SOUTHERN TRANSITION
B9D0P1M417_chipid3388.tiff,COASTAL
CHY6XOQJ3D_chipid2441.tiff,EASTERN DRY
M4TFM6WUOO_chipid4839.tiff,COASTAL
NHEUZD37TB_chipid2867.tiff,CENTRAL DRY
04FOCTZMH9_chipid5962.tiff,NORTH EAST DRY
VZDTNADON7_chipid6186.tiff,COASTAL
JA6V1UTU21_chipid3490.tiff,COASTAL
73AS81NJW3_chipid2012.tiff,EASTERN DRY
RY3RJ6A3I5_chipid4242.tiff,SOUTHERN TRANSITION
XK4MXIEEI7_chipid303.tiff,SOUTHERN DRY
73PV0T8CMJ_chipid5321.tiff,NORTH EAST DRY
Y73KSTX48Z_chipid636.tiff,EASTERN DRY
4DV5D4VLI9_chipid4469.tiff,NORTH EAST DRY
88AFUDFGHI_chipid3234.tiff,COASTAL
ZRBNNPCHDX_chipid5768.tiff,NORTHERN DRY
31GOC12H9O_chipid2870.tiff,CENTRAL DRY
C6YFOM7SU7_chipid930.tiff,EASTERN DRY
F5J4N5M1DG_chipid6112.tiff,HILL
OBB8MAXED0_chipid887.tiff,EASTERN DRY
FMDNO7JCGR_chipid7230.tiff,UNKNOWN
7O0JSKRR7G_chipid900.tiff,EASTERN DRY
W68N675XKD_chipid3969.tiff,SOUTHERN TRANSITION
5803GEUE4R_chipid1795.tiff,CENTRAL DRY
GX12LUM4P3_chipid2937.tiff,CENTRAL DRY
ZG5QHVYCZY_chipid164.tiff,SOUTHERN TRANSITION
LFHXP2EIJO_chipid2573.tiff,SOUTHERN TRANSITION
EN1RDPDMKW_chipid4796.tiff,COASTAL
6VJSBKUROY_chipid1834.tiff,CENTRAL DRY
NMVCPIW33Q_chipid4589.tiff,NORTH EAST DRY
1QLFF1HV0I_chipid7468.tiff,CENTRAL DRY
XI4KOQYX0O_chipid5676.tiff,NORTHERN DRY
OFMNQDMGNQ_chipid8043.tiff,NORTH EAST DRY
EXBV6R4DRB_chipid4514.tiff,NORTH EAST DRY
5CYUXZBWS7_chipid7589.tiff,NORTH EAST DRY
OUET771WWI_chipid3513.tiff,COASTAL
WJ3AT4O3F7_chipid2797.tiff,SOUTHERN DRY
DR6AITKFS6_chipid5258.tiff,NORTH EAST DRY
PB840SZUCU_chipid1544.tiff,CENTRAL DRY
G293FT6EDZ_chipid3781.tiff,WESTERN TRANSITION
WMAOGNSLRA_chipid2176.tiff,EASTERN DRY
VREK9DQXVY_chipid1516.tiff,CENTRAL DRY
RX77OAI83Y_chipid5803.tiff,NORTHERN DRY
D665TRWVDU_chipid6245.tiff,SOUTHERN DRY
V7T27IR1EM_chipid2292.tiff,SOUTHERN TRANSITION
5F1ZCUD401_chipid6416.tiff,COASTAL
5RMQLTHKTD_chipid2244.tiff,EASTERN DRY
JNS1RN6DFO_chipid4828.tiff,COASTAL
L2NZ0T4G0M_chipid584.tiff,EASTERN DRY
77SOHHGIJL_chipid530.tiff,SOUTHERN DRY
XW3QJ3TGP5_chipid365.tiff,SOUTHERN TRANSITION
6S50DAPY52_chipid1794.tiff,CENTRAL DRY
B1HE8MVQ6L_chipid4539.tiff,NORTH EAST DRY
KSMYMEH7LW_chipid1969.tiff,EASTERN DRY
9KLFRUB5ZW_chipid6408.tiff,COASTAL
QP18J5RS63_chipid5233.tiff,NORTH EAST DRY
0UVXJ1A01U_chipid1742.tiff,CENTRAL DRY
EWCFA42RMB_chipid1393.tiff,CENTRAL DRY
VHDMFLN2E6_chipid4372.tiff,NORTH EAST DRY
G0F5OKKY1X_chipid3171.tiff,SOUTHERN DRY
TQSVYXE45H_chipid6684.tiff,CENTRAL DRY
PWNRGG4IVX_chipid6822.tiff,SOUTHERN TRANSITION
3MN2FFWTI4_chipid4593.tiff,NORTH EAST DRY
B1Q5BS6GZ6_chipid3390.tiff,COASTAL
IZK4YQT4OJ_chipid5434.tiff,SOUTHERN TRANSITION
S36ZOCLDCN_chipid937.tiff,EASTERN DRY
OMGT9TLFTR_chipid3844.tiff,CENTRAL DRY
4H4XJHGQGO_chipid6279.tiff,NORTH EAST DRY
WDI4JMQRJD_chipid2471.tiff,EASTERN DRY
IT659JO97V_chipid6044.tiff,HILL
YMEZ57OUYB_chipid4256.tiff,UNKNOWN
YMBXCX7NHK_chipid288.tiff,SOUTHERN DRY
92ZBVDL3KH_chipid4778.tiff,NORTH EAST DRY
7D9GWUX1LC_chipid4811.tiff,COASTAL
FVNVKLQA6W_chipid5319.tiff,NORTH EAST DRY
G92X0XNRQQ_chipid6148.tiff,HILL
PA5GBHB167_chipid4147.tiff,CENTRAL DRY
E9OVGHLPSF_chipid3047.tiff,EASTERN DRY
8ROJNRKNIQ_chipid7505.tiff,NORTHERN DRY
3UOAL8IRI9_chipid8061.tiff,NORTH EAST DRY
7Y019MS3QC_chipid6573.tiff,CENTRAL DRY
KEMMFRDAZF_chipid6821.tiff,NORTHERN DRY
BY7UDIU77N_chipid6974.tiff,EASTERN DRY
BZ8PY7MB9E_chipid834.tiff,EASTERN DRY
SK0WNUKOUY_chipid879.tiff,EASTERN DRY
XMK3ELR7U5_chipid1912.tiff,EASTERN DRY
5OKWZE6N15_chipid7011.tiff,UNKNOWN
RVQRTHES45_chipid612.tiff,EASTERN DRY
FDBNVJKH35_chipid3449.tiff,COASTAL
1LN7ARBOYN_chipid1028.tiff,EASTERN DRY
INAO2026XS_chipid5624.tiff,SOUTHERN TRANSITION
HB04DDQZL6_chipid6546.tiff,CENTRAL DRY
SFRCPK3G5T_chipid7863.tiff,NORTHERN DRY
S65JH1CC1T_chipid225.tiff,SOUTHERN TRANSITION
2RRE2VZT9R_chipid2317.tiff,CENTRAL DRY
RSX8EREQ11_chipid7421.tiff,SOUTHERN TRANSITION
P4CYH9EKMJ_chipid992.tiff,EASTERN DRY
C01VF187F0_chipid4454.tiff,NORTH EAST DRY
0A2J0RA4FX_chipid419.tiff,SOUTHERN DRY
D8BJCCRPA8_chipid2043.tiff,EASTERN DRY
V9DI2DRH7M_chipid6567.tiff,CENTRAL DRY
JEGFBRG5JS_chipid2536.tiff,UNKNOWN
0MTGO2XRSN_chipid4050.tiff,SOUTHERN DRY
B6QQMLA3JL_chipid6666.tiff,CENTRAL DRY
ROIMYUI0J9_chipid1945.tiff,EASTERN DRY
AXX4VYPWVD_chipid3319.tiff,COASTAL
YAH7FWY7U0_chipid1943.tiff,EASTERN DRY
6DT8SBAE8Z_chipid6285.tiff,NORTH EAST DRY
E2PLM5MO47_chipid6964.tiff,EASTERN DRY
M4255UJURZ_chipid5535.tiff,SOUTHERN TRANSITION
HW40A89YF3_chipid5951.tiff,NORTHERN DRY
W9WSH0XMCU_chipid7409.tiff,SOUTHERN TRANSITION
ASCG1FUK5A_chipid3331.tiff,COASTAL
IQPPWF28MK_chipid7579.tiff,NORTH EAST DRY
8C1BDB4B2K_chipid6714.tiff,UNKNOWN
3RVW1DZKJM_chipid3299.tiff,COASTAL
Q5ER4LP3V7_chipid525.tiff,SOUTHERN DRY
E9VD22ED4T_chipid5016.tiff,HILL
BPJ3CQD5E4_chipid7929.tiff,WESTERN TRANSITION
CGCASNWAQV_chipid5994.tiff,UNKNOWN
IF1ZT5GTOG_chipid4460.tiff,NORTH EAST DRY
XPTQ8TZWD4_chipid6576.tiff,CENTRAL DRY
V25GJI0F1Q_chipid1714.tiff,NORTH EAST DRY
BIR43W9C54_chipid1627.tiff,WESTERN TRANSITION
HRVSWA3CSP_chipid703.tiff,EASTERN DRY
O6CT3HH0II_chipid7054.tiff,NORTHERN DRY
4T4M2ZAQDK_chipid5290.tiff,NORTH EAST DRY
HGKVMBEMSG_chipid2574.tiff,SOUTHERN TRANSITION
5ODB6I8F6C_chipid4591.tiff,NORTH EAST DRY
CT0VPU5Y32_chipid3304.tiff,COASTAL
ELQ76FIRLG_chipid5108.tiff,NORTH EAST DRY
R41ZNP3IH2_chipid475.tiff,SOUTHERN DRY
V8PENFMH0F_chipid6670.tiff,CENTRAL DRY
RVCBVPIG7I_chipid4499.tiff,NORTH EAST DRY
B2GUHLXJUV_chipid825.tiff,EASTERN DRY
PYKQ1AQZ3M_chipid6905.tiff,SOUTHERN TRANSITION
A91Y48503V_chipid7153.tiff,COASTAL
UJKBT2K5F9_chipid5460.tiff,COASTAL
1W8NG1164L_chipid2440.tiff,EASTERN DRY
27V5NHP6B9_chipid6218.tiff,SOUTHERN DRY
JT3IUU0CFQ_chipid4273.tiff,SOUTHERN TRANSITION
NUHRHB7FYJ_chipid362.tiff,SOUTHERN TRANSITION
XRVLOJVA44_chipid2248.tiff,EASTERN DRY
DVQ1ML6HI3_chipid4354.tiff,NORTH EAST DRY
01UK6JF84P_chipid6828.tiff,SOUTHERN TRANSITION
PQQ7TPUDZD_chipid1726.tiff,CENTRAL DRY
E0WMX5KWEQ_chipid2884.tiff,CENTRAL DRY
5IU2MPX8RW_chipid2674.tiff,EASTERN DRY
VWAH600NEF_chipid5808.tiff,NORTHERN DRY
V74DGFL9WE_chipid1668.tiff,UNKNOWN
MR6K2776XK_chipid2109.tiff,EASTERN DRY
S5WZNW7XUT_chipid4721.tiff,NORTH EAST DRY
I4YS8DTELA_chipid6524.tiff,NORTH EAST DRY
VYX9NOSNE9_chipid7165.tiff,COASTAL
9S8UEQSTYS_chipid424.tiff,SOUTHERN DRY
ROLATMHS81_chipid6737.tiff,UNKNOWN
61YPO9BFKM_chipid5343.tiff,NORTH EAST DRY
07C9I0FEU3_chipid4788.tiff,NORTH EAST DRY
9X0I1OJAQ7_chipid2271.tiff,SOUTHERN TRANSITION
BZDVLHU8PJ_chipid5168.tiff,NORTH EAST DRY
5T4PDD2I83_chipid5877.tiff,NORTHERN DRY
JNPVAX46PX_chipid6264.tiff,NORTH EAST DRY
FFNYB3EBBV_chipid2322.tiff,CENTRAL DRY
WVQG9AX6QK_chipid6476.tiff,NORTH EAST DRY
W4WZHGGOYB_chipid7645.tiff,UNKNOWN
GRRWR2CBY5_chipid3423.tiff,CENTRAL DRY
1BS3Z2YJKW_chipid5406.tiff,SOUTHERN TRANSITION
VGJP3U40FJ_chipid7675.tiff,COASTAL
AFCG9QAI6R_chipid3045.tiff,EASTERN DRY
699GR615JT_chipid6399.tiff,COASTAL
NRGZR7C20S_chipid2010.tiff,EASTERN DRY
2JK46AKLEY_chipid3172.tiff,SOUTHERN DRY
QYA9ASTJS6_chipid1275.tiff,CENTRAL DRY
CYDPWLVHFI_chipid2578.tiff,SOUTHERN TRANSITION
QG62BOU76T_chipid5245.tiff,NORTH EAST DRY
R4XHE5A0MC_chipid289.tiff,SOUTHERN DRY
OPR8A4LW6R_chipid6323.tiff,NORTH EAST DRY
0TNZDZX1WA_chipid7749.tiff,COASTAL
H2ZJMNLM6R_chipid3385.tiff,COASTAL
X4Y5L2EVZN_chipid5453.tiff,SOUTHERN TRANSITION
ZOZ9IUN48Q_chipid2095.tiff,EASTERN DRY
B2TRHWEM1S_chipid2671.tiff,EASTERN DRY
OY8N98I6AL_chipid3668.tiff,WESTERN TRANSITION
W20S9AZJJ4_chipid1896.tiff,EASTERN DRY
QRI0CFJ8S0_chipid533.tiff,SOUTHERN DRY
EIPTV6DZPX_chipid5675.tiff,NORTHERN DRY
M5NT6ZXI05_chipid6230.tiff,SOUTHERN DRY
79VRUPHT8X_chipid5488.tiff,COASTAL
JA2DZ64JQY_chipid3467.tiff,COASTAL
0XVBM5PEXA_chipid4755.tiff,NORTH EAST DRY
MDRY9O5G24_chipid3446.tiff,COASTAL
WV3EW6CC9E_chipid4879.tiff,COASTAL
6M03OPEGQ9_chipid214.tiff,SOUTHERN TRANSITION
MES081ENR3_chipid1197.tiff,CENTRAL DRY
R8PTOL4RE1_chipid1162.tiff,CENTRAL DRY
FGQF1LZFOI_chipid1320.tiff,CENTRAL DRY
Y0EMYVI7SV_chipid1039.tiff,EASTERN DRY
9AZVUPJ6RZ_chipid5470.tiff,COASTAL
M8CWQBABRF_chipid2623.tiff,SOUTHERN TRANSITION
JSO72WD0DC_chipid3887.tiff,CENTRAL DRY
2D7YOOBEGX_chipid7578.tiff,NORTH EAST DRY
NVNW7053WE_chipid4004.tiff,SOUTHERN TRANSITION
6OV59JNAO2_chipid75.tiff,SOUTHERN TRANSITION
BW2EUWSUX1_chipid1973.tiff,EASTERN DRY
2POCN8AGH5_chipid6606.tiff,CENTRAL DRY
BZL93NEKV1_chipid3899.tiff,CENTRAL DRY
CA2ZRQWG04_chipid3261.tiff,CENTRAL DRY
IGYB77F13H_chipid7132.tiff,COASTAL
B4RSEX8RVH_chipid3587.tiff,COASTAL
IHF8WUKFCZ_chipid7422.tiff,SOUTHERN TRANSITION
ZU4Y80LYBG_chipid3884.tiff,CENTRAL DRY
R3H835M44I_chipid2455.tiff,EASTERN DRY
TGYSHFD1SR_chipid722.tiff,EASTERN DRY
S4ZVZRHQBL_chipid7108.tiff,WESTERN TRANSITION
0HP8OKVU7J_chipid725.tiff,EASTERN DRY
ZVA4AMMK2G_chipid4045.tiff,SOUTHERN DRY
YDZK9G5JC9_chipid7463.tiff,CENTRAL DRY
510XMNT9N7_chipid4905.tiff,COASTAL
8WLVRAYZS2_chipid1429.tiff,CENTRAL DRY
IA21JC91PT_chipid521.tiff,SOUTHERN DRY
3PYJPZFR85_chipid7358.tiff,SOUTHERN TRANSITION
DSKTIA8T73_chipid1123.tiff,CENTRAL DRY
K5THUFE8PA_chipid2318.tiff,CENTRAL DRY
PG7OMG0P9D_chipid5874.tiff,NORTHERN DRY
4YFUN3K4KP_chipid102.tiff,SOUTHERN TRANSITION
NML6BM9TUQ_chipid2655.tiff,EASTERN DRY
MMGA43FV6E_chipid6824.tiff,SOUTHERN TRANSITION
FSW038QID7_chipid5077.tiff,NORTH EAST DRY
014SU9QOU2_chipid2372.tiff,SOUTHERN TRANSITION
0MBYWSTEWK_chipid821.tiff,EASTERN DRY
H49XM5MHIG_chipid5235.tiff,NORTH EAST DRY
A8DIH5WVJS_chipid7180.tiff,UNKNOWN
1Q82DWLTBP_chipid4183.tiff,CENTRAL DRY
K1ASACYQVR_chipid7905.tiff,NORTHERN DRY
0IGSASUF5Y_chipid114.tiff,SOUTHERN TRANSITION
KFJ8R8ZUUN_chipid3819.tiff,WESTERN TRANSITION
F38GDEB72K_chipid5982.tiff,NORTH EAST DRY
R6NR15TBY2_chipid5599.tiff,SOUTHERN TRANSITION
11ATOI6U4F_chipid1790.tiff,CENTRAL DRY
3E0OZD9KKX_chipid1578.tiff,CENTRAL DRY
UUL8A56TJO_chipid7397.tiff,SOUTHERN TRANSITION
OKONI3PHDL_chipid1777.tiff,CENTRAL DRY
ZMTNXGPKAG_chipid1887.tiff,CENTRAL DRY
E4742UZ7HE_chipid3558.tiff,COASTAL
2Y1KDZFFJA_chipid7036.tiff,NORTH EAST DRY
VAJUF432KJ_chipid6487.tiff,NORTH EAST DRY
Y4TKS7Z46T_chipid4225.tiff,SOUTHERN TRANSITION
H8TAV9KPWW_chipid4642.tiff,NORTH EAST DRY
O35TR538YS_chipid3347.tiff,COASTAL
QB0YC37HZA_chipid2263.tiff,SOUTHERN TRANSITION
7HCOBLRTBJ_chipid692.tiff,EASTERN DRY
4NGH9QJKQE_chipid6629.tiff,CENTRAL DRY
52W69OLTNQ_chipid323.tiff,SOUTHERN DRY
7H90GDRTFJ_chipid3546.tiff,COASTAL
PX72V03W7E_chipid7022.tiff,UNKNOWN
W12RIAYT5B_chipid6224.tiff,SOUTHERN DRY
20IIH41MJ4_chipid2017.tiff,EASTERN DRY
E5D5Z9FEWZ_chipid2755.tiff,SOUTHERN TRANSITION
QS8AKNHMAV_chipid1151.tiff,CENTRAL DRY
15NL2AW7J7_chipid3177.tiff,SOUTHERN DRY
N103TNW3JC_chipid5293.tiff,NORTH EAST DRY
8WCEDDV1E2_chipid7236.tiff,NORTHERN DRY
0HZDPKKVZU_chipid7071.tiff,NORTHERN DRY
OJHNQ96MVT_chipid544.tiff,SOUTHERN DRY
V8F26G74BO_chipid4479.tiff,NORTH EAST DRY
N1PL1XMP2Y_chipid4835.tiff,COASTAL
AKU0HL5URY_chipid3502.tiff,COASTAL
ETVWQ43HBI_chipid4508.tiff,NORTH EAST DRY
HVOIE6XVOZ_chipid4353.tiff,NORTH EAST DRY
L0RHIA4O8T_chipid1573.tiff,CENTRAL DRY
YU4S6RRHQZ_chipid1770.tiff,CENTRAL DRY
UTB2JO6P21_chipid7151.tiff,COASTAL
838J252X8S_chipid7620.tiff,CENTRAL DRY
PVTAAQ2SMY_chipid4408.tiff,NORTH EAST DRY
2F4BKBMTRL_chipid6967.tiff,EASTERN DRY
EMH5C8VLAG_chipid2939.tiff,CENTRAL DRY
W2DOSS3X8S_chipid2092.tiff,EASTERN DRY
V5UYL4CSJW_chipid4327.tiff,NORTH EAST DRY
H1ZKF6NB8K_chipid121.tiff,SOUTHERN TRANSITION
4HIZ9AQCLO_chipid4639.tiff,NORTH EAST DRY
R2VWBYOLBO_chipid7785.tiff,UNKNOWN
1BBTSCE2ZD_chipid3066.tiff,CENTRAL DRY
71ICVNBM0I_chipid6982.tiff,EASTERN DRY
N6O2J5F1ZX_chipid6165.tiff,COASTAL
QLF1KF3KB1_chipid6601.tiff,CENTRAL DRY
ELI0U5S9IZ_chipid4847.tiff,COASTAL
YZ4F040R4X_chipid6619.tiff,CENTRAL DRY
9C5FSBO11M_chipid1494.tiff,CENTRAL DRY
54OBU5EPJY_chipid702.tiff,EASTERN DRY
0QZEEBKI4I_chipid1435.tiff,CENTRAL DRY
IHP9XYAXHO_chipid3737.tiff,WESTERN TRANSITION
P1U3GQPIWL_chipid6014.tiff,UNKNOWN
S07XQR52BC_chipid4485.tiff,NORTH EAST DRY
EA8SSKR8NE_chipid5879.tiff,NORTHERN DRY
F6ZIOJU6U4_chipid65.tiff,SOUTHERN TRANSITION
OWQPJ4TCBF_chipid378.tiff,SOUTHERN TRANSITION
G94G97SZM7_chipid2526.tiff,UNKNOWN
X507Q8Q1FO_chipid2517.tiff,WESTERN TRANSITION
04BSTSTJA6_chipid6953.tiff,EASTERN DRY
K14IQJVAE6_chipid4526.tiff,NORTH EAST DRY
ZY7APP212R_chipid7136.tiff,COASTAL
SAJSYIF3RX_chipid8058.tiff,NORTH EAST DRY
JYNTWLAY3V_chipid3933.tiff,UNKNOWN
LIPW7596X5_chipid5026.tiff,NORTH EAST DRY
DPIQV0UNJD_chipid5631.tiff,SOUTHERN TRANSITION
TYX0DWTV6A_chipid7751.tiff,COASTAL
GZ30HVP6SZ_chipid7549.tiff,NORTHERN DRY
MRO1J3JTCV_chipid2102.tiff,EASTERN DRY
F51KM4MSYN_chipid3831.tiff,CENTRAL DRY
99RAM4OSLQ_chipid7394.tiff,SOUTHERN TRANSITION
Z6YPHXJSHE_chipid4863.tiff,COASTAL
CV05Z4LPZJ_chipid3543.tiff,COASTAL
PVZK98TABZ_chipid5193.tiff,NORTH EAST DRY
T0AFCQQXWK_chipid2963.tiff,CENTRAL DRY
EBJMTARPI2_chipid1567.tiff,CENTRAL DRY
FRYQCZ6SLP_chipid579.tiff,EASTERN DRY
A1822CEUXR_chipid3755.tiff,WESTERN TRANSITION
VIU6AXKUXX_chipid2699.tiff,CENTRAL DRY
2BX9LL32W9_chipid1521.tiff,CENTRAL DRY
Z4WOQGAFBX_chipid4733.tiff,NORTH EAST DRY
LKZUAS5K6J_chipid5498.tiff,COASTAL
TMPO1YOKJD_chipid6543.tiff,CENTRAL DRY
OGQ4JVHNKC_chipid1456.tiff,CENTRAL DRY
R2692ZJP9P_chipid596.tiff,EASTERN DRY
OU72P8FHYB_chipid2188.tiff,EASTERN DRY
BFQTD7MEKP_chipid4450.tiff,NORTH EAST DRY
T5AN8SEWSA_chipid3395.tiff,COASTAL
I7I940ARRY_chipid7911.tiff,NORTHERN DRY
W9YDR1FAZZ_chipid5072.tiff,NORTH EAST DRY
9T148VR3Y3_chipid5547.tiff,SOUTHERN TRANSITION
QGB8L95TZY_chipid1644.tiff,WESTERN TRANSITION
5B9WYOMYR7_chipid5719.tiff,NORTHERN DRY
BR5Z78E5MU_chipid4374.tiff,NORTH EAST DRY
SPTRXURNIM_chipid6773.tiff,UNKNOWN
DQ37Z2UO4W_chipid2980.tiff,CENTRAL DRY
XRZ865M0JI_chipid3312.tiff,COASTAL
C5ASF4KDNZ_chipid5552.tiff,SOUTHERN TRANSITION
MUKW80BRF3_chipid5463.tiff,COASTAL
IYHP0SRDJF_chipid1596.tiff,CENTRAL DRY
K9OJLUB24Y_chipid6130.tiff,HILL
2K726KXUYZ_chipid4505.tiff,NORTH EAST DRY
K00DB0GJ1C_chipid6829.tiff,SOUTHERN TRANSITION
RMMVQ7DQCC_chipid556.tiff,SOUTHERN DRY
YGWRBOHGFE_chipid1329.tiff,CENTRAL DRY
1CY5FJBX0W_chipid6429.tiff,COASTAL
V0IITRGECE_chipid2698.tiff,CENTRAL DRY
NHZUU0N8IR_chipid1425.tiff,CENTRAL DRY
G0L6E6BFFS_chipid5561.tiff,SOUTHERN TRANSITION
85D6WCBFPV_chipid3197.tiff,COASTAL
E9SLGITMOC_chipid6459.tiff,SOUTHERN DRY
CZ3R6N1234_chipid7411.tiff,SOUTHERN TRANSITION
LMHNJO71XV_chipid5587.tiff,SOUTHERN TRANSITION
CYEI75GMEU_chipid3415.tiff,CENTRAL DRY
EKKSRUVAVH_chipid3159.tiff,SOUTHERN DRY
CH4Z8UXLN2_chipid1728.tiff,CENTRAL DRY
SBJNF6ZWAC_chipid7892.tiff,NORTHERN DRY
FF4OXMBZ9X_chipid810.tiff,EASTERN DRY
OIJ964G5DK_chipid3295.tiff,COASTAL
9SSP93Y8SQ_chipid388.tiff,SOUTHERN TRANSITION
0GBW89ADXA_chipid5477.tiff,COASTAL
KYZNFXM38X_chipid2753.tiff,SOUTHERN TRANSITION
C8Z2DFGLOY_chipid7495.tiff,NORTHERN DRY
5G8X9OR3IM_chipid6176.tiff,COASTAL
F937JXWCQ6_chipid2299.tiff,SOUTHERN TRANSITION
VAHK31YVC3_chipid4726.tiff,NORTH EAST DRY
Y28OMXU26B_chipid1055.tiff,EASTERN DRY
2HUX9QQESU_chipid6927.tiff,SOUTHERN TRANSITION
4WCDG4WYCV_chipid1773.tiff,CENTRAL DRY
0S5NKSS2FJ_chipid429.tiff,SOUTHERN DRY
VA3W7S712Q_chipid315.tiff,SOUTHERN DRY
35UA0KB18U_chipid6373.tiff,COASTAL
3BPJU0CNCD_chipid3210.tiff,COASTAL
19A40ZR4LG_chipid6943.tiff,SOUTHERN TRANSITION
DQTM5BXK4K_chipid7779.tiff,NORTH EAST DRY
YJ0RCA95M3_chipid1591.tiff,CENTRAL DRY
NV853EHE20_chipid6469.tiff,SOUTHERN DRY
4DZAO3WZIU_chipid935.tiff,EASTERN DRY
4LVW98FKDJ_chipid8083.tiff,NORTH EAST DRY
UAL0HMTV03_chipid7527.tiff,NORTHERN DRY
19I62C3ZNQ_chipid1555.tiff,CENTRAL DRY
IMC16ENZZ2_chipid7417.tiff,SOUTHERN TRANSITION
A6F1MJGVM1_chipid4684.tiff,NORTH EAST DRY
AQ83UHTJ2X_chipid3157.tiff,SOUTHERN DRY
FNZFNEDY47_chipid4943.tiff,COASTAL
Z8J4NECQ4C_chipid2908.tiff,CENTRAL DRY
EBDXRH6VJG_chipid2484.tiff,EASTERN DRY
L64WY7VCB3_chipid5243.tiff,NORTH EAST DRY
OXY5B12O60_chipid3302.tiff,COASTAL
JRG9B0UYBT_chipid5029.tiff,NORTH EAST DRY
LL04J4AKJS_chipid5092.tiff,NORTH EAST DRY
JU3KGKWXAA_chipid7481.tiff,CENTRAL DRY
AH1TUOS419_chipid841.tiff,EASTERN DRY
C44KP7LIFS_chipid6322.tiff,NORTH EAST DRY
MDW35GRSNS_chipid7041.tiff,NORTH EAST DRY
DPAW9MC155_chipid909.tiff,EASTERN DRY
HGI8OKJ4U5_chipid4423.tiff,NORTH EAST DRY
L9CQ40WBNT_chipid5112.tiff,NORTH EAST DRY
FD4KDXJHAD_chipid6157.tiff,COASTAL
8AVVSI88FX_chipid6392.tiff,COASTAL
AL85WLG9PD_chipid2549.tiff,WESTERN TRANSITION
JTUXTCJ3GQ_chipid7181.tiff,UNKNOWN
WWLBDLYG3N_chipid2706.tiff,UNKNOWN
XT7SLEYR4N_chipid1710.tiff,NORTH EAST DRY
FLV55LR47Q_chipid3635.tiff,WESTERN TRANSITION
ZD4IRAEJ1Y_chipid2233.tiff,EASTERN DRY
QGXERISNMB_chipid247.tiff,SOUTHERN TRANSITION
7VTS7753BJ_chipid1233.tiff,CENTRAL DRY
C1NWQHJJH2_chipid7340.tiff,NORTH EAST DRY
JN4FRDTMBS_chipid5813.tiff,NORTHERN DRY
EEUMA0TNV8_chipid958.tiff,EASTERN DRY
S44Z48JBPM_chipid5205.tiff,NORTH EAST DRY
BX4C7K23PN_chipid2285.tiff,SOUTHERN TRANSITION
ECMMXR1XWX_chipid4753.tiff,NORTH EAST DRY
8RFBSV3GYM_chipid3537.tiff,COASTAL
XKP06OQ6F2_chipid3499.tiff,COASTAL
X9VS83APGX_chipid391.tiff,SOUTHERN TRANSITION
ADJXLL4FXS_chipid4432.tiff,NORTH EAST DRY
TTZ06SPIQU_chipid6221.tiff,SOUTHERN DRY
E2280SFBMK_chipid6128.tiff,HILL
J0N1JNW7QA_chipid7217.tiff,UNKNOWN
KZJ6W7R5MA_chipid3009.tiff,EASTERN DRY
MTVITUDAHC_chipid3879.tiff,CENTRAL DRY
R8TL4GV2X2_chipid3714.tiff,WESTERN TRANSITION
F02AWF7XCK_chipid3607.tiff,COASTAL
R5FYF8OUVH_chipid2349.tiff,CENTRAL DRY
HME8XRN2IY_chipid3783.tiff,WESTERN TRANSITION
XPG0U1EWQU_chipid2330.tiff,CENTRAL DRY
NYM9QLHRKN_chipid1491.tiff,CENTRAL DRY
FJR97HUQED_chipid5521.tiff,SOUTHERN TRANSITION
934T33BHZY_chipid7308.tiff,NORTH EAST DRY
3JPTP6PWQX_chipid620.tiff,EASTERN DRY
5G64XMPLWT_chipid5967.tiff,NORTH EAST DRY
6TG1AH6WDB_chipid5530.tiff,SOUTHERN TRANSITION
LIAB827475_chipid1243.tiff,CENTRAL DRY
WIKL50UXHW_chipid7689.tiff,COASTAL
UB9843RB64_chipid2575.tiff,SOUTHERN TRANSITION
Q6OPOPVHQ4_chipid1571.tiff,CENTRAL DRY
376TR5W5IR_chipid4400.tiff,NORTH EAST DRY
X1CALQKZZ7_chipid4056.tiff,SOUTHERN DRY
9TWDHN6CNN_chipid276.tiff,SOUTHERN DRY
9R4C6J6IUL_chipid5900.tiff,NORTHERN DRY
QXH9LUY1NN_chipid2820.tiff,SOUTHERN DRY
1FEI44AKBC_chipid5760.tiff,NORTHERN DRY
YFP45J61A2_chipid1559.tiff,CENTRAL DRY
7RP4QI18R5_chipid984.tiff,EASTERN DRY
72UVFZ1GSB_chipid3401.tiff,COASTAL
TJGUX322NV_chipid4910.tiff,COASTAL
3YCY0E1JR6_chipid3166.tiff,SOUTHERN DRY
2QLBCL98MP_chipid3875.tiff,CENTRAL DRY
TA3R9GYA2P_chipid6142.tiff,HILL
J4D74FR11D_chipid6308.tiff,NORTH EAST DRY
BJDN1J8UZU_chipid2602.tiff,SOUTHERN TRANSITION
QCDJBGFAZ9_chipid4723.tiff,NORTH EAST DRY
XUF971S6AA_chipid1747.tiff,CENTRAL DRY
G6U2ST5IR2_chipid7318.tiff,NORTH EAST DRY
NROM00V7NY_chipid1376.tiff,CENTRAL DRY
G39OKZQ807_chipid204.tiff,SOUTHERN TRANSITION
POQ65428LR_chipid3622.tiff,WESTERN TRANSITION
SQWD4M4M7I_chipid8026.tiff,COASTAL
LXNM1BWQ2P_chipid3044.tiff,EASTERN DRY
EOXPU1824E_chipid96.tiff,SOUTHERN TRANSITION
L22QS3ZO3H_chipid3004.tiff,EASTERN DRY
MGDU9SSKKA_chipid5608.tiff,SOUTHERN TRANSITION
6I7PUE71QX_chipid1349.tiff,CENTRAL DRY
S1BCLECR7H_chipid6012.tiff,HILL
5MENAR1OU6_chipid5737.tiff,NORTHERN DRY
I12LLZNZRN_chipid4814.tiff,COASTAL
IM10DTAZXJ_chipid2682.tiff,UNKNOWN
LN0M7RB4Z5_chipid4741.tiff,NORTH EAST DRY
UYCVDHQUSM_chipid2052.tiff,EASTERN DRY
E9UANR3DKH_chipid5227.tiff,NORTH EAST DRY
MDHYSBCX97_chipid7861.tiff,NORTHERN DRY
JKB5N00J7X_chipid2237.tiff,EASTERN DRY
41SNDTZDF7_chipid5554.tiff,SOUTHERN TRANSITION
O4X5WG4Q7X_chipid4449.tiff,NORTH EAST DRY
OIEP0L2SBT_chipid3996.tiff,SOUTHERN TRANSITION
Z4EANYUC6A_chipid1586.tiff,CENTRAL DRY
Y2JVXKPFYL_chipid237.tiff,SOUTHERN TRANSITION
9NBQRB67E5_chipid6762.tiff,UNKNOWN
ZNXGLFUQEB_chipid7719.tiff,COASTAL
M8JA5J5VF1_chipid528.tiff,SOUTHERN DRY
QBQMPTNP2D_chipid2051.tiff,EASTERN DRY
LJTZWVJUTQ_chipid6589.tiff,CENTRAL DRY
D2E8E0WYIX_chipid2339.tiff,CENTRAL DRY
G428ER14VR_chipid8015.tiff,COASTAL
G2HHIZF3WU_chipid6438.tiff,SOUTHERN DRY
31GRT2L0M5_chipid6624.tiff,CENTRAL DRY
L50261Y2QO_chipid7003.tiff,EASTERN DRY
MFH5B9MTZK_chipid6582.tiff,CENTRAL DRY
HMLMJDSRJJ_chipid4663.tiff,NORTH EAST DRY
884FZ4EDT7_chipid4352.tiff,NORTH EAST DRY
ZXDMM4IOS9_chipid2158.tiff,EASTERN DRY
YDU3Q2743C_chipid4283.tiff,SOUTHERN TRANSITION
L9SQEO4G02_chipid2169.tiff,EASTERN DRY
8HNTPD71RJ_chipid6743.tiff,UNKNOWN
HQXYT01OBU_chipid3982.tiff,SOUTHERN TRANSITION
PLZBMJAZTM_chipid5407.tiff,SOUTHERN TRANSITION
Q2LXPDN71M_chipid2118.tiff,EASTERN DRY
FA4K994PMX_chipid6050.tiff,HILL
9QO0NFNZ0A_chipid337.tiff,SOUTHERN DRY
SQS1IAJU3B_chipid671.tiff,EASTERN DRY
4VKY8ABNZO_chipid1270.tiff,CENTRAL DRY
5K8AM9I32M_chipid434.tiff,SOUTHERN DRY
LYQ7K5TAY4_chipid1938.tiff,EASTERN DRY
JYHV9KNC5Y_chipid4213.tiff,SOUTHERN TRANSITION
I6NML9FN4U_chipid7381.tiff,SOUTHERN TRANSITION
Q2EL2JDTE6_chipid6116.tiff,HILL
SMU2KL39ON_chipid1441.tiff,CENTRAL DRY
M29KHWU7LQ_chipid1070.tiff,EASTERN DRY
UJG64T0ML9_chipid6564.tiff,CENTRAL DRY
UOURJQ1J9X_chipid4866.tiff,COASTAL
55B6PB8XXM_chipid3221.tiff,COASTAL
SZ4NVVOYZB_chipid3182.tiff,SOUTHERN DRY
PN5XC7A4Q1_chipid1221.tiff,CENTRAL DRY
8STL2CJ9W9_chipid5945.tiff,NORTHERN DRY
D0GAAIM436_chipid6855.tiff,SOUTHERN TRANSITION
4H2DUMWOIF_chipid2239.tiff,EASTERN DRY
Y1Z8R9XFKD_chipid3902.tiff,UNKNOWN
H5MS3ZCBZE_chipid7255.tiff,NORTHERN DRY
H3OOD2XY7S_chipid2538.tiff,UNKNOWN
HSO81VET8R_chipid2688.tiff,CENTRAL DRY
6PIZ48U3QU_chipid1886.tiff,CENTRAL DRY
36X8IQUY7I_chipid5882.tiff,NORTHERN DRY
2BWTHGFTRD_chipid2141.tiff,EASTERN DRY
95T3IAJ0JA_chipid366.tiff,SOUTHERN TRANSITION
H65KMMVTQI_chipid4073.tiff,SOUTHERN DRY
PNM3XMPP6G_chipid6144.tiff,HILL
9YAUDAENNJ_chipid3462.tiff,COASTAL
Z8ZHEI6D4G_chipid2306.tiff,CENTRAL DRY
26VKFHYSCZ_chipid7218.tiff,UNKNOWN
6EN3JC8P1W_chipid6781.tiff,UNKNOWN
BM39VUWE4I_chipid5284.tiff,NORTH EAST DRY
YPPG9TE0FO_chipid1068.tiff,EASTERN DRY
7CNAZ022DJ_chipid1574.tiff,CENTRAL DRY
MJUL7EFQJR_chipid1789.tiff,CENTRAL DRY
NMMRART8P3_chipid1118.tiff,CENTRAL DRY
71BG6S8ZC2_chipid7990.tiff,COASTAL
UATWY1IQ8O_chipid1351.tiff,CENTRAL DRY
M9KIEI3SJT_chipid7532.tiff,NORTHERN DRY
JMH8QIEZWE_chipid103.tiff,SOUTHERN TRANSITION
PH5VHX4Y8E_chipid5395.tiff,SOUTHERN TRANSITION
BGV0JI7Q6H_chipid5836.tiff,NORTHERN DRY
9BRQ8NR1GF_chipid4272.tiff,SOUTHERN TRANSITION
SZBOY56TQN_chipid7477.tiff,CENTRAL DRY
T6MD763GUZ_chipid3087.tiff,CENTRAL DRY
EJHH0QTUXU_chipid5063.tiff,NORTH EAST DRY
J6VPBZU9YH_chipid4970.tiff,HILL
4I2BOKOW4K_chipid6193.tiff,COASTAL
YVRVN1VVZD_chipid6739.tiff,CENTRAL DRY
Z5ICR473QK_chipid1129.tiff,CENTRAL DRY
3VZZFHUVO0_chipid3471.tiff,COASTAL
SX2Z0JE210_chipid1418.tiff,CENTRAL DRY
ZFSZ224M01_chipid4770.tiff,NORTH EAST DRY
Z7WK3YIWUS_chipid3880.tiff,CENTRAL DRY
4ZHWUVP7IO_chipid1128.tiff,CENTRAL DRY
ZU8CJKVK6U_chipid4856.tiff,COASTAL
L3NN6F38HL_chipid1931.tiff,EASTERN DRY
GV038GWZEY_chipid3703.tiff,WESTERN TRANSITION
NCDARBF9VR_chipid1193.tiff,CENTRAL DRY
PIR8VIA66Q_chipid7819.tiff,COASTAL
SCFDK1PBYD_chipid260.tiff,SOUTHERN TRANSITION
FWN7GSPE7Z_chipid7503.tiff,NORTHERN DRY
M3JF36ZSIX_chipid175.tiff,SOUTHERN TRANSITION
T196880TMX_chipid4676.tiff,NORTH EAST DRY
4ESRZ6PB3K_chipid2044.tiff,EASTERN DRY
00K4SRP2V0_chipid955.tiff,EASTERN DRY
UFTESKCPEW_chipid5312.tiff,NORTH EAST DRY
07SBAVVYHP_chipid5677.tiff,NORTHERN DRY
EZHR6LPWRW_chipid466.tiff,SOUTHERN DRY
XPQ5ZGGLM0_chipid4555.tiff,NORTH EAST DRY
OPD67MPB0J_chipid7546.tiff,NORTHERN DRY
F9J57SHJ0Q_chipid4939.tiff,COASTAL
Z992ROKL21_chipid2058.tiff,EASTERN DRY
8U9Y4D387B_chipid7334.tiff,NORTH EAST DRY
LCTCP5T4MB_chipid352.tiff,SOUTHERN TRANSITION
XNK417UFTR_chipid4089.tiff,CENTRAL DRY
ER2O3YZB1K_chipid3330.tiff,COASTAL
VUOXSRN3XU_chipid2196.tiff,EASTERN DRY
BDNPIZ07YO_chipid1510.tiff,CENTRAL DRY
OXH17CZEE5_chipid5526.tiff,SOUTHERN TRANSITION
HT6EP4P6OM_chipid7932.tiff,WESTERN TRANSITION
F3WO30A3MT_chipid829.tiff,EASTERN DRY
42WDBIDB3Z_chipid1166.tiff,CENTRAL DRY
DVH178XBM2_chipid5180.tiff,NORTH EAST DRY
ZJPINVZQQU_chipid1427.tiff,CENTRAL DRY
KAGAL1L3E8_chipid3473.tiff,COASTAL
321YSURX2F_chipid4999.tiff,HILL
KCXAWJU6F1_chipid2960.tiff,CENTRAL DRY
EVDJ43O96I_chipid1146.tiff,CENTRAL DRY
LARO9IVV8U_chipid2604.tiff,SOUTHERN TRANSITION
4E542IIQDU_chipid7458.tiff,CENTRAL DRY
KO50VSHPSP_chipid5542.tiff,SOUTHERN TRANSITION
04UB0D3HOH_chipid6531.tiff,CENTRAL DRY
96PUCUAACN_chipid5793.tiff,NORTHERN DRY
6OAQLQF8F0_chipid5787.tiff,NORTHERN DRY
KFID05TURN_chipid4614.tiff,NORTH EAST DRY
EHHXMELIML_chipid7076.tiff,NORTHERN DRY
I4XXVH8F3Y_chipid7268.tiff,NORTHERN DRY
60608VBN4X_chipid1365.tiff,CENTRAL DRY
A2HLMQY8IK_chipid5601.tiff,SOUTHERN TRANSITION
44AD8QXOD1_chipid7840.tiff,COASTAL
Y7AJHY80J7_chipid5661.tiff,NORTHERN DRY
VK1BUWC1Z2_chipid6837.tiff,SOUTHERN TRANSITION
HIG30CZORV_chipid7288.tiff,NORTH EAST DRY
BNDYOV31BE_chipid6261.tiff,NORTH EAST DRY
OF8QXYIYFW_chipid4724.tiff,NORTH EAST DRY
T18V86EHO4_chipid927.tiff,EASTERN DRY
A8P9JAP3P7_chipid8087.tiff,NORTH EAST DRY
GJHBFJ8C5T_chipid8108.tiff,NORTH EAST DRY
ADWRQ3JS6P_chipid3064.tiff,CENTRAL DRY
3V0XI96TE0_chipid6166.tiff,COASTAL
20S1J5F7QG_chipid7007.tiff,UNKNOWN
QAS07YDUCE_chipid7670.tiff,UNKNOWN
YO26CUC2XK_chipid2683.tiff,CENTRAL DRY
30Y7V3A6UT_chipid5656.tiff,NORTHERN DRY
V175SW0BTL_chipid1338.tiff,CENTRAL DRY
8FEWA4SI7Q_chipid5167.tiff,NORTH EAST DRY
AP57BZV45W_chipid1960.tiff,EASTERN DRY
EFUF6JU0IT_chipid7778.tiff,NORTH EAST DRY
FEQK6B51E6_chipid2618.tiff,SOUTHERN TRANSITION
6TA05SZN0I_chipid6202.tiff,COASTAL
5NIFXAMO16_chipid1840.tiff,CENTRAL DRY
KATQMU9SDT_chipid7829.tiff,COASTAL
VNJI4G5F37_chipid7235.tiff,NORTHERN DRY
S8DHMSUSAC_chipid6418.tiff,COASTAL
2VUIPL46D2_chipid8004.tiff,COASTAL
93P7BYFP4A_chipid6929.tiff,SOUTHERN TRANSITION
TCSGB6T5YI_chipid6774.tiff,CENTRAL DRY
BNXEAO3IK0_chipid5392.tiff,SOUTHERN TRANSITION
VXLA7RD6I3_chipid2606.tiff,SOUTHERN TRANSITION
5HU8H33WSB_chipid7118.tiff,WESTERN TRANSITION
LXABVIGHUV_chipid1294.tiff,CENTRAL DRY
OANNQGGMRX_chipid4729.tiff,NORTH EAST DRY
PMCY9Z9YYW_chipid2022.tiff,EASTERN DRY
12TDYZ23BU_chipid1230.tiff,CENTRAL DRY
QBZI2TNBCU_chipid1088.tiff,EASTERN DRY
L2VBO4MBB5_chipid5010.tiff,HILL
E9K1VPG913_chipid3235.tiff,COASTAL
8MYTLVONRA_chipid932.tiff,UNKNOWN
C12KG0X75U_chipid414.tiff,SOUTHERN DRY
9DAS2SZIHA_chipid7526.tiff,NORTHERN DRY
H34BAPY4BL_chipid2552.tiff,SOUTHERN DRY
4RSWC9047S_chipid325.tiff,SOUTHERN DRY
CYG6ZESN7E_chipid3692.tiff,WESTERN TRANSITION
NPRTMP492C_chipid6555.tiff,CENTRAL DRY
QCQXSJ3HWO_chipid5493.tiff,COASTAL
6C0VQ3FQAD_chipid6414.tiff,COASTAL
AB4PO8RQDW_chipid4238.tiff,SOUTHERN TRANSITION
V3P1NSSI70_chipid3935.tiff,UNKNOWN
R58MFI938R_chipid7740.tiff,COASTAL
XT6HVHSUZ7_chipid6443.tiff,SOUTHERN DRY
DVYUM63DJN_chipid3002.tiff,EASTERN DRY
4ETG9WZWI9_chipid3912.tiff,CENTRAL DRY
6DNAH4NFX5_chipid1359.tiff,CENTRAL DRY
Y5Q2A9FQFT_chipid5732.tiff,NORTHERN DRY
LQZEJOO8N1_chipid6421.tiff,COASTAL
EUI6QF9IS0_chipid2160.tiff,EASTERN DRY
OGT3F5BLDO_chipid1081.tiff,EASTERN DRY
N05MJS0CNP_chipid4057.tiff,SOUTHERN DRY
B5RZN91CWL_chipid4740.tiff,NORTH EAST DRY
621P2D6TJI_chipid7986.tiff,COASTAL
3SE3MCM72T_chipid3383.tiff,COASTAL
42OLYYXPZE_chipid3000.tiff,EASTERN DRY
9RNAIZN86B_chipid2335.tiff,CENTRAL DRY
PZVEV7GUYE_chipid5688.tiff,NORTHERN DRY
E8MI91RCA5_chipid1572.tiff,CENTRAL DRY
U9CEHRCCYL_chipid642.tiff,EASTERN DRY
QLMPC76OTT_chipid6686.tiff,CENTRAL DRY
GPUIPK282Y_chipid1548.tiff,CENTRAL DRY
286YEZEOR5_chipid1902.tiff,EASTERN DRY
S2GNSS3AG1_chipid1449.tiff,CENTRAL DRY
PKK7I1DLQR_chipid3521.tiff,COASTAL
JX5QT2E3C2_chipid2724.tiff,CENTRAL DRY
YT3P5Q63VR_chipid8056.tiff,NORTH EAST DRY
P0HKEBZRVG_chipid174.tiff,SOUTHERN TRANSITION
50WXA4WF57_chipid5798.tiff,NORTHERN DRY
F742TCB86M_chipid3998.tiff,SOUTHERN TRANSITION
Z1U4V0GUGE_chipid5387.tiff,SOUTHERN TRANSITION
03BAM0TSY6_chipid3516.tiff,COASTAL
UP6ZK8PG82_chipid2910.tiff,CENTRAL DRY
2AZ5LEO42W_chipid3801.tiff,EASTERN DRY
UQXHXR0V27_chipid78.tiff,SOUTHERN TRANSITION
N73UBJZAE5_chipid67.tiff,SOUTHERN TRANSITION
ODK0S66DR3_chipid7979.tiff,COASTAL
QEQ16O1FPV_chipid6778.tiff,UNKNOWN
01CAPKGWUU_chipid7345.tiff,SOUTHERN TRANSITION
MJ7IK9S607_chipid1753.tiff,CENTRAL DRY
DOPV57R7YG_chipid1666.tiff,UNKNOWN
SEWG9LPKVV_chipid2641.tiff,EASTERN DRY
DKT6S1UVM0_chipid7748.tiff,COASTAL
DOLK6QPAKO_chipid2040.tiff,EASTERN DRY
PS10BLELVO_chipid1781.tiff,CENTRAL DRY
EEIIAJL88U_chipid4151.tiff,CENTRAL DRY
SGGDVX4E8V_chipid2893.tiff,CENTRAL DRY
UVBFF9BE8X_chipid5606.tiff,SOUTHERN TRANSITION
T2HEYXN6Q8_chipid6253.tiff,NORTH EAST DRY
C3KRIUT92U_chipid6259.tiff,NORTH EAST DRY
8JFEANONGS_chipid5111.tiff,NORTH EAST DRY
V58NEAO5EV_chipid6806.tiff,NORTHERN DRY
QI2PM5RVE7_chipid6384.tiff,COASTAL
63WUQUITPY_chipid2150.tiff,EASTERN DRY
EJQ5HYQ5RD_chipid7035.tiff,NORTH EAST DRY
0B6DOI1NK3_chipid1476.tiff,CENTRAL DRY
DF9AYWM1DN_chipid5628.tiff,SOUTHERN TRANSITION
VDQYKOSSWU_chipid711.tiff,EASTERN DRY
9C6DWOPG76_chipid5939.tiff,NORTHERN DRY
V18L5N78PQ_chipid1438.tiff,CENTRAL DRY
H8D3GCY7HW_chipid2256.tiff,EASTERN DRY
BEWZ1JOMH1_chipid6989.tiff,EASTERN DRY
X55PG0WT8G_chipid3264.tiff,CENTRAL DRY
61I58CS19H_chipid844.tiff,EASTERN DRY
8SMW7J83PC_chipid4944.tiff,COASTAL
LFWVUKNVSZ_chipid5695.tiff,NORTHERN DRY
LQCF9YVYUU_chipid7160.tiff,COASTAL
B9U25FC749_chipid4312.tiff,NORTH EAST DRY
E19WQPQUDQ_chipid6284.tiff,NORTH EAST DRY
9L7FHEPN97_chipid7263.tiff,NORTHERN DRY
DS5PE9TDZG_chipid2433.tiff,EASTERN DRY
AHV0SBA9Z5_chipid1200.tiff,CENTRAL DRY
M4E89N339S_chipid6577.tiff,CENTRAL DRY
HERHUPSTAU_chipid7214.tiff,CENTRAL DRY
RIASMDFH7B_chipid7533.tiff,NORTHERN DRY
JTR6WFZDHP_chipid876.tiff,EASTERN DRY
PD41MM3U70_chipid712.tiff,EASTERN DRY
OTGTHEWXPW_chipid6744.tiff,UNKNOWN
ZDMVZTLBEO_chipid6979.tiff,EASTERN DRY
QQZNZ3YSXP_chipid3792.tiff,WESTERN TRANSITION
0EQ866SMHT_chipid2651.tiff,EASTERN DRY
ABC0FFBBLQ_chipid5706.tiff,NORTHERN DRY
8LK68MJR3L_chipid3435.tiff,CENTRAL DRY
N8WUMYI2GE_chipid570.tiff,EASTERN DRY
DKONOCBLVZ_chipid2465.tiff,EASTERN DRY
P2TUSP28IU_chipid5849.tiff,NORTHERN DRY
FAT7KLNCFC_chipid6017.tiff,UNKNOWN
ZG852H4DVR_chipid1188.tiff,CENTRAL DRY
J6P0YQM08J_chipid3655.tiff,WESTERN TRANSITION
JHIHT06SN2_chipid817.tiff,EASTERN DRY
9GXUNNTHCX_chipid4376.tiff,NORTH EAST DRY
YG94WAMFX7_chipid2324.tiff,CENTRAL DRY
U733H9SX9X_chipid2000.tiff,EASTERN DRY
JLR5EM92QX_chipid1975.tiff,EASTERN DRY
8Y74N29MSU_chipid5166.tiff,NORTH EAST DRY
4RK72KZWKJ_chipid327.tiff,SOUTHERN DRY
6U9LWFD0ZS_chipid2492.tiff,EASTERN DRY
G216XBFRXZ_chipid5720.tiff,NORTHERN DRY
7CIYE1T5RG_chipid3955.tiff,CENTRAL DRY
88EK93QK56_chipid3780.tiff,WESTERN TRANSITION
PP2NXPPCJ3_chipid1347.tiff,CENTRAL DRY
98ZJFTIXQ5_chipid5912.tiff,NORTHERN DRY
PMN89AEPH0_chipid5222.tiff,NORTH EAST DRY
14MXMMU3BT_chipid5518.tiff,SOUTHERN TRANSITION
69TEZ8JXOK_chipid986.tiff,EASTERN DRY
EIDR0K93Y7_chipid3170.tiff,SOUTHERN DRY
CN93W3NGRY_chipid4208.tiff,SOUTHERN TRANSITION
OQK01DET9T_chipid3926.tiff,CENTRAL DRY
L11PVFNE8C_chipid842.tiff,EASTERN DRY
IKU47OLGVL_chipid6185.tiff,COASTAL
79R2WBMHD1_chipid1880.tiff,CENTRAL DRY
52BVLPHR5I_chipid5230.tiff,NORTH EAST DRY
EGY1UNEGHS_chipid7604.tiff,NORTH EAST DRY
KFUID85CI1_chipid87.tiff,SOUTHERN TRANSITION
YWH0AI81W7_chipid3457.tiff,COASTAL
D8L8ZEC4XI_chipid1194.tiff,CENTRAL DRY
HD2FARCZI4_chipid5630.tiff,SOUTHERN TRANSITION
QRON1BT9FZ_chipid4329.tiff,NORTH EAST DRY
F8EEKQDGKV_chipid4803.tiff,COASTAL
7E04TAAXHC_chipid5716.tiff,NORTHERN DRY
83X3QC2SLN_chipid2845.tiff,SOUTHERN DRY
ANRYNE7ZX6_chipid5465.tiff,COASTAL
2XKAAYI09T_chipid5390.tiff,SOUTHERN TRANSITION
C8NVCJQ558_chipid3201.tiff,COASTAL
00NXPZZHH7_chipid5096.tiff,NORTH EAST DRY
ZG88MEHIVP_chipid5669.tiff,NORTHERN DRY
KSLN6FK8LV_chipid2995.tiff,EASTERN DRY
X65Y17GWCO_chipid142.tiff,SOUTHERN TRANSITION
SPHIHFQHS5_chipid4652.tiff,NORTH EAST DRY
7H7279916O_chipid822.tiff,EASTERN DRY
8UP2FFOJLR_chipid4805.tiff,COASTAL
JSDW2DVG9O_chipid6665.tiff,CENTRAL DRY
TOGURQNLAY_chipid1301.tiff,CENTRAL DRY
9O7WFPZPVL_chipid3749.tiff,WESTERN TRANSITION
4AUPNOW8AI_chipid819.tiff,EASTERN DRY
6STWYB4NRX_chipid4952.tiff,COASTAL
KC2BOAJFS4_chipid1463.tiff,CENTRAL DRY
6XGD025LKI_chipid7089.tiff,WESTERN TRANSITION
K1JXMG6CME_chipid1906.tiff,EASTERN DRY
S2AWQCN3OQ_chipid4777.tiff,NORTH EAST DRY
LZAD5JJQJY_chipid3262.tiff,CENTRAL DRY
1FU3QAG96M_chipid7445.tiff,CENTRAL DRY
UIEYTPLDKX_chipid2823.tiff,SOUTHERN DRY
SY5TSSM2J1_chipid3747.tiff,WESTERN TRANSITION
TMTZ0DTZT7_chipid1826.tiff,CENTRAL DRY
V9UGA95WS6_chipid7070.tiff,NORTHERN DRY
XH8II20TVL_chipid5543.tiff,SOUTHERN TRANSITION
8YIE8MOT14_chipid5529.tiff,SOUTHERN TRANSITION
0KH3VQNVRU_chipid4094.tiff,CENTRAL DRY
VLHEV6UYG7_chipid1035.tiff,EASTERN DRY
Z9QCIIYQZF_chipid6730.tiff,UNKNOWN
OH0B9ZG81L_chipid7600.tiff,NORTH EAST DRY
NRLKLZEGYL_chipid1235.tiff,CENTRAL DRY
8E64FIE2WB_chipid8011.tiff,COASTAL
OSAIBGOW5E_chipid6008.tiff,UNKNOWN
54CKKFLBTR_chipid4249.tiff,SOUTHERN TRANSITION
05KLEG033H_chipid793.tiff,EASTERN DRY
2JIEYILKR1_chipid4219.tiff,SOUTHERN TRANSITION
11IFDO4IYO_chipid4899.tiff,COASTAL
LUL47LB2RK_chipid4025.tiff,SOUTHERN TRANSITION
G0FKUIQ4AO_chipid4688.tiff,NORTH EAST DRY
IKM8XKUD7Y_chipid2288.tiff,SOUTHERN TRANSITION
OBKMF2TLBC_chipid70.tiff,SOUTHERN TRANSITION
6GCQ78NTM4_chipid4685.tiff,NORTH EAST DRY
ABXF1FJBMR_chipid3968.tiff,CENTRAL DRY
OFPRHTJE9F_chipid4351.tiff,NORTH EAST DRY
RVYN6UX6D6_chipid1661.tiff,WESTERN TRANSITION
1F1O4SDAZ2_chipid3526.tiff,COASTAL
ZF2HVVW92Z_chipid7105.tiff,WESTERN TRANSITION
GGQJYIVVK9_chipid6845.tiff,SOUTHERN TRANSITION
0VSQEHK1HD_chipid779.tiff,EASTERN DRY
TV2QD20M8N_chipid4569.tiff,NORTH EAST DRY
6OEFQTVTJM_chipid7815.tiff,COASTAL
TIQNHFW5IK_chipid2768.tiff,SOUTHERN TRANSITION
XINQX6FUG7_chipid7474.tiff,CENTRAL DRY
E7JQUMEKOS_chipid517.tiff,EASTERN DRY
J5KVT1TBDG_chipid4873.tiff,COASTAL
KS5BFIVZ2R_chipid3640.tiff,WESTERN TRANSITION
RR4IN42U6Z_chipid1313.tiff,CENTRAL DRY
88E6DW7IIN_chipid4694.tiff,NORTH EAST DRY
OGJDKE7ODZ_chipid5.tiff,SOUTHERN TRANSITION
TJWCEIUIDN_chipid3259.tiff,CENTRAL DRY
M3G1T5LNG5_chipid732.tiff,EASTERN DRY
GENVNUWPF4_chipid845.tiff,EASTERN DRY
P0PBMTES55_chipid6988.tiff,EASTERN DRY
ELKUT8B80R_chipid4885.tiff,COASTAL
FZBXUII4YU_chipid3793.tiff,WESTERN TRANSITION
ZNZSVPVSCG_chipid6903.tiff,SOUTHERN TRANSITION
O9EH1CDR8E_chipid5020.tiff,HILL
0Z79RSRPR9_chipid240.tiff,SOUTHERN TRANSITION
N1R9JT0ESZ_chipid2696.tiff,CENTRAL DRY
6VXXRN9604_chipid6048.tiff,HILL
TGIAS3A7E5_chipid7216.tiff,UNKNOWN
ETNEA01TVN_chipid2193.tiff,EASTERN DRY
8Q285CZFNV_chipid1210.tiff,CENTRAL DRY
BM0F338HU6_chipid88.tiff,SOUTHERN TRANSITION
Y4Y14OIV8F_chipid3097.tiff,CENTRAL DRY
7MA8JHQ1AG_chipid3562.tiff,COASTAL
BXTOJ8Y3EI_chipid2938.tiff,CENTRAL DRY
Q85ZPYD2F0_chipid913.tiff,EASTERN DRY
OMAH9NWXZI_chipid861.tiff,EASTERN DRY
0410X07HAH_chipid4193.tiff,SOUTHERN TRANSITION
HIEZY8T8QO_chipid4854.tiff,COASTAL
RQAYISNW0W_chipid619.tiff,EASTERN DRY
GLSFQ9A0Q2_chipid6620.tiff,CENTRAL DRY
FBF4RH47RS_chipid6228.tiff,SOUTHERN DRY
6D73JFVRAL_chipid5673.tiff,NORTHERN DRY
FDXA3V25R3_chipid2250.tiff,EASTERN DRY
29YRXXIN2B_chipid1981.tiff,EASTERN DRY
YFXP9AKU99_chipid462.tiff,SOUTHERN DRY
DMRHKTH7ZR_chipid1254.tiff,CENTRAL DRY
29INVBRAMF_chipid1152.tiff,CENTRAL DRY
FJQBCNNAVH_chipid7324.tiff,NORTH EAST DRY
G03JTDM1R5_chipid6933.tiff,SOUTHERN TRANSITION
G8TG8UNE49_chipid7941.tiff,WESTERN TRANSITION
M22S2DZ8U9_chipid7040.tiff,NORTH EAST DRY
CAS7E7UHN0_chipid5000.tiff,HILL
0MZW1YIWYB_chipid42.tiff,SOUTHERN TRANSITION
VB22540X9E_chipid2732.tiff,CENTRAL DRY
54FP93APSY_chipid3475.tiff,COASTAL
KRMWDY2PYL_chipid5789.tiff,NORTHERN DRY
2BLAPJXXJQ_chipid4359.tiff,NORTH EAST DRY
DZ3VOWOVN2_chipid573.tiff,EASTERN DRY
P0LFG4G3UI_chipid3119.tiff,CENTRAL DRY
VWXWNT2VUN_chipid6151.tiff,COASTAL
MUS116W3CE_chipid848.tiff,EASTERN DRY
XWQWBUXFZW_chipid7817.tiff,COASTAL
FCCJEHADEU_chipid577.tiff,EASTERN DRY
K2QLA3KXHA_chipid8005.tiff,COASTAL
JQB10Y8CVC_chipid6675.tiff,CENTRAL DRY
QYZ6ZXGZYG_chipid1447.tiff,CENTRAL DRY
XBZUZ40J6Q_chipid6004.tiff,CENTRAL DRY
S34F78L78Z_chipid2327.tiff,CENTRAL DRY
PJA7467QOI_chipid7610.tiff,NORTH EAST DRY
JSCQ0QEWOE_chipid5087.tiff,NORTH EAST DRY
4P7QN004D5_chipid4809.tiff,COASTAL
ZV5XKXD3IU_chipid1100.tiff,EASTERN DRY
FIS9OS5B2J_chipid8008.tiff,COASTAL
6NDUON47NO_chipid12.tiff,SOUTHERN TRANSITION
CV5MEWC7VI_chipid440.tiff,SOUTHERN DRY
JOM5FJJIJE_chipid1642.tiff,WESTERN TRANSITION
N47WQ4YDI2_chipid1409.tiff,CENTRAL DRY
UQEO75BV7X_chipid5307.tiff,NORTH EAST DRY
QCTMGZUQNE_chipid1047.tiff,EASTERN DRY
0JLFJLIURO_chipid959.tiff,EASTERN DRY
2O0PXOVZPG_chipid532.tiff,SOUTHERN DRY
26K9QI7LG7_chipid5979.tiff,NORTH EAST DRY
H2ZUD2VLD4_chipid5512.tiff,SOUTHERN TRANSITION
MMK17VWEM7_chipid7279.tiff,NORTHERN DRY
GELZMM3PXW_chipid7696.tiff,COASTAL
BUUH6GIFHC_chipid4950.tiff,COASTAL
0HWMI99W5Z_chipid7853.tiff,NORTHERN DRY
6K974FEWAI_chipid193.tiff,SOUTHERN TRANSITION
YE8ARBBQWI_chipid5926.tiff,NORTHERN DRY
IGRHPRVIFE_chipid2048.tiff,EASTERN DRY
IWRHADYUM5_chipid5848.tiff,NORTHERN DRY
RZ7F7JBY24_chipid5169.tiff,NORTH EAST DRY
JDBLYMZRYP_chipid2034.tiff,EASTERN DRY
FP1YYLPQO4_chipid5257.tiff,NORTH EAST DRY
WHTNH5LAOS_chipid851.tiff,EASTERN DRY
7QAW347OHL_chipid5286.tiff,NORTH EAST DRY
8CCUKXMGFX_chipid7048.tiff,NORTHERN DRY
S4E305FA7M_chipid8059.tiff,NORTH EAST DRY
UDX92116ZW_chipid6359.tiff,NORTH EAST DRY
OPR6S8HEE2_chipid2145.tiff,EASTERN DRY
18JG4RV56Z_chipid4738.tiff,NORTH EAST DRY
VCQTWWRHIM_chipid3868.tiff,UNKNOWN
1LJCMT2M4L_chipid1249.tiff,CENTRAL DRY
QH0ERDT97O_chipid4015.tiff,SOUTHERN TRANSITION
SN16GP1DU3_chipid6957.tiff,EASTERN DRY
0I0U0CZA3M_chipid5458.tiff,COASTAL
K7CS9U71E1_chipid5815.tiff,NORTHERN DRY
3B5GWDZ304_chipid687.tiff,EASTERN DRY
T25ZS7LROD_chipid1278.tiff,CENTRAL DRY
PVWLT422AK_chipid458.tiff,SOUTHERN DRY
P4BIPDZB7U_chipid3290.tiff,CENTRAL DRY
7C8GO9FT50_chipid4486.tiff,NORTH EAST DRY
WKXOEGMOFX_chipid3713.tiff,WESTERN TRANSITION
AKOG3J4H9M_chipid5757.tiff,NORTHERN DRY
FRCFL382BC_chipid4535.tiff,NORTH EAST DRY
JU2JKNS58D_chipid869.tiff,EASTERN DRY
QK3DHKDTWG_chipid1611.tiff,CENTRAL DRY
308WX7I8D0_chipid5175.tiff,NORTH EAST DRY
CMRTSC97VH_chipid1793.tiff,CENTRAL DRY
X0D8W57580_chipid4882.tiff,COASTAL
1PFUS4OJDO_chipid970.tiff,EASTERN DRY
F9OFZ6FD37_chipid2451.tiff,EASTERN DRY
OQP9NTZBCA_chipid8069.tiff,NORTH EAST DRY
ANY6VW8QOI_chipid5886.tiff,NORTHERN DRY
AX8WJKVH0C_chipid1665.tiff,UNKNOWN
EI69KJBL7T_chipid4973.tiff,HILL
KE1RB14OVN_chipid895.tiff,UNKNOWN
N7CKAVKANY_chipid2710.tiff,CENTRAL DRY
RTLXAXQ1BN_chipid2280.tiff,SOUTHERN TRANSITION
BQK5JT9GOM_chipid2646.tiff,EASTERN DRY
JHUEDFI404_chipid631.tiff,EASTERN DRY
N71L9DWM5H_chipid4079.tiff,SOUTHERN DRY
TLCAFAH5HU_chipid5576.tiff,SOUTHERN TRANSITION
SFM8N9RJPA_chipid180.tiff,SOUTHERN TRANSITION
RM8V5I1TUW_chipid1658.tiff,WESTERN TRANSITION
3JUYBGLHHD_chipid3040.tiff,EASTERN DRY
NBQAQK9MWX_chipid7866.tiff,NORTHERN DRY
50LW2WQOVO_chipid1662.tiff,NORTH EAST DRY
TLYRCCLNR3_chipid582.tiff,EASTERN DRY
J81HJPHQ39_chipid3223.tiff,COASTAL
NMVP4VUXCI_chipid6111.tiff,HILL
EKCHJONLZ3_chipid271.tiff,SOUTHERN DRY
MY203D7Z8S_chipid7202.tiff,CENTRAL DRY
V5U4KOS702_chipid6554.tiff,CENTRAL DRY
BVRJC85WRS_chipid1213.tiff,CENTRAL DRY
00CD4I6JHT_chipid5786.tiff,NORTHERN DRY
XR8YV3VQIY_chipid942.tiff,EASTERN DRY
A1F6K1BCTN_chipid7170.tiff,UNKNOWN
LB05IDTG2J_chipid1182.tiff,CENTRAL DRY
DMIL9EUHRJ_chipid1729.tiff,CENTRAL DRY
5ZZG5GOF6C_chipid6937.tiff,SOUTHERN TRANSITION
LPEAUSMN0K_chipid230.tiff,SOUTHERN TRANSITION
TWN0SRY1CK_chipid6464.tiff,SOUTHERN DRY
4AUQ1KBNIQ_chipid6540.tiff,CENTRAL DRY
UJFE6HWCQW_chipid3943.tiff,CENTRAL DRY
GB6OEMBPPT_chipid5103.tiff,NORTH EAST DRY
42T7NPIRA6_chipid2235.tiff,EASTERN DRY
ARCJIQRFXS_chipid2660.tiff,EASTERN DRY
L70GKLKH8D_chipid2916.tiff,CENTRAL DRY
GZK74Q8JBC_chipid2649.tiff,EASTERN DRY
QJ48AND48T_chipid1302.tiff,CENTRAL DRY
ZNVZ4CZP4N_chipid6452.tiff,SOUTHERN DRY
H2U526JA15_chipid6320.tiff,NORTH EAST DRY
8S6Z0NR6Z0_chipid3211.tiff,COASTAL
342SN7QM2C_chipid784.tiff,EASTERN DRY
SZ61XGZZ2N_chipid4761.tiff,NORTH EAST DRY
BHJ35QKV1T_chipid2428.tiff,EASTERN DRY
HFE1HNTWI9_chipid2813.tiff,SOUTHERN DRY
OJU0I7XLQ3_chipid3431.tiff,CENTRAL DRY
VN4HWJ2TMD_chipid7443.tiff,CENTRAL DRY
IRYOYLSDLY_chipid4576.tiff,NORTH EAST DRY
PGANM55XVD_chipid1995.tiff,EASTERN DRY
VF5U6DDH34_chipid5134.tiff,NORTH EAST DRY
Q241WV93EW_chipid35.tiff,SOUTHERN TRANSITION
BF7EOS0J4R_chipid6736.tiff,UNKNOWN
VDTKBVC2SB_chipid3687.tiff,WESTERN TRANSITION
LOCKOY00ZU_chipid6200.tiff,COASTAL
A2FMLYMUXW_chipid4371.tiff,NORTH EAST DRY
ICOXYCCZMU_chipid5292.tiff,NORTH EAST DRY
XR3WW2WV5R_chipid1467.tiff,CENTRAL DRY
DBEWGSVND6_chipid4313.tiff,NORTH EAST DRY
1YACHKRL9F_chipid7762.tiff,UNKNOWN
4O0OB3E12I_chipid1026.tiff,EASTERN DRY
2OM6LFT8FA_chipid4002.tiff,UNKNOWN
NBZI7LVCMK_chipid835.tiff,EASTERN DRY
O7R1H6QYAA_chipid59.tiff,SOUTHERN TRANSITION
AQAWWEIYX9_chipid4674.tiff,NORTH EAST DRY
2KXGI58HQN_chipid6260.tiff,NORTH EAST DRY
CEZUE6VD72_chipid3984.tiff,SOUTHERN TRANSITION
0X107CJVN3_chipid7580.tiff,NORTH EAST DRY
BUO3WK8YOH_chipid6758.tiff,UNKNOWN
QXUFODRPQS_chipid8029.tiff,COASTAL
ZSFYBIHSII_chipid2672.tiff,EASTERN DRY
4UODTI702H_chipid2679.tiff,CENTRAL DRY
VYRCILBQMG_chipid138.tiff,SOUTHERN TRANSITION
1LW5M1Y0LY_chipid1723.tiff,CENTRAL DRY
WB6O7P5Z0U_chipid1426.tiff,CENTRAL DRY
RC9BYMVYCP_chipid4574.tiff,NORTH EAST DRY
8XGCHX6FAW_chipid2750.tiff,SOUTHERN TRANSITION
J1MRBANLE2_chipid2232.tiff,EASTERN DRY
38KZ79QN4B_chipid7958.tiff,WESTERN TRANSITION
RMF4N3OE83_chipid1804.tiff,CENTRAL DRY
T6OC945XKS_chipid4893.tiff,COASTAL
5UY52GKL7Y_chipid7917.tiff,NORTHERN DRY
F5B1S8K1US_chipid122.tiff,SOUTHERN TRANSITION
0M36EX1519_chipid550.tiff,SOUTHERN DRY
5M4RD1CXMD_chipid3603.tiff,COASTAL
GFRKOHOCYF_chipid7274.tiff,NORTHERN DRY
984VBH2J4Y_chipid5840.tiff,NORTHERN DRY
C18N4XT543_chipid1712.tiff,NORTH EAST DRY
KIWHESVT6L_chipid1071.tiff,EASTERN DRY
6TN9Q4W51M_chipid1787.tiff,CENTRAL DRY
49766O6P5K_chipid7884.tiff,NORTHERN DRY
R4UHNSFN1V_chipid3244.tiff,COASTAL
Z5LDOL0ZQT_chipid2941.tiff,CENTRAL DRY
FANOHXNQ83_chipid92.tiff,SOUTHERN TRANSITION
OJ7TIYXLSL_chipid4385.tiff,NORTH EAST DRY
LYBFUY6FTP_chipid4383.tiff,NORTH EAST DRY
4U6KRH3CQU_chipid7441.tiff,SOUTHERN TRANSITION
DTX2HT7TVF_chipid1831.tiff,CENTRAL DRY
Y9TP2OA4AM_chipid6338.tiff,NORTH EAST DRY
2OSGIGY4EM_chipid698.tiff,EASTERN DRY
7U9BT1MEBQ_chipid5654.tiff,NORTHERN DRY
QBVTPHHNR3_chipid7084.tiff,NORTHERN DRY
WFPXLML4WJ_chipid393.tiff,SOUTHERN TRANSITION
MMM6DZ5UA8_chipid3346.tiff,COASTAL
0N434IQF43_chipid6592.tiff,CENTRAL DRY
7QNF8J0LI6_chipid7419.tiff,SOUTHERN TRANSITION
GC4KRGVVXM_chipid3409.tiff,CENTRAL DRY
GML5GBUTHY_chipid4000.tiff,UNKNOWN
1KNRFAOVHD_chipid283.tiff,SOUTHERN DRY
BNLF768NM2_chipid6386.tiff,COASTAL
4167MT5ZLJ_chipid6728.tiff,CENTRAL DRY
0GESK7ODX5_chipid6084.tiff,HILL
5XS8XT69CP_chipid2849.tiff,SOUTHERN DRY
2EH5A1WANU_chipid6718.tiff,UNKNOWN
YAUA2PR67J_chipid415.tiff,SOUTHERN DRY
L5HCS5459N_chipid5031.tiff,NORTH EAST DRY
XCACUDE9JO_chipid3609.tiff,COASTAL
7FKWDYSJUV_chipid1310.tiff,CENTRAL DRY
UKCK6W1WV7_chipid7942.tiff,WESTERN TRANSITION
DLYN28JNKW_chipid5833.tiff,NORTHERN DRY
GSDMTLXE7S_chipid4053.tiff,SOUTHERN DRY
FXRSS0UH2R_chipid7925.tiff,NORTHERN DRY
UJFQ3O2OC5_chipid693.tiff,EASTERN DRY
DQHWAP2I6I_chipid2785.tiff,SOUTHERN TRANSITION
S3LXAI12DQ_chipid5024.tiff,NORTH EAST DRY
31EQHT6ELA_chipid4790.tiff,NORTH EAST DRY
6DV79S2040_chipid566.tiff,SOUTHERN DRY
6JE9BTISBS_chipid1277.tiff,CENTRAL DRY
5NK6Y16LG7_chipid4916.tiff,COASTAL
RK8824PV8L_chipid1566.tiff,CENTRAL DRY
CRFLLV605K_chipid6910.tiff,SOUTHERN TRANSITION
L5PHNVVE8H_chipid6552.tiff,UNKNOWN
W2S73INF8J_chipid6313.tiff,NORTH EAST DRY
7VWT4WCBW0_chipid7656.tiff,CENTRAL DRY
G49YX81OYV_chipid2827.tiff,SOUTHERN DRY
72EPENPUX2_chipid6301.tiff,NORTH EAST DRY
LRA7SZCTBK_chipid5242.tiff,NORTH EAST DRY
TX5I28TFRI_chipid5729.tiff,NORTHERN DRY
HA6CJ80ZV7_chipid5147.tiff,NORTH EAST DRY
NLWU3U32LG_chipid3745.tiff,WESTERN TRANSITION
7WPDUU6H1E_chipid6061.tiff,HILL
Y34X14H4GX_chipid6532.tiff,CENTRAL DRY
4AYNU50HUB_chipid1856.tiff,CENTRAL DRY
YISYS1CDST_chipid8068.tiff,NORTH EAST DRY
ERCFEWGB95_chipid2194.tiff,EASTERN DRY
87G49JQEPF_chipid7561.tiff,HILL
JQSOG7SYNJ_chipid5364.tiff,SOUTHERN TRANSITION
NROK3CMQ05_chipid2989.tiff,CENTRAL DRY
IEHNYV15WR_chipid936.tiff,EASTERN DRY
3SYQ26C90A_chipid7550.tiff,NORTHERN DRY
O0TS2K4F1J_chipid4894.tiff,COASTAL
C4APUWL40H_chipid2222.tiff,EASTERN DRY
HNMK3631TO_chipid2924.tiff,CENTRAL DRY
VXWXYKR6I6_chipid4228.tiff,SOUTHERN TRANSITION
X4GC6G8IYD_chipid3165.tiff,SOUTHERN DRY
PBA8Q22XIJ_chipid196.tiff,SOUTHERN TRANSITION
0KHMH70QLY_chipid853.tiff,EASTERN DRY
9BTSBSG9MV_chipid3125.tiff,CENTRAL DRY
FVXELQTF7C_chipid6298.tiff,NORTH EAST DRY
8OYWHLT5LI_chipid2115.tiff,EASTERN DRY
PGXS049AP3_chipid7828.tiff,COASTAL
72PQ7ICEQD_chipid4735.tiff,NORTH EAST DRY
962FORJA4U_chipid343.tiff,SOUTHERN DRY
6T92ZH1VGO_chipid6912.tiff,SOUTHERN TRANSITION
EYLNKWFQES_chipid1453.tiff,CENTRAL DRY
ON8XNE8LQU_chipid3746.tiff,WESTERN TRANSITION
A30VLWL7JO_chipid3959.tiff,CENTRAL DRY
29S9XXILC5_chipid6207.tiff,SOUTHERN DRY
D1H7XHBONM_chipid5270.tiff,NORTH EAST DRY
VNP1NA55IY_chipid3736.tiff,WESTERN TRANSITION
JGOGHQ93CX_chipid2580.tiff,SOUTHERN TRANSITION
5ZJFMJWAFJ_chipid2815.tiff,SOUTHERN DRY
U5HYDC0FND_chipid2069.tiff,EASTERN DRY
PTKLNQOX19_chipid2534.tiff,UNKNOWN
L7LAFHN0J0_chipid7126.tiff,COASTAL
HRP9ANI0FT_chipid7147.tiff,COASTAL
J62Y2V9E42_chipid4691.tiff,NORTH EAST DRY
W5LNK09H63_chipid1299.tiff,CENTRAL DRY
7IS9TLV4YC_chipid1863.tiff,CENTRAL DRY
DKR8H0FJJU_chipid3444.tiff,COASTAL
UDMM911GC3_chipid1066.tiff,EASTERN DRY
ZIV2C4PSPB_chipid6949.tiff,EASTERN DRY
78C1RB2JIG_chipid2358.tiff,SOUTHERN TRANSITION
XC8KB0DHZ1_chipid7957.tiff,WESTERN TRANSITION
FAEI6OEY9B_chipid7470.tiff,CENTRAL DRY
65XPTGMFFQ_chipid3133.tiff,CENTRAL DRY
AAZ6B7H8HE_chipid6000.tiff,UNKNOWN
3DRKLQY6WR_chipid5034.tiff,NORTH EAST DRY
9CEE3Q359J_chipid7915.tiff,NORTHERN DRY
2N41XSRVXW_chipid2543.tiff,NORTH EAST DRY
RRAFFYW7N9_chipid5255.tiff,NORTH EAST DRY
86IDOJOK9N_chipid6436.tiff,SOUTHERN DRY
ZZ7K702SIC_chipid3648.tiff,WESTERN TRANSITION
HT7ZS8SRDD_chipid4954.tiff,COASTAL
GQZOYZ6N44_chipid2438.tiff,EASTERN DRY
94W1XH4YQ0_chipid4606.tiff,NORTH EAST DRY
ULFC0MY1EQ_chipid3971.tiff,SOUTHERN TRANSITION
TI3NGJ9S88_chipid3374.tiff,COASTAL
DI5HA5FGVO_chipid7386.tiff,SOUTHERN TRANSITION
LALYBOJC5L_chipid2475.tiff,EASTERN DRY
J9ZMIMFZI7_chipid1331.tiff,CENTRAL DRY
UACE4X2GXZ_chipid723.tiff,EASTERN DRY
U7911A2ATZ_chipid2949.tiff,CENTRAL DRY
05IZC6WG8Z_chipid350.tiff,SOUTHERN TRANSITION
90K0XMRUI0_chipid2204.tiff,EASTERN DRY
LY4YNCH8WH_chipid2490.tiff,EASTERN DRY
48WHV9YX0Y_chipid1655.tiff,WESTERN TRANSITION
615QUAHPJV_chipid898.tiff,UNKNOWN
9H6KV8AHG0_chipid2086.tiff,EASTERN DRY
KGUSIPF3GP_chipid1933.tiff,EASTERN DRY
PV9YGDGM4W_chipid6119.tiff,HILL
1ZP9JSJD09_chipid1421.tiff,CENTRAL DRY
DR3AMQOPLE_chipid7531.tiff,NORTHERN DRY
J26Q6OYTY1_chipid3836.tiff,CENTRAL DRY
5CH1BNRO5R_chipid5986.tiff,NORTH EAST DRY
2N2OR9RQW8_chipid714.tiff,EASTERN DRY
CMI3XJ8GMR_chipid910.tiff,EASTERN DRY
11PVCL3QNG_chipid2831.tiff,SOUTHERN DRY
3B3UV0J2A4_chipid4842.tiff,COASTAL
79WAFYUTR4_chipid1499.tiff,CENTRAL DRY
T0QDLKF1QY_chipid4706.tiff,NORTH EAST DRY
GEJ90YQSHS_chipid3980.tiff,SOUTHERN TRANSITION
WYFX5PIJZW_chipid256.tiff,SOUTHERN TRANSITION
JU95GD78NU_chipid4409.tiff,NORTH EAST DRY
YHG8094OYN_chipid3186.tiff,SOUTHERN DRY
99Z5KURDMW_chipid916.tiff,EASTERN DRY
OBHJSCARU6_chipid7507.tiff,NORTHERN DRY
7NQI8H2BAA_chipid7314.tiff,NORTH EAST DRY
SQ4JGKGFEA_chipid1707.tiff,NORTH EAST DRY
MZ7337UVDR_chipid3358.tiff,COASTAL
7JMCMD9TOV_chipid2283.tiff,SOUTHERN TRANSITION
30CIAI3JLE_chipid519.tiff,CENTRAL DRY
HPTEQETP8E_chipid4513.tiff,NORTH EAST DRY
FAIPPU01F0_chipid6695.tiff,CENTRAL DRY
PYHRRJY7OW_chipid7012.tiff,UNKNOWN
UZRFM0DFUC_chipid6482.tiff,NORTH EAST DRY
TZ3FPODSSM_chipid6183.tiff,COASTAL
CMXVQEKSB8_chipid6772.tiff,UNKNOWN
ZRS02WEI1F_chipid6195.tiff,COASTAL
HFJ08FNPHQ_chipid2007.tiff,EASTERN DRY
RQPH4KWET2_chipid5891.tiff,NORTHERN DRY
PJBEFZMW7N_chipid1373.tiff,CENTRAL DRY
JWZCKVI8JK_chipid5859.tiff,NORTHERN DRY
6GY26NLXBG_chipid2419.tiff,EASTERN DRY
UN7FO1R403_chipid7801.tiff,COASTAL
8DN4KKFYKY_chipid7427.tiff,UNKNOWN
G4TDEEKDEP_chipid1158.tiff,CENTRAL DRY
YEWTSFZS3X_chipid2784.tiff,SOUTHERN TRANSITION
M3VOQ3IXLR_chipid5468.tiff,COASTAL
0RXOQTJDLX_chipid3580.tiff,COASTAL
JJFW0HEURA_chipid1475.tiff,CENTRAL DRY
5SUFHDIQAB_chipid4211.tiff,SOUTHERN TRANSITION
80RKKRKR8K_chipid3350.tiff,COASTAL
V46T4VJ9P4_chipid6003.tiff,UNKNOWN
2QE0IKDABI_chipid6835.tiff,UNKNOWN
QSSOY62U6U_chipid4650.tiff,NORTH EAST DRY
9JIPGTXMNI_chipid2943.tiff,CENTRAL DRY
Z5SQKKHJE7_chipid6486.tiff,NORTH EAST DRY
BLW1N412TH_chipid6095.tiff,HILL
P945QF0YR0_chipid1937.tiff,EASTERN DRY
OTKDGK63NV_chipid1330.tiff,CENTRAL DRY
DCLY62GJAY_chipid4137.tiff,CENTRAL DRY
T5X9EZNMDW_chipid2582.tiff,SOUTHERN TRANSITION
ZDDHR8LUG9_chipid1431.tiff,CENTRAL DRY
996IJK0R32_chipid4932.tiff,COASTAL
S4F20P8AG6_chipid3372.tiff,COASTAL
WHCXS6B7QA_chipid3834.tiff,CENTRAL DRY
9UWLSXW4VI_chipid5538.tiff,SOUTHERN TRANSITION
V0GGB3BB1D_chipid160.tiff,SOUTHERN TRANSITION
3DK94XL1JT_chipid4653.tiff,NORTH EAST DRY
NVJOR5WV2A_chipid1801.tiff,CENTRAL DRY
YM5AN5OIR2_chipid7581.tiff,NORTH EAST DRY
UOVO3YYLV4_chipid1007.tiff,EASTERN DRY
6TGUPN0J1Z_chipid2810.tiff,SOUTHERN DRY
1WP8QCNM5L_chipid5796.tiff,NORTHERN DRY
WJVAL2WTLX_chipid1508.tiff,CENTRAL DRY
XNZQX87ANJ_chipid2164.tiff,EASTERN DRY
SRXA6QSA86_chipid4552.tiff,NORTH EAST DRY
2EQCBV1D5X_chipid3083.tiff,CENTRAL DRY
ZWOG5IKNWY_chipid4037.tiff,SOUTHERN DRY
KM6AE91LWR_chipid442.tiff,SOUTHERN DRY
6IT79923CZ_chipid4592.tiff,NORTH EAST DRY
0BIM19S18O_chipid2295.tiff,SOUTHERN TRANSITION
6F0IW1CEUO_chipid5346.tiff,NORTH EAST DRY
78KOCQS0ZF_chipid1216.tiff,CENTRAL DRY
OOVMOEEJXB_chipid7744.tiff,COASTAL
O5ZJFKDEQK_chipid775.tiff,EASTERN DRY
5UMU0MIGLK_chipid6977.tiff,EASTERN DRY
HHZ8G155H4_chipid6002.tiff,UNKNOWN
N91OXF9LMB_chipid6038.tiff,UNKNOWN
1TTP1R1FWM_chipid5937.tiff,NORTHERN DRY
E9V48Z2NM4_chipid1167.tiff,CENTRAL DRY
U3YEFW16JM_chipid5424.tiff,SOUTHERN TRANSITION
A5OAM1I8BR_chipid3645.tiff,WESTERN TRANSITION
4ACMX0YSWL_chipid1817.tiff,CENTRAL DRY
I1VNT7FX84_chipid5550.tiff,SOUTHERN TRANSITION
8D4DEV0YL8_chipid1748.tiff,CENTRAL DRY
8L0N80O72X_chipid3230.tiff,COASTAL
Q90K7AUF03_chipid7002.tiff,UNKNOWN
I42UVOQ8UB_chipid3439.tiff,CENTRAL DRY
O1KMSFRPX2_chipid58.tiff,SOUTHERN TRANSITION
WKKP86WM8X_chipid5095.tiff,NORTH EAST DRY
DYLR1LDLI6_chipid143.tiff,SOUTHERN TRANSITION
9SQGBFBSY1_chipid4817.tiff,COASTAL
P5D3MVBZ27_chipid7488.tiff,CENTRAL DRY
OPZXZ5OJK6_chipid2028.tiff,EASTERN DRY
8QGCUWQF6P_chipid4573.tiff,NORTH EAST DRY
IK0EGVWZ6U_chipid1473.tiff,CENTRAL DRY
OSUAEMIKXO_chipid6290.tiff,NORTH EAST DRY
REK0QPDL1H_chipid6179.tiff,COASTAL
GTW19GKV31_chipid5304.tiff,NORTH EAST DRY
V4E90H6OGW_chipid39.tiff,SOUTHERN TRANSITION
5OPOQLHOHL_chipid4244.tiff,SOUTHERN TRANSITION
BD6TISA1RJ_chipid3155.tiff,SOUTHERN DRY
LXLLFU662K_chipid1857.tiff,CENTRAL DRY
DYY1JQM0O5_chipid1452.tiff,CENTRAL DRY
D5JR46EX9R_chipid6794.tiff,NORTHERN DRY
2F2B993UHQ_chipid4568.tiff,NORTH EAST DRY
5KP1S1HVR8_chipid4476.tiff,NORTH EAST DRY
E65FOEYKCZ_chipid503.tiff,UNKNOWN
QMIZN6ZJZM_chipid6100.tiff,HILL
Q74OFLI8HO_chipid4334.tiff,NORTH EAST DRY
UT8J6Q3GWA_chipid3300.tiff,COASTAL
DA976I8UR0_chipid4734.tiff,NORTH EAST DRY
QJ0GT4M162_chipid3101.tiff,CENTRAL DRY
7GQS1HAJVN_chipid4844.tiff,COASTAL
U3PK9MQHQQ_chipid5536.tiff,SOUTHERN TRANSITION
69HRDKNS66_chipid1732.tiff,CENTRAL DRY
RJZBT9LUY7_chipid2382.tiff,SOUTHERN TRANSITION
CMC8QQMQPI_chipid1074.tiff,EASTERN DRY
LJVW8OPU8P_chipid1263.tiff,CENTRAL DRY
V6AXYDUXWG_chipid3659.tiff,WESTERN TRANSITION
CVZRJT9QPZ_chipid6586.tiff,CENTRAL DRY
XAIULWBRYY_chipid7959.tiff,WESTERN TRANSITION
JFBKEITZDF_chipid975.tiff,EASTERN DRY
DZOQ17OKNY_chipid212.tiff,SOUTHERN TRANSITION
W9X1BPLP8J_chipid3308.tiff,COASTAL
G61T340MX5_chipid3199.tiff,COASTAL
TRGKDUV4HH_chipid7030.tiff,UNKNOWN
K5PRLG6LJ1_chipid4979.tiff,HILL
JACLT1V5MA_chipid7369.tiff,SOUTHERN TRANSITION
73XRFWHTLC_chipid1734.tiff,CENTRAL DRY
KXOEBQB0BZ_chipid1768.tiff,CENTRAL DRY
B0UHITH108_chipid5057.tiff,NORTH EAST DRY
RGW03J9RWU_chipid2814.tiff,SOUTHERN DRY
0N0WXJD1BI_chipid7316.tiff,NORTH EAST DRY
DJJ5T94NAR_chipid4356.tiff,NORTH EAST DRY
WSTSUG0GEN_chipid6724.tiff,UNKNOWN
14SUYQB47R_chipid4355.tiff,NORTH EAST DRY
DY7EVMNKSU_chipid4851.tiff,COASTAL
U2IJFQEZFG_chipid5228.tiff,NORTH EAST DRY
O2FDYG0N27_chipid3602.tiff,COASTAL
BKZX4EFBC7_chipid6287.tiff,NORTH EAST DRY
B835QP4M4E_chipid2556.tiff,UNKNOWN
V2370PM25G_chipid3316.tiff,COASTAL
YID10W7QGX_chipid7964.tiff,UNKNOWN
ZCZY9A0539_chipid278.tiff,SOUTHERN DRY
BN2QP5KA2Q_chipid203.tiff,SOUTHERN TRANSITION
T55W0JJ38R_chipid2620.tiff,SOUTHERN TRANSITION
84PXE6UVRS_chipid7820.tiff,COASTAL
L9M8OAT1M3_chipid1326.tiff,CENTRAL DRY
NGEAX3XK8V_chipid7805.tiff,COASTAL
UTG43OVQZO_chipid3217.tiff,COASTAL
I0U9F2K9XA_chipid7945.tiff,WESTERN TRANSITION
VU9D3MS97D_chipid6689.tiff,CENTRAL DRY
ELBP4YSVY8_chipid2979.tiff,CENTRAL DRY
ESD1CLMV5X_chipid6005.tiff,UNKNOWN
R152V036WC_chipid7428.tiff,SOUTHERN TRANSITION
9L4ZAN58GN_chipid4491.tiff,UNKNOWN
XH04L05M4E_chipid4588.tiff,NORTH EAST DRY
9OFMCBK8EI_chipid7525.tiff,NORTHERN DRY
ZRGIWQVC03_chipid7838.tiff,COASTAL
X4MY9JPNQ4_chipid313.tiff,SOUTHERN DRY
JGLCJNDLXW_chipid1653.tiff,WESTERN TRANSITION
7WY08VMWRC_chipid6752.tiff,CENTRAL DRY
FBG0YPEBTV_chipid3241.tiff,COASTAL
W14OLCP4V3_chipid6013.tiff,UNKNOWN
TI6LOLFPU8_chipid6750.tiff,UNKNOWN
J5DCHJUDGG_chipid3403.tiff,COASTAL
IU0XQ5TX6U_chipid6575.tiff,CENTRAL DRY
UZ2R063VIN_chipid3617.tiff,WESTERN TRANSITION
4EQRQAFQFF_chipid7296.tiff,NORTH EAST DRY
TVLBOSL3LT_chipid1895.tiff,EASTERN DRY
NZT5E1OUH8_chipid6110.tiff,HILL
YSS4UDMZ4P_chipid1719.tiff,CENTRAL DRY
C35V64AIJ1_chipid1352.tiff,CENTRAL DRY
8UB7YY54EG_chipid3240.tiff,COASTAL
KWQ2KSUKCH_chipid7087.tiff,WESTERN TRANSITION
F63RKQ75NR_chipid184.tiff,SOUTHERN TRANSITION
GL5YDQ1N4H_chipid250.tiff,SOUTHERN TRANSITION
KQNBCI4MP3_chipid8036.tiff,COASTAL
L2DZC292Q8_chipid1663.tiff,NORTH EAST DRY
R30A0GUI8J_chipid5311.tiff,NORTH EAST DRY
CHHEPR97TT_chipid3016.tiff,UNKNOWN
3CGL38VBDC_chipid408.tiff,SOUTHERN DRY
MOF2J2MEYB_chipid7640.tiff,CENTRAL DRY
PEVFNMNYEP_chipid2450.tiff,EASTERN DRY
UP2SW0WQA7_chipid2186.tiff,EASTERN DRY
WC0IMRPJUO_chipid6310.tiff,NORTH EAST DRY
94O862P1I1_chipid864.tiff,EASTERN DRY
YMPE1A3943_chipid7469.tiff,CENTRAL DRY
Y24TLGCZXY_chipid1800.tiff,CENTRAL DRY
NDZ3KXK8JP_chipid233.tiff,SOUTHERN TRANSITION
T05VCNWLBV_chipid7701.tiff,COASTAL
8WDMPG96AF_chipid1990.tiff,EASTERN DRY
0GSIDD4FHZ_chipid2565.tiff,CENTRAL DRY
R13QXYHO5O_chipid4205.tiff,SOUTHERN TRANSITION
9H28RU3NK9_chipid3768.tiff,WESTERN TRANSITION
QNUCOJ9ZUD_chipid14.tiff,SOUTHERN TRANSITION
6ESS1XCHLO_chipid2125.tiff,EASTERN DRY
HFD4OZ4ZDR_chipid274.tiff,SOUTHERN DRY
4YBXDYKOVV_chipid605.tiff,EASTERN DRY
Z4EGXIGZYQ_chipid2347.tiff,CENTRAL DRY
BOP9ZM1NHT_chipid3012.tiff,EASTERN DRY
5WG2S5N0MP_chipid7897.tiff,NORTHERN DRY
RGAT0OFOWY_chipid4316.tiff,NORTH EAST DRY
2GEKCRU5YZ_chipid5801.tiff,NORTHERN DRY
K6YCIDM45A_chipid7910.tiff,NORTHERN DRY
Y6BZFOXK77_chipid5626.tiff,SOUTHERN TRANSITION
LOD7UQWZ01_chipid5578.tiff,SOUTHERN TRANSITION
GCM5ODD1AC_chipid307.tiff,SOUTHERN DRY
FVQU05LJP4_chipid2083.tiff,EASTERN DRY
BG6U101O37_chipid5400.tiff,SOUTHERN TRANSITION
H27KFNC6MW_chipid1497.tiff,CENTRAL DRY
JSJ0G56KPM_chipid3798.tiff,UNKNOWN
I22HN6FPF0_chipid7983.tiff,COASTAL
HXM6F9ZP2O_chipid5629.tiff,SOUTHERN TRANSITION
G992F08410_chipid2944.tiff,CENTRAL DRY
FG5ECP9FIR_chipid1062.tiff,EASTERN DRY
RQ55AZ2ZK4_chipid3963.tiff,CENTRAL DRY
RXNXAVW9HV_chipid3207.tiff,COASTAL
8EX3V3Q1EX_chipid3855.tiff,CENTRAL DRY
RN169RYS4D_chipid4394.tiff,NORTH EAST DRY
3KZ9UX6RPG_chipid2443.tiff,EASTERN DRY
A78NM99D45_chipid1325.tiff,CENTRAL DRY
B5QSFSC5UE_chipid5810.tiff,NORTHERN DRY
JJCVNVSI1H_chipid5811.tiff,NORTHERN DRY
PBR723BW2I_chipid4572.tiff,NORTH EAST DRY
G1CBRJM0DK_chipid5783.tiff,NORTHERN DRY
2CWE3R2S3M_chipid6466.tiff,SOUTHERN DRY
HJXF5KJTWN_chipid6445.tiff,SOUTHERN DRY
40984OVMY0_chipid6101.tiff,HILL
WMMF1UI4GW_chipid8028.tiff,COASTAL
0XYH3ZUZI7_chipid5997.tiff,UNKNOWN
6Z51X3NP4F_chipid7215.tiff,UNKNOWN
2XQKKV55LW_chipid5790.tiff,NORTHERN DRY
H59NPKVWOM_chipid3541.tiff,COASTAL
PDKCJ54DFL_chipid3326.tiff,COASTAL
GH5ADKF5VO_chipid5467.tiff,COASTAL
Q56D0BEYMK_chipid6389.tiff,COASTAL
KZ83D6MWPD_chipid7083.tiff,NORTHERN DRY
HWMQO9O6LV_chipid5386.tiff,SOUTHERN TRANSITION
9TQNODHUBP_chipid6664.tiff,CENTRAL DRY
DW72GZCOQ7_chipid915.tiff,EASTERN DRY
8P4YA3F93O_chipid5574.tiff,SOUTHERN TRANSITION
AVK19L8HDT_chipid3867.tiff,CENTRAL DRY
NMHU0UAY0Z_chipid4656.tiff,NORTH EAST DRY
DHNKWAMCEC_chipid1558.tiff,CENTRAL DRY
63CMPBEAIP_chipid2265.tiff,SOUTHERN TRANSITION
MD99E9PJCQ_chipid721.tiff,EASTERN DRY
SQB0CVLQD2_chipid5327.tiff,NORTH EAST DRY
D7839KYKXA_chipid4585.tiff,NORTH EAST DRY
4JZYMGEWBH_chipid2338.tiff,CENTRAL DRY
WKCNU1WWFU_chipid2795.tiff,SOUTHERN TRANSITION
RMHBAM66CG_chipid1965.tiff,EASTERN DRY
QLK279S72W_chipid5539.tiff,SOUTHERN TRANSITION
PYP57HAQWH_chipid32.tiff,SOUTHERN TRANSITION
7E11TC9GE1_chipid2124.tiff,EASTERN DRY
HM1N5WUI13_chipid3219.tiff,COASTAL
VOZKPYDUPX_chipid208.tiff,SOUTHERN TRANSITION
BOB31SDXT8_chipid7398.tiff,SOUTHERN TRANSITION
G4Q8XO6H71_chipid8105.tiff,NORTH EAST DRY
LKPBLNNWVY_chipid3575.tiff,COASTAL
RNE1EPVXBD_chipid8030.tiff,COASTAL
MWXD7P06JZ_chipid93.tiff,SOUTHERN TRANSITION
N45ICL9E5Y_chipid6783.tiff,CENTRAL DRY
I4Y4HOHQPV_chipid741.tiff,EASTERN DRY
8I5GJR4ATM_chipid379.tiff,SOUTHERN TRANSITION
XRYXK06EVN_chipid7131.tiff,COASTAL
YP8CO9C8X3_chipid5692.tiff,NORTHERN DRY
BINZGWQC7H_chipid3585.tiff,COASTAL
QORYVHYXPT_chipid3376.tiff,COASTAL
AYR9NZHWI1_chipid1101.tiff,EASTERN DRY
OLD994UAVA_chipid6479.tiff,NORTH EAST DRY
MSKG514GDK_chipid1462.tiff,CENTRAL DRY
O548GEZV6Q_chipid4437.tiff,NORTH EAST DRY
IHEE3TR3I6_chipid5432.tiff,SOUTHERN TRANSITION
L58BR5LKTU_chipid296.tiff,SOUTHERN DRY
5HVB94XFNY_chipid6029.tiff,UNKNOWN
0OX4CYE7W9_chipid4647.tiff,NORTH EAST DRY
OV1SJLSU9F_chipid4855.tiff,COASTAL
4QWYJW4S46_chipid1306.tiff,CENTRAL DRY
AWSS1Z2IE9_chipid4165.tiff,CENTRAL DRY
5MZYZ1OCTT_chipid969.tiff,EASTERN DRY
THXG0IORKC_chipid3417.tiff,CENTRAL DRY
VD3Y8BCHLH_chipid951.tiff,UNKNOWN
OK8M271N51_chipid6815.tiff,NORTHERN DRY
KD0QSGR8FK_chipid2449.tiff,EASTERN DRY
XAQ3L1YEBS_chipid4785.tiff,NORTH EAST DRY
20NE6HBKZ4_chipid1953.tiff,EASTERN DRY
RPHZ1NAV8L_chipid7935.tiff,WESTERN TRANSITION
H7OE7SP9QQ_chipid169.tiff,SOUTHERN TRANSITION
LPPDPRKDOI_chipid808.tiff,EASTERN DRY
S5B16TT16H_chipid7201.tiff,CENTRAL DRY
3K2Y6EIWT0_chipid4936.tiff,COASTAL
1LOZERIE25_chipid7996.tiff,COASTAL
UFRTEET5UC_chipid3144.tiff,SOUTHERN DRY
DWX84QZ5G0_chipid3825.tiff,CENTRAL DRY
KXBXCW65CX_chipid4440.tiff,NORTH EAST DRY
F11DUI80GB_chipid3891.tiff,CENTRAL DRY
2JCDD7WSNK_chipid3889.tiff,CENTRAL DRY
PQXR7J8RMM_chipid3381.tiff,COASTAL
FHVOVT3G0J_chipid3488.tiff,COASTAL
ILY60O4RHR_chipid7104.tiff,WESTERN TRANSITION
LBDR4UTVSY_chipid1944.tiff,EASTERN DRY
7RHZ554AGO_chipid574.tiff,EASTERN DRY
AMWNHOR704_chipid2631.tiff,SOUTHERN TRANSITION
5OQOJJJJ3E_chipid7075.tiff,NORTHERN DRY
0T5V7KW5AR_chipid5851.tiff,NORTHERN DRY
MU29XVSV01_chipid4771.tiff,NORTH EAST DRY
UXFN7BROEK_chipid2336.tiff,CENTRAL DRY
31YT57AUKK_chipid3028.tiff,UNKNOWN
C65SIXDHAK_chipid7093.tiff,WESTERN TRANSITION
U120UAG9HM_chipid2001.tiff,EASTERN DRY
2F6PD1YFNU_chipid2619.tiff,SOUTHERN TRANSITION
3FMDBEXL5O_chipid4509.tiff,NORTH EAST DRY
28YBLMH8MY_chipid7171.tiff,CENTRAL DRY
KZZ00JXCFJ_chipid5030.tiff,NORTH EAST DRY
GG3K0VC1TZ_chipid3586.tiff,COASTAL
MX1WUDM1KG_chipid357.tiff,SOUTHERN TRANSITION
24Z4SX67EI_chipid7641.tiff,UNKNOWN
0L15YULW9R_chipid4994.tiff,HILL
PEETMGHDMY_chipid7044.tiff,NORTHERN DRY
77U6BNZ375_chipid4977.tiff,HILL
DJYYKI812A_chipid176.tiff,SOUTHERN TRANSITION
QJU5U916PX_chipid1607.tiff,CENTRAL DRY
KFGK6CUJKB_chipid7412.tiff,SOUTHERN TRANSITION
W9J1QR3AP9_chipid2500.tiff,CENTRAL DRY
094L59KSMR_chipid3029.tiff,EASTERN DRY
FH2XMQJIX0_chipid1685.tiff,UNKNOWN
9UZB37AIOU_chipid5366.tiff,SOUTHERN TRANSITION
NYQPKLPO4V_chipid5490.tiff,COASTAL
X41N50X6SV_chipid3070.tiff,CENTRAL DRY
URRZO1HZ70_chipid3653.tiff,WESTERN TRANSITION
W92M8XT2J7_chipid4775.tiff,NORTH EAST DRY
YA345T3OMY_chipid3614.tiff,WESTERN TRANSITION
AKUXJ0512I_chipid2503.tiff,CENTRAL DRY
QZO0WQBPNV_chipid8103.tiff,NORTH EAST DRY
FQM7P79X04_chipid5238.tiff,NORTH EAST DRY
NDK8EOQIKS_chipid5472.tiff,COASTAL
34CF3YA7SV_chipid5555.tiff,SOUTHERN TRANSITION
2YR6IC0FCH_chipid1019.tiff,EASTERN DRY
I4NN8HVNE2_chipid1343.tiff,CENTRAL DRY
OU7TDGNA1L_chipid2183.tiff,EASTERN DRY
KMFEPN1ZM0_chipid2046.tiff,EASTERN DRY
0L1P4NPJD0_chipid5352.tiff,SOUTHERN TRANSITION
N8O310D9RM_chipid3810.tiff,WESTERN TRANSITION
5CCC8EY823_chipid2561.tiff,UNKNOWN
F3E8OVAD3X_chipid4610.tiff,NORTH EAST DRY
NF6IRHYT3F_chipid215.tiff,SOUTHERN TRANSITION
PYZ9L2IP93_chipid1543.tiff,CENTRAL DRY
QJ8NQULBIL_chipid3229.tiff,COASTAL
2P4K0DRV33_chipid1690.tiff,NORTH EAST DRY
E7W4BVPQK2_chipid2154.tiff,EASTERN DRY
53HRP6LXXQ_chipid106.tiff,SOUTHERN TRANSITION
2VQM2GZTYC_chipid7452.tiff,CENTRAL DRY
4K8UHWMJVT_chipid889.tiff,EASTERN DRY
LI873FZL1B_chipid4604.tiff,NORTH EAST DRY
M83KAI9H3P_chipid6588.tiff,CENTRAL DRY
R7EFFNO2MR_chipid3283.tiff,CENTRAL DRY
JJL4J0JOSC_chipid4580.tiff,NORTH EAST DRY
EJ8B5S7BNX_chipid7991.tiff,COASTAL
3PU4BG06GU_chipid6836.tiff,UNKNOWN
WGNMB5ND4J_chipid3341.tiff,COASTAL
UBHFU8ET75_chipid2617.tiff,SOUTHERN TRANSITION
WITA4HZN2W_chipid3212.tiff,COASTAL
UA9M7PLOTD_chipid5515.tiff,SOUTHERN TRANSITION
TEWZ4U9N4W_chipid2033.tiff,EASTERN DRY
RJY0D4PY83_chipid6981.tiff,EASTERN DRY
JVP7VACAU3_chipid3094.tiff,CENTRAL DRY
JVLEBJVUQU_chipid1522.tiff,CENTRAL DRY
SB61CL4JB7_chipid3799.tiff,WESTERN TRANSITION
O1Y0CSSWQ0_chipid1873.tiff,CENTRAL DRY
WNWHWRHIPM_chipid2459.tiff,EASTERN DRY
L4IS2GQ2WV_chipid291.tiff,SOUTHERN DRY
NEKHTEEFXA_chipid1051.tiff,EASTERN DRY
RPX27Z8HKE_chipid2825.tiff,SOUTHERN DRY
AGFX2YG7YG_chipid2934.tiff,CENTRAL DRY
0PUWMWPV4O_chipid4504.tiff,NORTH EAST DRY
XNGAQ7WEXH_chipid7119.tiff,WESTERN TRANSITION
SU3R5E7G65_chipid1023.tiff,EASTERN DRY
ADQZLLWDA0_chipid2398.tiff,SOUTHERN TRANSITION
LFKDI9CP44_chipid3987.tiff,UNKNOWN
120H4PT8II_chipid7067.tiff,NORTHERN DRY
V46ZDOQPUQ_chipid2024.tiff,EASTERN DRY
SDK780B2GJ_chipid7356.tiff,SOUTHERN TRANSITION
SKRX5HFJRJ_chipid4220.tiff,SOUTHERN TRANSITION
4TP5HS3SVX_chipid4675.tiff,NORTH EAST DRY
F9X4B7OXQ8_chipid3371.tiff,COASTAL
TGCKVP0F1Z_chipid7325.tiff,NORTH EAST DRY
V8ALQH01YK_chipid1153.tiff,CENTRAL DRY
EH5OOFLBB7_chipid1185.tiff,CENTRAL DRY
PLPT4UAF1J_chipid3533.tiff,COASTAL
PM6VNQMLZ0_chipid3008.tiff,EASTERN DRY
TJMYOTY4B1_chipid514.tiff,EASTERN DRY
7MJFC8F79O_chipid3082.tiff,CENTRAL DRY
H0988H2SO8_chipid2632.tiff,SOUTHERN TRANSITION
GB3E8CZHU6_chipid7850.tiff,NORTHERN DRY
3VQG51QVFA_chipid858.tiff,EASTERN DRY
YC4026W96I_chipid4750.tiff,NORTH EAST DRY
031E4167U3_chipid1737.tiff,CENTRAL DRY
1UBDGLJNMH_chipid3643.tiff,WESTERN TRANSITION
EV4LPEIX1U_chipid349.tiff,SOUTHERN TRANSITION
JYB7OEL4FX_chipid6472.tiff,SOUTHERN DRY
ORPFGZSCM0_chipid3960.tiff,CENTRAL DRY
PJ4ZDGXLM7_chipid2605.tiff,SOUTHERN TRANSITION
HXWUMQ5RQP_chipid4082.tiff,CENTRAL DRY
AIL1M6EDSO_chipid4314.tiff,NORTH EAST DRY
XSR4615X7X_chipid7326.tiff,NORTH EAST DRY
ONJ5BBN22W_chipid3158.tiff,SOUTHERN DRY
35IBJ742CI_chipid5012.tiff,HILL
DOZNMAL8BM_chipid470.tiff,SOUTHERN DRY
9FPLX9OQSF_chipid2416.tiff,EASTERN DRY
V3QO7AE1D8_chipid7724.tiff,COASTAL
OIJSEUCAPV_chipid7711.tiff,COASTAL
2CTMYCYQD4_chipid4340.tiff,NORTH EAST DRY
XEQOCHIHZN_chipid7627.tiff,CENTRAL DRY
6LNR7O00TK_chipid3838.tiff,CENTRAL DRY
E6R0ZQU3AB_chipid5524.tiff,SOUTHERN TRANSITION
U0P4NXYFYN_chipid6019.tiff,UNKNOWN
UXNAY178CM_chipid2644.tiff,EASTERN DRY
WBQRP27R9M_chipid5225.tiff,NORTH EAST DRY
YWHVLEUVE5_chipid7262.tiff,NORTHERN DRY
XI5FBN86D7_chipid6880.tiff,SOUTHERN TRANSITION
0MRWZ8IKDK_chipid6544.tiff,CENTRAL DRY
TBHSD7KZ88_chipid1889.tiff,CENTRAL DRY
DQMFVAP5US_chipid6075.tiff,HILL
X23ALIS0WM_chipid3693.tiff,WESTERN TRANSITION
L787HXO7QQ_chipid1511.tiff,CENTRAL DRY
X13AJFL2QR_chipid494.tiff,EASTERN DRY
EEG8RBT68Y_chipid5013.tiff,HILL
JRPS8NP00U_chipid2862.tiff,CENTRAL DRY
38NX2K2GJY_chipid2474.tiff,EASTERN DRY
5OXOFF3NIU_chipid607.tiff,EASTERN DRY
UOJLXWWWCK_chipid4712.tiff,NORTH EAST DRY
L9OUS8X6J5_chipid4198.tiff,SOUTHERN TRANSITION
UGQ2JBITK0_chipid5936.tiff,NORTHERN DRY
J51F5QKS6K_chipid1156.tiff,CENTRAL DRY
0UVZ9HF23N_chipid4781.tiff,NORTH EAST DRY
AG9YFGLWT6_chipid3726.tiff,WESTERN TRANSITION
KQPZU9A9IZ_chipid7969.tiff,WESTERN TRANSITION
0ZCZ0ILIY0_chipid4157.tiff,CENTRAL DRY
JS4GWTZAYC_chipid1479.tiff,CENTRAL DRY
SG68S86VWY_chipid7811.tiff,COASTAL
X6D97GLQZ8_chipid5896.tiff,NORTHERN DRY
MQWYHICWI7_chipid7078.tiff,NORTHERN DRY
AVRDY38RWT_chipid7200.tiff,UNKNOWN
2HMKQBWYKO_chipid7240.tiff,NORTHERN DRY
KA1EK92AZ1_chipid7891.tiff,NORTHERN DRY
8U82YY3D3P_chipid8075.tiff,NORTH EAST DRY
FSVOIU0CSU_chipid4665.tiff,NORTH EAST DRY
AHRNOIOU8O_chipid7399.tiff,SOUTHERN TRANSITION
V381TQ7B36_chipid2879.tiff,CENTRAL DRY
HCVYYKM06C_chipid5173.tiff,NORTH EAST DRY
19CWMA8FNL_chipid239.tiff,SOUTHERN TRANSITION
ONHEOQPTO4_chipid5192.tiff,NORTH EAST DRY
GMBBNS8WC6_chipid4666.tiff,NORTH EAST DRY
7NZNLC1R3P_chipid2121.tiff,EASTERN DRY
KN96LP1PPO_chipid179.tiff,SOUTHERN TRANSITION
Q1RNPSXESZ_chipid351.tiff,SOUTHERN TRANSITION
FKCWSQ9XTR_chipid5908.tiff,NORTHERN DRY
5GXJ0SJ202_chipid2002.tiff,EASTERN DRY
JDRRER229M_chipid6825.tiff,SOUTHERN TRANSITION
0VE0XEMCNI_chipid407.tiff,SOUTHERN DRY
Z0ENJTPYWN_chipid4310.tiff,NORTH EAST DRY
5YO2OSIJ3X_chipid7420.tiff,SOUTHERN TRANSITION
TZU2T8UXOZ_chipid3013.tiff,EASTERN DRY
NDB38ZF9QM_chipid1094.tiff,EASTERN DRY
4JHXNFTMD0_chipid3160.tiff,SOUTHERN DRY
ONRMQB8SUQ_chipid2948.tiff,CENTRAL DRY
48S6SI3UX6_chipid6433.tiff,SOUTHERN DRY
Z47RJGNBE5_chipid1137.tiff,CENTRAL DRY
HSPCAG8JLC_chipid603.tiff,EASTERN DRY
CDY0AOZCTE_chipid3351.tiff,COASTAL
I8IE9UV2ZU_chipid6450.tiff,SOUTHERN DRY
E27M7G8PEE_chipid3224.tiff,COASTAL
5TGVG8CO73_chipid1211.tiff,CENTRAL DRY
N8NHK2O2WE_chipid7882.tiff,NORTHERN DRY
LAVUXSH497_chipid5136.tiff,NORTH EAST DRY
053US50COM_chipid3109.tiff,CENTRAL DRY
30LVOKVXZ9_chipid758.tiff,EASTERN DRY
2WMBEP7OQ4_chipid1417.tiff,CENTRAL DRY
FNZ116RZFF_chipid2562.tiff,CENTRAL DRY
IQDXX4M8GI_chipid3595.tiff,COASTAL
Y88Z3ZMAFB_chipid5885.tiff,NORTHERN DRY
86WRXIS08Y_chipid3554.tiff,COASTAL
HM2GAS5W8H_chipid115.tiff,SOUTHERN TRANSITION
BHLTWNKMCJ_chipid6115.tiff,HILL
AL4ZUKWB39_chipid3999.tiff,UNKNOWN
YLIHBHNAO2_chipid2027.tiff,EASTERN DRY
JJTZQLFHQX_chipid5040.tiff,NORTH EAST DRY
E1US29727W_chipid676.tiff,EASTERN DRY
NVTULKVEYP_chipid5769.tiff,NORTHERN DRY
1W3YCN0T3A_chipid6387.tiff,COASTAL
4V9821NSQ6_chipid4510.tiff,NORTH EAST DRY
4I9O6NEYNA_chipid7906.tiff,NORTHERN DRY
ZDM498078G_chipid1160.tiff,CENTRAL DRY
QM5MJ7D173_chipid6838.tiff,SOUTHERN TRANSITION
ZU6UXJSBF2_chipid7666.tiff,UNKNOWN
FPRCBER0NB_chipid4875.tiff,COASTAL
VT3T91W69N_chipid6945.tiff,EASTERN DRY
N5PM59BW7R_chipid4635.tiff,NORTH EAST DRY
XURBR30UZD_chipid41.tiff,SOUTHERN TRANSITION
GUOW0S1U03_chipid4584.tiff,NORTH EAST DRY
M1NY5G4Y8Y_chipid0.tiff,SOUTHERN TRANSITION
BK1XALSNV5_chipid3231.tiff,COASTAL
K9OAVQ9HFL_chipid2345.tiff,CENTRAL DRY
LL8TYP4363_chipid1980.tiff,EASTERN DRY
VVMBYWD3CR_chipid5613.tiff,SOUTHERN TRANSITION
3IFZ7EZWAR_chipid6808.tiff,NORTHERN DRY
73AJXS1T6D_chipid5174.tiff,NORTH EAST DRY
6WAUQK0BVG_chipid197.tiff,SOUTHERN TRANSITION
490T34GXK6_chipid3074.tiff,CENTRAL DRY
W8E8EM3PCD_chipid1956.tiff,EASTERN DRY
1DE08KL40A_chipid3765.tiff,WESTERN TRANSITION
3P7ZXWZVKM_chipid6565.tiff,CENTRAL DRY
4XK5N9CB1V_chipid1984.tiff,EASTERN DRY
SQ2NE6KA9E_chipid7464.tiff,CENTRAL DRY
T11YESS1HK_chipid7858.tiff,NORTHERN DRY
6N1HBUSSHE_chipid956.tiff,EASTERN DRY
6YLGDHUPLA_chipid7475.tiff,CENTRAL DRY
X7E48ITSUP_chipid2865.tiff,CENTRAL DRY
IT7RZNGH0F_chipid6262.tiff,NORTH EAST DRY
6E2Q86K49E_chipid177.tiff,SOUTHERN TRANSITION
KIJGJOGHYN_chipid128.tiff,SOUTHERN TRANSITION
6UTF5RENMM_chipid6405.tiff,COASTAL
HBXHKC6GVA_chipid8042.tiff,NORTH EAST DRY
HPFZS1AMSO_chipid3416.tiff,CENTRAL DRY
VF3MAFD2U7_chipid5066.tiff,NORTH EAST DRY
029ZX42FVC_chipid426.tiff,SOUTHERN DRY
2RREGD9GUH_chipid6879.tiff,SOUTHERN TRANSITION
Z6ZB9UPBOZ_chipid2479.tiff,EASTERN DRY
WJJO7IWKZ0_chipid1997.tiff,EASTERN DRY
L5SVVKXHRX_chipid2088.tiff,EASTERN DRY
TQBNRKUBO8_chipid5702.tiff,NORTHERN DRY
OJCN5ZJOCX_chipid2748.tiff,SOUTHERN TRANSITION
SKTYDCB7WW_chipid2397.tiff,SOUTHERN TRANSITION
5T2SYR27KG_chipid2799.tiff,SOUTHERN DRY
AU7DZVY3AK_chipid1952.tiff,EASTERN DRY
3735PBCEGN_chipid6252.tiff,NORTH EAST DRY
5835AK64ML_chipid7789.tiff,UNKNOWN
ORFDHJU31T_chipid4344.tiff,NORTH EAST DRY
CD0U45WWVI_chipid1651.tiff,WESTERN TRANSITION
TIL2E7E9DT_chipid5461.tiff,COASTAL
3B8AZPR3NF_chipid4382.tiff,NORTH EAST DRY
NZ3ND5LJIF_chipid2789.tiff,SOUTHERN TRANSITION
CBCPULKI2O_chipid783.tiff,EASTERN DRY
ZOLR4K0ONX_chipid479.tiff,SOUTHERN DRY
1CHRUWYWQJ_chipid2967.tiff,CENTRAL DRY
AQJS588GXQ_chipid2355.tiff,CENTRAL DRY
BE5SBG54GG_chipid3877.tiff,CENTRAL DRY
J1HXH69LBY_chipid2847.tiff,SOUTHERN DRY
UABSPF7M3V_chipid2570.tiff,SOUTHERN TRANSITION
C7LGF8KROD_chipid5073.tiff,NORTH EAST DRY
H23PE8C5NI_chipid2661.tiff,EASTERN DRY
ZFP0JQLM1J_chipid7886.tiff,NORTHERN DRY
6HF7TSEQ2L_chipid6866.tiff,SOUTHERN TRANSITION
YQPAATZT2F_chipid2527.tiff,UNKNOWN
O5R7YWPJI2_chipid3956.tiff,CENTRAL DRY
LV3XLXFR4G_chipid2553.tiff,UNKNOWN
8XMA9U54MX_chipid7319.tiff,NORTH EAST DRY
I8OZT37GH8_chipid5701.tiff,NORTHERN DRY
KZZ20QM753_chipid7509.tiff,NORTHERN DRY
Y6ETLFSPQU_chipid3321.tiff,COASTAL
LZ1AZ16I3L_chipid2658.tiff,EASTERN DRY
QYCAZJFTQ0_chipid1782.tiff,CENTRAL DRY
45QYTEJM5A_chipid5277.tiff,NORTH EAST DRY
OPPK93YCKI_chipid5736.tiff,NORTHERN DRY
CX272C8TKA_chipid6698.tiff,CENTRAL DRY
9LA06WGXXH_chipid3098.tiff,CENTRAL DRY
S0V4HJS6D9_chipid2880.tiff,CENTRAL DRY
NYFIS7MJDL_chipid522.tiff,SOUTHERN DRY
1VYXE34Q2K_chipid7292.tiff,NORTH EAST DRY
4NTAULHY1L_chipid4797.tiff,COASTAL
QGO2SO42NT_chipid1872.tiff,CENTRAL DRY
DIROGF0PE2_chipid6268.tiff,NORTH EAST DRY
I7N9U7NYD5_chipid422.tiff,SOUTHERN DRY
P010H4IRGN_chipid513.tiff,EASTERN DRY
B7O3TT6MPI_chipid3864.tiff,CENTRAL DRY
535U85GXLE_chipid6759.tiff,UNKNOWN
4R2NK5S5D4_chipid7535.tiff,NORTHERN DRY
J1CNLBGF3K_chipid5142.tiff,NORTH EAST DRY
T31QFUU1C9_chipid3556.tiff,COASTAL
KHC30YQ70Z_chipid2278.tiff,SOUTHERN TRANSITION
VVAE1KIGR9_chipid1798.tiff,CENTRAL DRY
NLM5QVM0SE_chipid2558.tiff,CENTRAL DRY
RL77DQ84S7_chipid7974.tiff,COASTAL
IMWJ6JYQ29_chipid6390.tiff,COASTAL
5IJKTRH8L4_chipid4061.tiff,SOUTHERN DRY
33NTA1V1K5_chipid673.tiff,EASTERN DRY
JZSX69A0P2_chipid3429.tiff,CENTRAL DRY
6WQFH2W105_chipid6152.tiff,COASTAL
5OFHPINCZR_chipid7946.tiff,WESTERN TRANSITION
5R9OQ6BLTF_chipid678.tiff,EASTERN DRY
28PGU713GY_chipid2444.tiff,EASTERN DRY
YCU8MMG3MI_chipid720.tiff,EASTERN DRY
M5I632O54A_chipid6928.tiff,SOUTHERN TRANSITION
B9GWK4SDOW_chipid7913.tiff,NORTHERN DRY
K636HZ15VE_chipid4554.tiff,NORTH EAST DRY
1TBUPODLCU_chipid1524.tiff,CENTRAL DRY
6E7NLKTSKN_chipid4320.tiff,NORTH EAST DRY
P0HUJCATL2_chipid7103.tiff,WESTERN TRANSITION
QEDOQ9N5GV_chipid7013.tiff,UNKNOWN
DNXPN2ZCMX_chipid3578.tiff,COASTAL
2EOPORE9N7_chipid1932.tiff,EASTERN DRY
DH31D84BT3_chipid5933.tiff,NORTHERN DRY
FVA6VTMQK7_chipid2189.tiff,EASTERN DRY
DJGNBKYDTK_chipid7109.tiff,WESTERN TRANSITION
TMP8M8DB5O_chipid1008.tiff,EASTERN DRY
JX5QPEJ773_chipid1323.tiff,CENTRAL DRY
NTGPE858B0_chipid4308.tiff,NORTH EAST DRY
0GLEDGV53T_chipid828.tiff,EASTERN DRY
3MOZ1ZJWOO_chipid7115.tiff,WESTERN TRANSITION
VRCGVCK0TZ_chipid5068.tiff,NORTH EAST DRY
LSMQGL0IEC_chipid5725.tiff,NORTHERN DRY
NQVREHQ5RL_chipid1617.tiff,CENTRAL DRY
9WFR3QAAOP_chipid5973.tiff,NORTH EAST DRY
4F5ULD9OSW_chipid3881.tiff,CENTRAL DRY
MN1A0ZPFYS_chipid7049.tiff,NORTHERN DRY
JOKZF1VVV7_chipid633.tiff,EASTERN DRY
Y74D1KZJOA_chipid280.tiff,SOUTHERN DRY
3MKJA1KF9R_chipid3130.tiff,CENTRAL DRY
ZAZVRNGIPQ_chipid6307.tiff,NORTH EAST DRY
WMTWH15GFL_chipid48.tiff,SOUTHERN TRANSITION
9OM7SC7DJ6_chipid875.tiff,EASTERN DRY
LBSC19HLQM_chipid7101.tiff,WESTERN TRANSITION
GAF0HXQ000_chipid7000.tiff,EASTERN DRY
0ZI7HENIEH_chipid6710.tiff,CENTRAL DRY
4KWI1QN4FJ_chipid4132.tiff,CENTRAL DRY
8WSG9UJZGF_chipid318.tiff,SOUTHERN DRY
GZJJF34N6F_chipid2684.tiff,CENTRAL DRY
B4421TV7XU_chipid611.tiff,EASTERN DRY
BKQ2E2PIW7_chipid4834.tiff,COASTAL
A50SQB16JL_chipid7821.tiff,COASTAL
1VH0N3VAGR_chipid3894.tiff,CENTRAL DRY
WYIVXUM0AL_chipid3443.tiff,COASTAL
7ALSJ8BGR9_chipid4442.tiff,NORTH EAST DRY
NQNG6W5BL5_chipid2576.tiff,SOUTHERN TRANSITION
CPHV0416TN_chipid1941.tiff,EASTERN DRY
XN73CGZC90_chipid481.tiff,SOUTHERN DRY
2M09LSJVHO_chipid137.tiff,SOUTHERN TRANSITION
ZX56YDH1SR_chipid2348.tiff,CENTRAL DRY
QCF8EEGBWQ_chipid648.tiff,EASTERN DRY
E0P1VS4DEM_chipid2403.tiff,SOUTHERN TRANSITION
HJ52JEVBJG_chipid6703.tiff,CENTRAL DRY
R51GDFKJ6Q_chipid3863.tiff,UNKNOWN
P1J5S7PU95_chipid2167.tiff,EASTERN DRY
NEPL1X91BA_chipid925.tiff,EASTERN DRY
N2QOY1QBC8_chipid482.tiff,SOUTHERN DRY
AGCUUZPWLU_chipid2286.tiff,SOUTHERN TRANSITION
OQYP3FLKNV_chipid4670.tiff,NORTH EAST DRY
K1H788APFQ_chipid6234.tiff,SOUTHERN DRY
NKV7C9B4NU_chipid754.tiff,EASTERN DRY
IEU0GX9KXO_chipid2217.tiff,EASTERN DRY
PEC0Y0W569_chipid1318.tiff,CENTRAL DRY
FX4M0M7RW6_chipid4930.tiff,COASTAL
D3IGTCNHYZ_chipid5841.tiff,NORTHERN DRY
QZEL0YU340_chipid6907.tiff,SOUTHERN TRANSITION
DV89KAKSPT_chipid5964.tiff,NORTH EAST DRY
W6ZEP3ATV1_chipid979.tiff,EASTERN DRY
TD2KH2D8LH_chipid2019.tiff,EASTERN DRY
AG9MHYOQAG_chipid6868.tiff,SOUTHERN TRANSITION
YIK99ZEMQT_chipid4197.tiff,SOUTHERN TRANSITION
B8HA6GGQ9I_chipid2844.tiff,SOUTHERN DRY
IZ15Y1YW1L_chipid4494.tiff,NORTH EAST DRY
17Z3RV2Y62_chipid4531.tiff,NORTH EAST DRY
12WSLBXSQG_chipid572.tiff,EASTERN DRY
DV90B0ZBZ7_chipid1905.tiff,EASTERN DRY
1KEJ184BD3_chipid5369.tiff,SOUTHERN TRANSITION
KCGO4T5JQU_chipid1374.tiff,CENTRAL DRY
VC5NZSLG1L_chipid1883.tiff,CENTRAL DRY
CP5ALONLIY_chipid2340.tiff,CENTRAL DRY
HAT2DZNZY3_chipid1762.tiff,CENTRAL DRY
GHZQNI4FRM_chipid6644.tiff,CENTRAL DRY
RMVLITVQVP_chipid6330.tiff,NORTH EAST DRY
C60Z1L7YSM_chipid3126.tiff,CENTRAL DRY
OFU6EIS17E_chipid7113.tiff,WESTERN TRANSITION
IN9V6NWX7Y_chipid661.tiff,EASTERN DRY
WATNWLMNWF_chipid3666.tiff,WESTERN TRANSITION
9MW4JNHZUS_chipid3700.tiff,WESTERN TRANSITION
VRVJ760W05_chipid1716.tiff,NORTH EAST DRY
JK4YD11D7D_chipid8033.tiff,COASTAL
PXSVE8MP4W_chipid5368.tiff,SOUTHERN TRANSITION
QRARY4DR5Y_chipid3961.tiff,CENTRAL DRY
4K51WH6LRF_chipid5254.tiff,NORTH EAST DRY
B3WRF6YYKU_chipid3043.tiff,UNKNOWN
0S4JPXAQHO_chipid1735.tiff,CENTRAL DRY
S5K5IO5V5X_chipid5987.tiff,NORTH EAST DRY
91FBNMNU47_chipid3565.tiff,COASTAL
GC5UU4L0Z5_chipid3426.tiff,CENTRAL DRY
SZABDR52WL_chipid249.tiff,SOUTHERN TRANSITION
DSZGJJYOPA_chipid7823.tiff,COASTAL
UIYPUOR370_chipid5981.tiff,NORTH EAST DRY
XOBIC1EEGG_chipid6598.tiff,CENTRAL DRY
UYS60UG06C_chipid1669.tiff,UNKNOWN
BL9Q8PKP7C_chipid5438.tiff,UNKNOWN
431BQC7TCV_chipid3511.tiff,COASTAL
61PJW8J3Z1_chipid400.tiff,SOUTHERN DRY
VXWOPDLJI7_chipid4577.tiff,NORTH EAST DRY
FQEOA44SAH_chipid3962.tiff,NORTH EAST DRY
EMUDJJOP4J_chipid5602.tiff,SOUTHERN TRANSITION
Q9YGV5P4JC_chipid1030.tiff,EASTERN DRY
B0JPUVG8EH_chipid1659.tiff,WESTERN TRANSITION
6HSUMMH9GX_chipid4298.tiff,NORTH EAST DRY
MGS3S9JAD3_chipid6767.tiff,UNKNOWN
S0Z2J53TFT_chipid3920.tiff,CENTRAL DRY
HE64DFPABI_chipid5170.tiff,NORTH EAST DRY
7YYDNMI03G_chipid7602.tiff,NORTH EAST DRY
KDUTRFDIV9_chipid4326.tiff,NORTH EAST DRY
TYDAO4NYI9_chipid2918.tiff,CENTRAL DRY
PWWAX0ZODW_chipid1337.tiff,CENTRAL DRY
PT6VKK60IX_chipid7291.tiff,NORTH EAST DRY
PFF30BB5D9_chipid7736.tiff,COASTAL
010H5F2O2W_chipid1357.tiff,CENTRAL DRY
AV15QLF35I_chipid5940.tiff,NORTHERN DRY
Q6896AWFLL_chipid7465.tiff,CENTRAL DRY
D3CRP8OR84_chipid5638.tiff,SOUTHERN TRANSITION
S94FDTSP4U_chipid5597.tiff,SOUTHERN TRANSITION
D90UA4D7OS_chipid1246.tiff,CENTRAL DRY
F4EMCY5ITH_chipid1045.tiff,EASTERN DRY
VGMXS3L1JB_chipid3619.tiff,WESTERN TRANSITION
Z8DM75ZZOA_chipid5202.tiff,NORTH EAST DRY
V1PCEM9EWN_chipid8055.tiff,NORTH EAST DRY
YJMG8ZT4S3_chipid7554.tiff,NORTHERN DRY
WZVIFDY1R8_chipid3370.tiff,COASTAL
SIK7DYBCD0_chipid5361.tiff,SOUTHERN TRANSITION
HYTO2KONM0_chipid7965.tiff,NORTH EAST DRY
EVSMJLIHF0_chipid6839.tiff,SOUTHERN TRANSITION
PSXYBP0EST_chipid5359.tiff,SOUTHERN TRANSITION
D90QKUDVAA_chipid719.tiff,EASTERN DRY
LMGE7SSJ10_chipid3865.tiff,CENTRAL DRY
BDV5YP2UF2_chipid6657.tiff,CENTRAL DRY
FCPMH68IUN_chipid6329.tiff,NORTH EAST DRY
I2P00WWDPT_chipid5256.tiff,NORTH EAST DRY
A0JOD4XFBN_chipid5500.tiff,COASTAL
28XR5FGTBM_chipid1487.tiff,CENTRAL DRY
369VIHSRGC_chipid6926.tiff,SOUTHERN TRANSITION
DVZIWAOB1K_chipid2850.tiff,SOUTHERN DRY
KBXCOXS0HZ_chipid4369.tiff,NORTH EAST DRY
BKK2FX7W82_chipid4212.tiff,SOUTHERN TRANSITION
PO0BYB9L69_chipid7061.tiff,NORTHERN DRY
OQ34Z0Y5M7_chipid3735.tiff,WESTERN TRANSITION
MTUMBK1SLF_chipid4096.tiff,CENTRAL DRY
2EZ7N9KSEJ_chipid818.tiff,EASTERN DRY
XZKU1BRD4M_chipid395.tiff,SOUTHERN TRANSITION
ITYJ9KUSJ3_chipid2229.tiff,EASTERN DRY
YFYQ5UKSF8_chipid5867.tiff,NORTHERN DRY
Q1F5J7GM4C_chipid5785.tiff,NORTHERN DRY
01PG5AUGJX_chipid6807.tiff,NORTHERN DRY
Z6BNOOH2HR_chipid3118.tiff,CENTRAL DRY
NW10GCW4VC_chipid7485.tiff,CENTRAL DRY
S2KRYZ535E_chipid1495.tiff,CENTRAL DRY
EDCOI5ABZ6_chipid4779.tiff,NORTH EAST DRY
JHR2LMTOYV_chipid4154.tiff,CENTRAL DRY
WWCD6SCUKE_chipid4769.tiff,NORTH EAST DRY
EI4TY6ERVZ_chipid2519.tiff,CENTRAL DRY
T83AHP0LHS_chipid2080.tiff,EASTERN DRY
CO8BY14X9F_chipid2771.tiff,SOUTHERN TRANSITION
4F1GO14MW8_chipid1057.tiff,EASTERN DRY
LSH9R4X516_chipid456.tiff,SOUTHERN DRY
VCWL78UBTV_chipid5480.tiff,COASTAL
YIM8JV1CAJ_chipid7323.tiff,NORTH EAST DRY
OL837SXPX6_chipid5868.tiff,NORTHERN DRY
QE7R4LXO4N_chipid7735.tiff,COASTAL
LDRNI5QZEE_chipid5269.tiff,NORTH EAST DRY
UDOJQYUOU8_chipid5816.tiff,NORTHERN DRY
AZQ36FP32U_chipid100.tiff,SOUTHERN TRANSITION
D5D2NTH7W6_chipid3951.tiff,CENTRAL DRY
NC2D1XYAEN_chipid6030.tiff,UNKNOWN
12F0OCLXMR_chipid5455.tiff,SOUTHERN TRANSITION
8FCOX65WJY_chipid5918.tiff,NORTHERN DRY
EQWVKBNS97_chipid3559.tiff,COASTAL
ZG61O8LH3V_chipid1697.tiff,NORTH EAST DRY
KGOR6EQUA6_chipid4981.tiff,HILL
KWRWAV3DUU_chipid727.tiff,EASTERN DRY
1PODB2UMM5_chipid6911.tiff,SOUTHERN TRANSITION
FYYFX2OW3O_chipid6906.tiff,SOUTHERN TRANSITION
VYXZIS64BL_chipid6087.tiff,HILL
IVYO15EH69_chipid5963.tiff,NORTH EAST DRY
0Z9A6KJ82K_chipid502.tiff,UNKNOWN
TML4RGQBZQ_chipid1810.tiff,CENTRAL DRY
AB6E0OY3YS_chipid3352.tiff,COASTAL
WYM1MN0BR3_chipid6690.tiff,CENTRAL DRY
65PHHG550D_chipid6156.tiff,COASTAL
U9UE6ALRRE_chipid5854.tiff,NORTHERN DRY
D8GFV62GS9_chipid3027.tiff,EASTERN DRY
0RDD5MUEPD_chipid2128.tiff,EASTERN DRY
O9BXNVYQZI_chipid1765.tiff,CENTRAL DRY
VLGKN9YED6_chipid5828.tiff,NORTHERN DRY
ZQ5WPJMQYN_chipid797.tiff,EASTERN DRY
OHN3XXM6TS_chipid4876.tiff,COASTAL
BIQCQT3ECG_chipid5195.tiff,NORTH EAST DRY
ZJQUG9ECH7_chipid863.tiff,EASTERN DRY
R3P44RZGR9_chipid1971.tiff,EASTERN DRY
22AI0IXVL1_chipid3843.tiff,CENTRAL DRY
6KCQEM7GFQ_chipid5122.tiff,NORTH EAST DRY
8RXI59QPT2_chipid1113.tiff,EASTERN DRY
R9P5UPZKZN_chipid3386.tiff,COASTAL
GCNGBU9ZDM_chipid3303.tiff,COASTAL
NY31DF2SIU_chipid2832.tiff,SOUTHERN DRY
IBYWGF5QQF_chipid4975.tiff,HILL
I51YC9JUDA_chipid1042.tiff,EASTERN DRY
PIYAIB9ZEE_chipid2209.tiff,EASTERN DRY
FRA9JZZSAO_chipid5280.tiff,NORTH EAST DRY
3ZV3GI1MSP_chipid1332.tiff,CENTRAL DRY
DDHN890L6Y_chipid4821.tiff,COASTAL
KKQAW1A8JN_chipid7576.tiff,NORTH EAST DRY
BXX7ZCF3HX_chipid1256.tiff,CENTRAL DRY
G6BGVLJM1O_chipid7148.tiff,COASTAL
XGKAZD6FEX_chipid4883.tiff,COASTAL
AFNTYFKKWO_chipid5456.tiff,SOUTHERN TRANSITION
YU1RERMCAJ_chipid1744.tiff,CENTRAL DRY
J1HGVGL25X_chipid8021.tiff,COASTAL
MUAE8VTB54_chipid3176.tiff,SOUTHERN DRY
CM1EHTZHJ0_chipid7286.tiff,NORTH EAST DRY
FC3TYTD3EC_chipid3905.tiff,CENTRAL DRY
AVZ3TGRDFZ_chipid6015.tiff,UNKNOWN
3BE2P03LSO_chipid1967.tiff,EASTERN DRY
WZE53Y0QFS_chipid255.tiff,SOUTHERN TRANSITION
2VY6VDWZEQ_chipid441.tiff,SOUTHERN DRY
JGIYLS5JDC_chipid1983.tiff,EASTERN DRY
CU3XFDE3LH_chipid5489.tiff,COASTAL
9OY8XQMOYL_chipid7585.tiff,NORTH EAST DRY
AFCM4PAB8U_chipid5007.tiff,HILL
MCWGWQ87M9_chipid5972.tiff,NORTH EAST DRY
J0D3E8PFH0_chipid5735.tiff,NORTHERN DRY
OBOY0Y3EDY_chipid5188.tiff,HILL
0BDXWJ610N_chipid1894.tiff,EASTERN DRY
JMJ6IEZA8P_chipid6133.tiff,HILL
W7SV2Z09E4_chipid5562.tiff,SOUTHERN TRANSITION
O1IOOBXJRV_chipid1072.tiff,EASTERN DRY
E40EJFIJVQ_chipid7769.tiff,NORTH EAST DRY
ES4Y7E4RC3_chipid3348.tiff,COASTAL
N1OXZ9XGHY_chipid1032.tiff,EASTERN DRY
7G5IR7399F_chipid4597.tiff,NORTH EAST DRY
GHT3DKIS9N_chipid6520.tiff,NORTH EAST DRY
N8GBII6ERO_chipid4622.tiff,NORTH EAST DRY
VFJJDDP0O5_chipid6887.tiff,SOUTHERN TRANSITION
C7FGFF8WQV_chipid777.tiff,EASTERN DRY
4MO8VK07PZ_chipid5903.tiff,NORTHERN DRY
XI4HEC2772_chipid3647.tiff,WESTERN TRANSITION
BPJVIVJ3P6_chipid5006.tiff,HILL
K7A3DX1RMZ_chipid3269.tiff,CENTRAL DRY
N6U6Z0RHHA_chipid6745.tiff,UNKNOWN
L6EEE7LK51_chipid3255.tiff,CENTRAL DRY
D9YK8KYTSC_chipid7768.tiff,NORTH EAST DRY
OON5UXZ69K_chipid6991.tiff,EASTERN DRY
VIEXTC5238_chipid6541.tiff,CENTRAL DRY
YRVDD92UWI_chipid4730.tiff,NORTH EAST DRY
QV9F5RIGT1_chipid2913.tiff,CENTRAL DRY
2QSXXKODEI_chipid5703.tiff,NORTHERN DRY
D2I9MVCMQF_chipid3679.tiff,WESTERN TRANSITION
9KNNNET2JJ_chipid586.tiff,EASTERN DRY
AUD0H3EG4P_chipid3814.tiff,UNKNOWN
3SARVWU1HM_chipid7242.tiff,NORTHERN DRY
12AVF3SPJK_chipid2253.tiff,EASTERN DRY
QDK8JT727S_chipid476.tiff,SOUTHERN DRY
5SSUSHUGGV_chipid2837.tiff,SOUTHERN DRY
EMX9KDT1P9_chipid4033.tiff,SOUTHERN DRY
74HTM5VYVQ_chipid5313.tiff,NORTH EAST DRY
01XYFRA28T_chipid5958.tiff,NORTH EAST DRY
OGHA9F26ZN_chipid5835.tiff,NORTHERN DRY
NFAYZ6DY09_chipid2667.tiff,EASTERN DRY
8NSJ4Q1K4U_chipid2774.tiff,SOUTHERN TRANSITION
34C5JDDAGI_chipid7978.tiff,COASTAL
6MOQW9CXTK_chipid7934.tiff,WESTERN TRANSITION
W3RAR82XSL_chipid7309.tiff,NORTH EAST DRY
MLR2ZRZLW9_chipid585.tiff,EASTERN DRY
2G7ZLGKSAA_chipid6672.tiff,CENTRAL DRY
2FQC3ZAH19_chipid7139.tiff,COASTAL
NHIA7GL8QM_chipid6282.tiff,NORTH EAST DRY
EYSLMD0IG1_chipid30.tiff,SOUTHERN TRANSITION
5LLDF7W11R_chipid1925.tiff,EASTERN DRY
E2N3MLQ7QK_chipid4649.tiff,NORTH EAST DRY
1STSHW8F79_chipid2608.tiff,SOUTHERN TRANSITION
1GR9053PW8_chipid7988.tiff,COASTAL
7AOM4F1GIS_chipid6215.tiff,SOUTHERN DRY
0NTP2Y511X_chipid2343.tiff,CENTRAL DRY
AV8H8ZNKJO_chipid6331.tiff,NORTH EAST DRY
4S5YS4PCGW_chipid6336.tiff,NORTH EAST DRY
XBJTBHNHDX_chipid759.tiff,EASTERN DRY
XX4KGCM5X8_chipid2031.tiff,EASTERN DRY
Z7GUFY15NP_chipid7598.tiff,NORTH EAST DRY
MELQHVMZN7_chipid3531.tiff,COASTAL
UHTGE1WWZO_chipid599.tiff,EASTERN DRY
4GXQ2FK0MZ_chipid977.tiff,EASTERN DRY
AV6WRY42XT_chipid2448.tiff,EASTERN DRY
SPCDNEK8YU_chipid6365.tiff,NORTH EAST DRY
0QVJB7Z32Y_chipid5607.tiff,SOUTHERN TRANSITION
VZG05RT3Z6_chipid5059.tiff,NORTH EAST DRY
H4KAW9KSSL_chipid7961.tiff,UNKNOWN
LZ5SVPK3J3_chipid6121.tiff,HILL
O5PZR46XEZ_chipid7051.tiff,NORTHERN DRY
2GPJR3CKHN_chipid2240.tiff,EASTERN DRY
JTD9VSVS5E_chipid3072.tiff,CENTRAL DRY
2LFE8LJ921_chipid2238.tiff,EASTERN DRY
T7OL9S16XZ_chipid588.tiff,EASTERN DRY
9OC0KRH25H_chipid3081.tiff,CENTRAL DRY
XDZ9X8TMBO_chipid3832.tiff,CENTRAL DRY
B4G2S6PWS1_chipid52.tiff,SOUTHERN TRANSITION
3WZX8N59WZ_chipid1469.tiff,CENTRAL DRY
ECIW80KPH9_chipid3993.tiff,SOUTHERN TRANSITION
H52QU8V6IK_chipid7418.tiff,UNKNOWN
CGMAEZUFEA_chipid2966.tiff,CENTRAL DRY
2GV58ET4XB_chipid6107.tiff,HILL
LL4O41PU63_chipid743.tiff,EASTERN DRY
0CR23HP7BR_chipid7842.tiff,COASTAL
VH43QJ39Z4_chipid2616.tiff,SOUTHERN TRANSITION
3138TN7Z91_chipid5049.tiff,NORTH EAST DRY
Q9DKGFS4B4_chipid2987.tiff,CENTRAL DRY
YUPT0I9983_chipid4690.tiff,NORTH EAST DRY
E8VB30NCC6_chipid3751.tiff,WESTERN TRANSITION
CC2OO6SE5P_chipid527.tiff,SOUTHERN DRY
41HD0W4D21_chipid7395.tiff,SOUTHERN TRANSITION
P9QIT716A1_chipid5009.tiff,HILL
2TSMRW0KEL_chipid1786.tiff,CENTRAL DRY
Y4QA6DV008_chipid4483.tiff,NORTH EAST DRY
64RUAMWF30_chipid1792.tiff,CENTRAL DRY
P620EEKBL6_chipid3017.tiff,UNKNOWN
U8BMM0GBR6_chipid3549.tiff,COASTAL
SVNX0R664G_chipid7143.tiff,COASTAL
0CVR3C9SPC_chipid7528.tiff,NORTHERN DRY
YLKL8GN406_chipid1411.tiff,CENTRAL DRY
TCO5IR573G_chipid125.tiff,SOUTHERN TRANSITION
KXMP2ZMSLO_chipid120.tiff,SOUTHERN TRANSITION
MIJK2GBKST_chipid5486.tiff,COASTAL
8VMQSZVQQW_chipid3876.tiff,CENTRAL DRY
76TQM78R7J_chipid6506.tiff,NORTH EAST DRY
KKIEP57TCD_chipid1358.tiff,CENTRAL DRY
JTLVAJU0YH_chipid6681.tiff,CENTRAL DRY
LMVRZST96I_chipid2454.tiff,EASTERN DRY
G0BM2SGO4Q_chipid645.tiff,EASTERN DRY
0O3PL5ESKK_chipid6630.tiff,CENTRAL DRY
WKITVP76WA_chipid7903.tiff,NORTHERN DRY
2CTHF6E0FM_chipid1090.tiff,EASTERN DRY
2I258874VL_chipid4772.tiff,NORTH EAST DRY
MBRRX84LNG_chipid4618.tiff,NORTH EAST DRY
010DU650H1_chipid6425.tiff,COASTAL
DO7P3VNN97_chipid4782.tiff,NORTH EAST DRY
QUH0SCCQU5_chipid3141.tiff,CENTRAL DRY
VRTH4P81GJ_chipid2178.tiff,EASTERN DRY
9BOF5I0PSV_chipid4715.tiff,NORTH EAST DRY
UM407SGYJF_chipid2769.tiff,SOUTHERN TRANSITION
0XXTK9JW2T_chipid2719.tiff,CENTRAL DRY
AT76UX4AK7_chipid1862.tiff,CENTRAL DRY
ARRHO75NSF_chipid3279.tiff,CENTRAL DRY
KD2UGZEIV3_chipid6550.tiff,CENTRAL DRY
Y5XVNZWRAD_chipid624.tiff,EASTERN DRY
DA9D22S2T2_chipid4102.tiff,CENTRAL DRY
NL8AD8YOUP_chipid1751.tiff,CENTRAL DRY
XCVX0YOZJ1_chipid2600.tiff,SOUTHERN TRANSITION
E1V7BC2ADV_chipid2778.tiff,SOUTHERN TRANSITION
7Y0YS87D0Q_chipid856.tiff,EASTERN DRY
VV3I5BNEQ7_chipid4267.tiff,NORTH EAST DRY
VXQ4GFA0U1_chipid3606.tiff,COASTAL
2X9HSKC6DT_chipid7511.tiff,NORTHERN DRY
Z3570L99AF_chipid1982.tiff,EASTERN DRY
6IC9Y5T7F3_chipid3031.tiff,EASTERN DRY
V4NEVZRNL1_chipid1289.tiff,CENTRAL DRY
XB6KQO8ECB_chipid792.tiff,EASTERN DRY
9Z86YNXPK8_chipid2970.tiff,CENTRAL DRY
U8L4BU7OEO_chipid5302.tiff,NORTH EAST DRY
7QEHZYO3IA_chipid6232.tiff,SOUTHERN DRY
SUQON43NH7_chipid1568.tiff,CENTRAL DRY
K2FAYF7BIE_chipid2591.tiff,SOUTHERN TRANSITION
NQBEWPPWSN_chipid5043.tiff,NORTH EAST DRY
OSXMF4ML2G_chipid2341.tiff,CENTRAL DRY
LNYZ5DAUSA_chipid2637.tiff,EASTERN DRY
SIFTUZ4TOO_chipid6897.tiff,SOUTHERN TRANSITION
DPEQZ03ZEL_chipid5160.tiff,NORTH EAST DRY
NMPSPNI0CF_chipid3708.tiff,WESTERN TRANSITION
NW99ZJTIVR_chipid7658.tiff,CENTRAL DRY
QLEXF5PX6U_chipid2693.tiff,CENTRAL DRY
GKM64R7DE9_chipid1598.tiff,CENTRAL DRY
1F34H5XW0T_chipid6237.tiff,SOUTHERN DRY
IZVHAGCT32_chipid7444.tiff,CENTRAL DRY
O98AU5GY6N_chipid7401.tiff,SOUTHERN TRANSITION
KEXE1ZODLJ_chipid1208.tiff,CENTRAL DRY
B5JG3IREAA_chipid3535.tiff,COASTAL
AWJDXQ1ZWS_chipid3669.tiff,WESTERN TRANSITION
IFHKUSNWWZ_chipid245.tiff,SOUTHERN TRANSITION
Y72YW4L0F3_chipid6440.tiff,SOUTHERN DRY
ECOFW95XTC_chipid1667.tiff,UNKNOWN
G9OPWT6MS3_chipid6708.tiff,CENTRAL DRY
K468J6I4WJ_chipid4430.tiff,NORTH EAST DRY
JCXXFWANXY_chipid1437.tiff,CENTRAL DRY
ZUPNR2ACOL_chipid1381.tiff,CENTRAL DRY
XV8K24GROP_chipid3152.tiff,SOUTHERN DRY
H8SW80EMC8_chipid6777.tiff,UNKNOWN
NQ8692BP7N_chipid6106.tiff,HILL
L3WEKUG4IR_chipid2645.tiff,EASTERN DRY
FRI8Y8KBYJ_chipid6131.tiff,HILL
P7NEQJARUT_chipid961.tiff,EASTERN DRY
12B0A668ML_chipid6239.tiff,SOUTHERN DRY
TMJUYICNO5_chipid1356.tiff,CENTRAL DRY
B15H0YAYRD_chipid1506.tiff,CENTRAL DRY
XGY0598HAW_chipid510.tiff,UNKNOWN
ULYEY14R00_chipid4826.tiff,COASTAL
WO3CZ4KGRZ_chipid7862.tiff,NORTHERN DRY
8VHJO3JL8A_chipid1404.tiff,CENTRAL DRY
7K3VH2Y4CP_chipid6154.tiff,COASTAL
ZNBG5HQPD2_chipid1871.tiff,CENTRAL DRY
VVIWVUNZJC_chipid4742.tiff,NORTH EAST DRY
ZUAJTADJ5K_chipid2023.tiff,EASTERN DRY
LTOCH1PSTW_chipid7138.tiff,COASTAL
MNI8W679TD_chipid5938.tiff,NORTHERN DRY
VY4MDODJ39_chipid3557.tiff,COASTAL
OHW9MF5OK2_chipid6534.tiff,CENTRAL DRY
J9RWULT7UQ_chipid507.tiff,UNKNOWN
B8Y51HH0MV_chipid5929.tiff,NORTHERN DRY
979MGYLCWH_chipid7459.tiff,CENTRAL DRY
VXQ4CJU7DE_chipid4275.tiff,SOUTHERN TRANSITION
9OH13A6TLF_chipid923.tiff,EASTERN DRY
N6TRWRODZM_chipid7186.tiff,UNKNOWN
HMVKY33JD0_chipid7385.tiff,SOUTHERN TRANSITION
7S9G4JMXG4_chipid1525.tiff,CENTRAL DRY
0OA8TB4XSX_chipid2042.tiff,EASTERN DRY
FFJR629Q2S_chipid24.tiff,SOUTHERN TRANSITION
HPLWPF6TOX_chipid3338.tiff,COASTAL
X23FXIAZYG_chipid7931.tiff,WESTERN TRANSITION
PBUDXG6MED_chipid5633.tiff,SOUTHERN TRANSITION
3SZANNL3YW_chipid3601.tiff,COASTAL
QI0K206PIE_chipid3870.tiff,UNKNOWN
L81FFE65C7_chipid4543.tiff,NORTH EAST DRY
NV3I2M4D9Z_chipid6768.tiff,UNKNOWN
I2PM6Y1NIK_chipid5568.tiff,SOUTHERN TRANSITION
J836W6Z7UV_chipid5998.tiff,UNKNOWN
QAGYB3YLLB_chipid7212.tiff,UNKNOWN
SK7XWGN6UG_chipid7551.tiff,NORTHERN DRY
DKYSD0YYWE_chipid5126.tiff,NORTH EAST DRY
6YG5UWG5CI_chipid226.tiff,SOUTHERN TRANSITION
X6UXMUGPM3_chipid298.tiff,SOUTHERN DRY
F8IBFI3VX7_chipid3447.tiff,COASTAL
UA7GBZ3GG0_chipid2231.tiff,EASTERN DRY
CGXDC8B9UJ_chipid3600.tiff,COASTAL
BGWN0V7SHJ_chipid6460.tiff,SOUTHERN DRY
RJSMSRKRGX_chipid2626.tiff,SOUTHERN TRANSITION
RC2BIW3MK6_chipid5294.tiff,NORTH EAST DRY
LMJX9BIMB5_chipid2315.tiff,CENTRAL DRY
PJMEU0TAPY_chipid974.tiff,EASTERN DRY
NN86OLOP5S_chipid5236.tiff,NORTH EAST DRY
Q66JP68ERA_chipid227.tiff,SOUTHERN TRANSITION
51OHS38Z2N_chipid7.tiff,SOUTHERN TRANSITION
E084L6O4EA_chipid4687.tiff,NORTH EAST DRY
13A79BQ832_chipid3260.tiff,CENTRAL DRY
HAHX6AOFZC_chipid2703.tiff,CENTRAL DRY
VNM63HZURU_chipid64.tiff,SOUTHERN TRANSITION
SUOTAV5R6R_chipid8022.tiff,COASTAL
C9OAU1PYV2_chipid7294.tiff,NORTH EAST DRY
UKCW4L3RHT_chipid788.tiff,EASTERN DRY
W4LWGBMMW3_chipid4027.tiff,SOUTHERN DRY
EJ4N4GDMS8_chipid684.tiff,EASTERN DRY
C6ANYMXACG_chipid3739.tiff,WESTERN TRANSITION
961SA6BT43_chipid2148.tiff,EASTERN DRY
F4MXIYVE36_chipid5961.tiff,NORTH EAST DRY
JU945SQ8BL_chipid4827.tiff,COASTAL
99RI2T5SZ0_chipid814.tiff,EASTERN DRY
X0VRY9OS1O_chipid7649.tiff,CENTRAL DRY
XA40JSBXHK_chipid6873.tiff,SOUTHERN TRANSITION
RS6AKD753K_chipid5141.tiff,NORTH EAST DRY
8YDAR4ASKG_chipid7367.tiff,SOUTHERN TRANSITION
7QFCUQ6ZLM_chipid2200.tiff,EASTERN DRY
HOX3C783W9_chipid2528.tiff,UNKNOWN
4VKAI1JL4S_chipid487.tiff,EASTERN DRY
X0V43X9PZD_chipid1285.tiff,CENTRAL DRY
X7DJGTLV2K_chipid3469.tiff,COASTAL
LZY4JQ0IFH_chipid238.tiff,SOUTHERN TRANSITION
3EL0Y1UGWP_chipid1346.tiff,CENTRAL DRY
TAHYLEW3D5_chipid3620.tiff,WESTERN TRANSITION
WNBWIQQ4PW_chipid4853.tiff,COASTAL
8K9GCXLLRA_chipid2542.tiff,UNKNOWN
5E26TDE9TI_chipid450.tiff,SOUTHERN DRY
AZWOCRK96C_chipid7305.tiff,NORTH EAST DRY
DNBG91LJ2L_chipid7347.tiff,SOUTHERN TRANSITION
1XDDWMK66R_chipid2457.tiff,EASTERN DRY
2H24UFQUZ8_chipid3716.tiff,WESTERN TRANSITION
QISZ218908_chipid8003.tiff,COASTAL
IK2EK2MG19_chipid4342.tiff,NORTH EAST DRY
D1XMWRQ3HU_chipid488.tiff,UNKNOWN
SWG5ZKZ92R_chipid148.tiff,SOUTHERN TRANSITION
J48WKQ2ABZ_chipid5431.tiff,SOUTHERN TRANSITION
IGT2EWJUOV_chipid1704.tiff,NORTH EAST DRY
Y9GNNX3PCE_chipid5274.tiff,NORTH EAST DRY
46UTW1YHNK_chipid2548.tiff,UNKNOWN
5VNJP0HA3Y_chipid7299.tiff,NORTH EAST DRY
8LK7H30UBG_chipid4182.tiff,CENTRAL DRY
80QD8VCYQE_chipid3572.tiff,COASTAL
LANWXR5KPO_chipid11.tiff,SOUTHERN TRANSITION
GI8ROQJZ8C_chipid553.tiff,SOUTHERN DRY
WD4JE15TMW_chipid2366.tiff,SOUTHERN TRANSITION
Z8K4SWZBS6_chipid6136.tiff,HILL
UXMGQM5F6Q_chipid3433.tiff,CENTRAL DRY
LI5CTK6JG8_chipid2120.tiff,EASTERN DRY
GLP54XEXDO_chipid454.tiff,SOUTHERN DRY
8UMFXSYVHT_chipid2866.tiff,CENTRAL DRY
8TP70OKPYG_chipid1947.tiff,EASTERN DRY
IAGYJZLN82_chipid4331.tiff,NORTH EAST DRY
A8CFZZL4T4_chipid6764.tiff,CENTRAL DRY
NLTOOMOHX5_chipid3785.tiff,WESTERN TRANSITION
DGM17QS9TA_chipid5830.tiff,NORTHERN DRY
IQCV443JY7_chipid3337.tiff,COASTAL
0O5S17ZXZ5_chipid1563.tiff,CENTRAL DRY
5D4CIHMCBU_chipid664.tiff,EASTERN DRY
J4PUFM4D57_chipid7669.tiff,CENTRAL DRY
OTOH777J7K_chipid6498.tiff,NORTH EAST DRY
WNURUO37D4_chipid2258.tiff,SOUTHERN TRANSITION
XK1BVRO7Y7_chipid710.tiff,EASTERN DRY
S0H2QRM05N_chipid5197.tiff,NORTH EAST DRY
8S1VN4G1V9_chipid5589.tiff,SOUTHERN TRANSITION
N9AYNF6LUP_chipid4.tiff,SOUTHERN TRANSITION
BZT0IWNQ03_chipid1638.tiff,WESTERN TRANSITION
N7O74II1SH_chipid2668.tiff,EASTERN DRY
7MAKUQADNM_chipid5687.tiff,NORTHERN DRY
ES2WK0WS8Q_chipid6197.tiff,COASTAL
DQZVFIX5FC_chipid6653.tiff,CENTRAL DRY
8W62M3X5L8_chipid2463.tiff,EASTERN DRY
2IEJBS5S7S_chipid7278.tiff,NORTHERN DRY
K4YF10T7IY_chipid675.tiff,EASTERN DRY
3UFE8OD6CP_chipid7687.tiff,COASTAL
Y82ZVN6WJJ_chipid2972.tiff,CENTRAL DRY
FZ2BM4K9EZ_chipid751.tiff,EASTERN DRY
D9JD0A73Z4_chipid1891.tiff,EASTERN DRY
5RBAC3RH4O_chipid3041.tiff,EASTERN DRY
RU6XHL2UGH_chipid8082.tiff,NORTH EAST DRY
BVNEL7NNGQ_chipid4347.tiff,NORTH EAST DRY
GBFSFTLJSG_chipid6381.tiff,COASTAL
Q2LBOUFGQ7_chipid2890.tiff,CENTRAL DRY
LGZ0XE815I_chipid8078.tiff,NORTH EAST DRY
3RUB8AV3UJ_chipid4169.tiff,CENTRAL DRY
OV3LD0SR8N_chipid1340.tiff,CENTRAL DRY
OOVXUQW6YE_chipid1043.tiff,EASTERN DRY
UWSXBM7TXG_chipid3853.tiff,CENTRAL DRY
QGQXAHHF08_chipid5749.tiff,NORTHERN DRY
EL4Q7M1MKI_chipid7178.tiff,CENTRAL DRY
NR89K9O9M3_chipid2388.tiff,SOUTHERN TRANSITION
BF545X5A3N_chipid5089.tiff,NORTH EAST DRY
T7US0T2PK7_chipid4377.tiff,NORTH EAST DRY
C91EXR3MS2_chipid7746.tiff,COASTAL
0JD1I7QUP7_chipid1354.tiff,CENTRAL DRY
PHGXL7XWPZ_chipid3923.tiff,CENTRAL DRY
XNG3LWSV8S_chipid5333.tiff,NORTH EAST DRY
DPWL7R02JG_chipid7993.tiff,COASTAL
MD428194FS_chipid338.tiff,SOUTHERN DRY
EA2JPDZSSL_chipid1838.tiff,CENTRAL DRY
I6462QYWIZ_chipid1416.tiff,CENTRAL DRY
4HLPY3NEKL_chipid3663.tiff,WESTERN TRANSITION
7I3Q46VY4D_chipid2367.tiff,SOUTHERN TRANSITION
VNX7790BG0_chipid2927.tiff,CENTRAL DRY
UHUHUIVOIA_chipid8054.tiff,NORTH EAST DRY
NF92EFY57P_chipid4194.tiff,SOUTHERN TRANSITION
Q64Y3UNCEQ_chipid7808.tiff,COASTAL
UDCKT8FOEB_chipid4436.tiff,NORTH EAST DRY
LM2BAW3WR3_chipid1970.tiff,EASTERN DRY
WWLP66917C_chipid7317.tiff,NORTH EAST DRY
XKSQ5DCVM8_chipid3297.tiff,COASTAL
6ABPXFXBGF_chipid1977.tiff,EASTERN DRY
3TRKOKX54W_chipid3530.tiff,COASTAL
VHQH2DK8NT_chipid7177.tiff,CENTRAL DRY
RZAW2AELKH_chipid2298.tiff,SOUTHERN TRANSITION
3KI1QF79VD_chipid5843.tiff,NORTHERN DRY
JK96Y4TPQG_chipid773.tiff,EASTERN DRY
0MJA010UUS_chipid3476.tiff,COASTAL
Z76TGDIBNC_chipid4629.tiff,NORTH EAST DRY
Q6SMP1F7L3_chipid2117.tiff,EASTERN DRY
9IQOQGDI5L_chipid623.tiff,EASTERN DRY
7K9ZTFFV36_chipid5139.tiff,NORTH EAST DRY
E1DIYMZ71R_chipid5002.tiff,HILL
8NRKFXX4YY_chipid3317.tiff,COASTAL
9I43X07CBI_chipid6797.tiff,NORTHERN DRY
WQ43S6NSZ2_chipid4149.tiff,CENTRAL DRY
2E5N3XMYIE_chipid1755.tiff,CENTRAL DRY
XF4KDFML34_chipid1811.tiff,CENTRAL DRY
NP74PJ0QT7_chipid2588.tiff,SOUTHERN TRANSITION
IO2VFH2YP8_chipid6219.tiff,SOUTHERN DRY
FDLTY5WJUS_chipid7033.tiff,NORTH EAST DRY
SGIB5UBAZX_chipid3904.tiff,CENTRAL DRY
87U2CU819I_chipid3898.tiff,CENTRAL DRY
7NU9OWCXW3_chipid6456.tiff,SOUTHERN DRY
UFTS452XKZ_chipid3400.tiff,COASTAL
CTS68TXKSL_chipid5389.tiff,SOUTHERN TRANSITION
MSN5BFCMKD_chipid332.tiff,SOUTHERN DRY
EJVB5L9P85_chipid2066.tiff,EASTERN DRY
QTLWKG6JQU_chipid5649.tiff,NORTHERN DRY
Q82QVE0AP1_chipid4455.tiff,NORTH EAST DRY
HIQ2W5NK9B_chipid3552.tiff,COASTAL
RICDKC8IOR_chipid6492.tiff,NORTH EAST DRY
3Y9GYL6M9B_chipid3854.tiff,UNKNOWN
S0GAAMW53H_chipid6404.tiff,COASTAL
UOYBBQ8C7I_chipid1683.tiff,UNKNOWN
RDVJZBL8OC_chipid2234.tiff,EASTERN DRY
E4CCNUTPAT_chipid3422.tiff,CENTRAL DRY
TE1SHKF9YL_chipid6826.tiff,SOUTHERN TRANSITION
3GQWXVW3BY_chipid2557.tiff,CENTRAL DRY
PYOT7GUGFW_chipid4429.tiff,NORTH EAST DRY
RUMLB776TC_chipid2426.tiff,EASTERN DRY
6NXC4JXIXL_chipid4200.tiff,SOUTHERN TRANSITION
5HXJ4SDBPT_chipid5315.tiff,NORTH EAST DRY
L20NUGF60L_chipid5162.tiff,NORTH EAST DRY
KSDPNAFXYJ_chipid1050.tiff,EASTERN DRY
TLK00ZSFGZ_chipid3267.tiff,CENTRAL DRY
UOG8IVR2DC_chipid37.tiff,SOUTHERN TRANSITION
Z6B8E7ML7T_chipid4009.tiff,SOUTHERN TRANSITION
AUDMPWAX4F_chipid3553.tiff,COASTAL
7BS8KU71WZ_chipid616.tiff,EASTERN DRY
3ELHDDYEMP_chipid5742.tiff,NORTHERN DRY
K52BWGKXJF_chipid6357.tiff,NORTH EAST DRY
7BJ66Q4Y5J_chipid6894.tiff,SOUTHERN TRANSITION
DS6JACCD6A_chipid4843.tiff,COASTAL
T9RSPE1X7L_chipid4341.tiff,NORTH EAST DRY
DVVE9Y2BMI_chipid1858.tiff,CENTRAL DRY
OF2FHXSWLN_chipid6888.tiff,SOUTHERN TRANSITION
HICF9UWH81_chipid2566.tiff,UNKNOWN
YATORLTQNQ_chipid1756.tiff,CENTRAL DRY
8QRU6RI46R_chipid5338.tiff,NORTH EAST DRY
2AAFI452MF_chipid5048.tiff,NORTH EAST DRY
0K36Z9DYLY_chipid386.tiff,SOUTHERN TRANSITION
U87YXCHC07_chipid2945.tiff,CENTRAL DRY
7BTCNHZQNZ_chipid1918.tiff,EASTERN DRY
5HT7TGZE4V_chipid4039.tiff,SOUTHERN DRY
FCY5JOO0ES_chipid1405.tiff,CENTRAL DRY
I3X9HSEIBQ_chipid5697.tiff,NORTHERN DRY
D2SP3G8F9D_chipid939.tiff,EASTERN DRY
Y7B3RBSV9D_chipid7949.tiff,WESTERN TRANSITION
5KWRLWVDZY_chipid5560.tiff,SOUTHERN TRANSITION
ZQC5KNN7HU_chipid4605.tiff,NORTH EAST DRY
TKA1XAAP6Q_chipid370.tiff,SOUTHERN TRANSITION
F3HY6KXR9R_chipid2629.tiff,SOUTHERN TRANSITION
GPVFU50ZKO_chipid5665.tiff,NORTHERN DRY
LTAJ9JU9VK_chipid5664.tiff,NORTHERN DRY
QTPKK4CLDQ_chipid5913.tiff,NORTHERN DRY
K5EJU8E13H_chipid1395.tiff,CENTRAL DRY
OVG84QEW12_chipid4991.tiff,HILL
SFPGLFTO65_chipid2195.tiff,EASTERN DRY
VNOX1CHRYF_chipid97.tiff,SOUTHERN TRANSITION
PU2IBASL27_chipid695.tiff,EASTERN DRY
0G53R7GT0G_chipid6751.tiff,CENTRAL DRY
RSX95UFIY6_chipid5508.tiff,SOUTHERN TRANSITION
42SFKE051H_chipid8060.tiff,NORTH EAST DRY
RDW2PT1PA1_chipid7668.tiff,CENTRAL DRY
3M07OME5YC_chipid7297.tiff,NORTH EAST DRY
DDSL5HRPGG_chipid2786.tiff,SOUTHERN TRANSITION
5CESCEU5OG_chipid5219.tiff,NORTH EAST DRY
3KNA174RMF_chipid6198.tiff,COASTAL
A43P20M0MH_chipid6501.tiff,NORTH EAST DRY
3ZNBFJQ176_chipid1645.tiff,WESTERN TRANSITION
27PTWX5R2L_chipid7643.tiff,CENTRAL DRY
UAJW5SVYPA_chipid630.tiff,EASTERN DRY
7QBG14295R_chipid6515.tiff,NORTH EAST DRY
WUGM7Y5KJ0_chipid2614.tiff,SOUTHERN TRANSITION
6JU414275H_chipid6931.tiff,SOUTHERN TRANSITION
OFW6FE5O3E_chipid3897.tiff,CENTRAL DRY
TASO4Y899I_chipid3086.tiff,CENTRAL DRY
6KK6VMPC9E_chipid5603.tiff,SOUTHERN TRANSITION
FF42PBBXN8_chipid4177.tiff,CENTRAL DRY
4QIHLLR23L_chipid3271.tiff,CENTRAL DRY
I991TM8MNZ_chipid4209.tiff,SOUTHERN TRANSITION
ZXI6H2TS2R_chipid7172.tiff,CENTRAL DRY
C7610RL8DG_chipid7484.tiff,CENTRAL DRY
27LESLMRW7_chipid5104.tiff,NORTH EAST DRY
LPXOPDCFLZ_chipid3711.tiff,WESTERN TRANSITION
D0FH9WOWKX_chipid5440.tiff,SOUTHERN TRANSITION
CRHK0QB58S_chipid4948.tiff,COASTAL
FG9JAZFNPV_chipid5404.tiff,SOUTHERN TRANSITION
87VSQ4B7G5_chipid6593.tiff,UNKNOWN
M75KQ3HAN4_chipid1760.tiff,CENTRAL DRY
JXKLKI5P0V_chipid1307.tiff,CENTRAL DRY
4CY3FCWXFN_chipid654.tiff,EASTERN DRY
G91PHKWE3Z_chipid7743.tiff,COASTAL
TUJBDT0OKZ_chipid3069.tiff,CENTRAL DRY
DW21SZREMO_chipid4808.tiff,COASTAL
RMZ8JMFICK_chipid4859.tiff,COASTAL
8MQ1C8O5OK_chipid5445.tiff,SOUTHERN TRANSITION
81NJ5OFHF2_chipid3441.tiff,COASTAL
MVC3NPXKSO_chipid804.tiff,EASTERN DRY
DHNK4O8C0H_chipid6222.tiff,SOUTHERN DRY
IV3KBODR7C_chipid5672.tiff,NORTHERN DRY
CJJIC678ZB_chipid4293.tiff,SOUTHERN TRANSITION
1CK9IYYCJE_chipid4237.tiff,SOUTHERN TRANSITION
HMGQQUZ1ZD_chipid6874.tiff,SOUTHERN TRANSITION
4QOTTYOF1I_chipid2524.tiff,WESTERN TRANSITION
Q87NIVELS1_chipid7276.tiff,NORTHERN DRY
50CJNNBDR1_chipid615.tiff,EASTERN DRY
LAFSBBS816_chipid5244.tiff,NORTH EAST DRY
CS07SBYINE_chipid3944.tiff,CENTRAL DRY
JSEF9MKS24_chipid6113.tiff,HILL
SQ1QJK2A63_chipid7141.tiff,COASTAL
17U6K9GWBX_chipid2841.tiff,SOUTHERN DRY
D83EE00C1M_chipid6720.tiff,UNKNOWN
PKJZSXH1BP_chipid1119.tiff,CENTRAL DRY
WAEV1DF7II_chipid7245.tiff,NORTHERN DRY
HO7XNUNYMK_chipid7233.tiff,UNKNOWN
QGN0GG6A2W_chipid1746.tiff,CENTRAL DRY
JV9HYJ036V_chipid6756.tiff,UNKNOWN
270UEJXD9Z_chipid1992.tiff,EASTERN DRY
B1ZUKIJEQQ_chipid5475.tiff,COASTAL
WA9W6VBXMO_chipid7679.tiff,COASTAL
CSQUGI685W_chipid3251.tiff,COASTAL
VCYZKGQHRS_chipid3020.tiff,EASTERN DRY
V7XD9ER4MB_chipid1291.tiff,CENTRAL DRY
HREMH2CYFW_chipid7371.tiff,SOUTHERN TRANSITION
LJ410TS0YP_chipid7042.tiff,NORTHERN DRY
F5HVFCHCVL_chipid5441.tiff,SOUTHERN TRANSITION
5701NS37OT_chipid4302.tiff,NORTH EAST DRY
G6X04PFRNS_chipid7403.tiff,SOUTHERN TRANSITION
SKIE4CGR1F_chipid6823.tiff,SOUTHERN TRANSITION
DE2CQX0K3M_chipid1450.tiff,CENTRAL DRY
LTH5KS9CF5_chipid3576.tiff,COASTAL
HZ0LOC7Y82_chipid1079.tiff,EASTERN DRY
70NJNDJNTY_chipid6932.tiff,SOUTHERN TRANSITION
2UKG6R8VJY_chipid6847.tiff,UNKNOWN
1FK0U9ZJD4_chipid2272.tiff,SOUTHERN TRANSITION
FM6RWUDKWT_chipid904.tiff,EASTERN DRY
UI82TGCMOS_chipid7376.tiff,SOUTHERN TRANSITION
41CH0GGHL1_chipid5171.tiff,NORTH EAST DRY
AT7J0EM8V8_chipid6213.tiff,SOUTHERN DRY
UBOG4LR270_chipid2887.tiff,CENTRAL DRY
59VZYI2UAA_chipid5947.tiff,NORTHERN DRY
BSEXMBOIV6_chipid385.tiff,SOUTHERN TRANSITION
4YXLGAKQIK_chipid6813.tiff,NORTHERN DRY
031MGFP1VJ_chipid5420.tiff,SOUTHERN TRANSITION
QPG69ROZH8_chipid3672.tiff,WESTERN TRANSITION
4GOO3AVJ3R_chipid272.tiff,SOUTHERN DRY
R1D4BOICLO_chipid6542.tiff,CENTRAL DRY
ZLD3A7OQZH_chipid6309.tiff,NORTH EAST DRY
RHLY3CB4AQ_chipid1186.tiff,CENTRAL DRY
RTHUWECVRQ_chipid7646.tiff,UNKNOWN
JR63IR2Y3S_chipid567.tiff,SOUTHERN DRY
5MVAECAYKD_chipid3913.tiff,UNKNOWN
JNENN1J4L6_chipid7814.tiff,COASTAL
X5X2QQV6VA_chipid3023.tiff,EASTERN DRY
SCA62Z1JYN_chipid3123.tiff,CENTRAL DRY
U8DABJZ4EN_chipid4097.tiff,CENTRAL DRY
YEDX1IMGFU_chipid5177.tiff,NORTH EAST DRY
33MZ33MIFI_chipid526.tiff,SOUTHERN DRY
CU6JXCZLPP_chipid1623.tiff,WESTERN TRANSITION
J9IRMTJ4L2_chipid4170.tiff,CENTRAL DRY
WS0Y9SZC37_chipid515.tiff,EASTERN DRY
NCJ0YWKFJ6_chipid7362.tiff,SOUTHERN TRANSITION
0TT4BD870W_chipid1664.tiff,NORTH EAST DRY
FXMDSWXKWZ_chipid486.tiff,UNKNOWN
AMDP6TPO22_chipid2284.tiff,SOUTHERN TRANSITION
1S5IZOS29B_chipid6422.tiff,COASTAL
2UWXZ0DQSZ_chipid3518.tiff,COASTAL
VST7B33C54_chipid6721.tiff,UNKNOWN
60Z22RRW2W_chipid1761.tiff,CENTRAL DRY
AXIMFHJVW0_chipid7783.tiff,UNKNOWN
6Q6EBHH0Q6_chipid202.tiff,SOUTHERN TRANSITION
2HD0OW647G_chipid7436.tiff,SOUTHERN TRANSITION
E11H8TGE92_chipid2735.tiff,SOUTHERN TRANSITION
XHHYFYOSC0_chipid5546.tiff,SOUTHERN TRANSITION
XZM3EVHZZJ_chipid1698.tiff,NORTH EAST DRY
FDFWXWDISQ_chipid2603.tiff,SOUTHERN TRANSITION
3MIX6D339H_chipid1700.tiff,NORTH EAST DRY
ISIJ43OWGH_chipid653.tiff,EASTERN DRY
RA5IVCCCA5_chipid6980.tiff,EASTERN DRY
NFTRFM9DH8_chipid5989.tiff,NORTH EAST DRY
UHHMGUEOSS_chipid6426.tiff,COASTAL
01GLBQOCZX_chipid3815.tiff,UNKNOWN
G2R2WMB1TV_chipid201.tiff,SOUTHERN TRANSITION
3QX09CVD20_chipid4318.tiff,NORTH EAST DRY
MC1BG3GAZQ_chipid5373.tiff,SOUTHERN TRANSITION
NZ0KXO1233_chipid6827.tiff,SOUTHERN TRANSITION
SKYU5IU1J5_chipid7806.tiff,COASTAL
NREUO5IK6R_chipid5363.tiff,SOUTHERN TRANSITION
UBBAHRR1HM_chipid7447.tiff,CENTRAL DRY
WGJB2NW05J_chipid6680.tiff,CENTRAL DRY
YVMTPP8Z32_chipid6748.tiff,UNKNOWN
5NRYGMBMDT_chipid4232.tiff,SOUTHERN TRANSITION
FT8UIR6ZO2_chipid5807.tiff,NORTHERN DRY
5EIIEHMEUN_chipid6314.tiff,NORTH EAST DRY
DDZP4QP23R_chipid1812.tiff,CENTRAL DRY
GA5FAA6O3H_chipid79.tiff,SOUTHERN TRANSITION
NWOXX3433P_chipid3143.tiff,CENTRAL DRY
HA23DLMH8M_chipid2871.tiff,CENTRAL DRY
22THXFCDRE_chipid4114.tiff,CENTRAL DRY
WC3KKT2B6W_chipid5897.tiff,NORTHERN DRY
2PT6IYH0DU_chipid4031.tiff,SOUTHERN DRY
86SYE26PO7_chipid4732.tiff,NORTH EAST DRY
NP4RLD75LY_chipid2800.tiff,SOUTHERN DRY
Y74V8T4FNT_chipid7708.tiff,COASTAL
EDO6695ENJ_chipid5802.tiff,NORTHERN DRY
6GYATELC1V_chipid1176.tiff,CENTRAL DRY
15W0DVCP95_chipid7512.tiff,NORTHERN DRY
X1MJIZRPUE_chipid6637.tiff,CENTRAL DRY
37ULWBFGLP_chipid7839.tiff,COASTAL
EVEYWUQ5CV_chipid1881.tiff,CENTRAL DRY
0D6CQEP481_chipid3992.tiff,UNKNOWN
NTUTVUM0HL_chipid3367.tiff,COASTAL
OUZHJCF519_chipid485.tiff,EASTERN DRY
3HVTVH2BSL_chipid2405.tiff,SOUTHERN TRANSITION
8ZVQ9ZNTLZ_chipid7694.tiff,COASTAL
9ZZ9UBURS7_chipid1451.tiff,CENTRAL DRY
CRJ3CZLS1A_chipid3294.tiff,COASTAL
7P3I7Y4SPL_chipid2469.tiff,EASTERN DRY
OZAXTEJDXB_chipid5185.tiff,UNKNOWN
V18AO8D0V0_chipid757.tiff,EASTERN DRY
0J73B9XN9A_chipid6604.tiff,CENTRAL DRY
03VZU1X9C2_chipid5429.tiff,SOUTHERN TRANSITION
1AYWUJSK1F_chipid2539.tiff,UNKNOWN
DG1L3IAF2R_chipid5427.tiff,SOUTHERN TRANSITION
MJ7HXTOQZC_chipid6321.tiff,NORTH EAST DRY
CTWRSRD6E4_chipid8093.tiff,NORTH EAST DRY
V4M2UQIS2B_chipid1378.tiff,CENTRAL DRY
N4BQZP8QVN_chipid6196.tiff,COASTAL
YTX4MKJMM8_chipid2219.tiff,EASTERN DRY
0OGPVSLRHC_chipid580.tiff,EASTERN DRY
1KA2PCDVSG_chipid1605.tiff,CENTRAL DRY
ZGHJ73EUOU_chipid6447.tiff,SOUTHERN DRY
H5P52W1KPQ_chipid7063.tiff,NORTHERN DRY
Q2ZD1F7SL6_chipid241.tiff,SOUTHERN TRANSITION
T23OVOX05P_chipid2765.tiff,SOUTHERN TRANSITION
FJMXRYTNW8_chipid4110.tiff,CENTRAL DRY
376RKCPJM4_chipid3061.tiff,CENTRAL DRY
0ZNYVBOCUQ_chipid1778.tiff,CENTRAL DRY
UMH1DCIH2U_chipid8084.tiff,NORTH EAST DRY
3MMPUP506T_chipid4776.tiff,NORTH EAST DRY
UAQS0DACKA_chipid2227.tiff,EASTERN DRY
0ZXZY1MAP7_chipid7843.tiff,COASTAL
LCQ6G0U82S_chipid5717.tiff,NORTHERN DRY
48HYVY60NC_chipid6579.tiff,CENTRAL DRY
7FSP3I819L_chipid6489.tiff,NORTH EAST DRY
OCDHHWYYJ5_chipid4046.tiff,SOUTHERN DRY
9B8H4D77LK_chipid5889.tiff,NORTHERN DRY
URFQ8MHRQF_chipid609.tiff,EASTERN DRY
95SH1N7XR1_chipid1383.tiff,CENTRAL DRY
XOCRE19Z5V_chipid4807.tiff,COASTAL
YHRG45UCT5_chipid131.tiff,SOUTHERN TRANSITION
J7YS0D23PB_chipid2577.tiff,SOUTHERN TRANSITION
JYGWS20Y9Y_chipid7434.tiff,SOUTHERN TRANSITION
J9ZXO94YKI_chipid7414.tiff,SOUTHERN TRANSITION
M2SEKSHO02_chipid3503.tiff,COASTAL
1AOCGPW23S_chipid7135.tiff,COASTAL
R8V2Q9Y06Q_chipid2622.tiff,SOUTHERN TRANSITION
IBZU4FJO1H_chipid310.tiff,SOUTHERN DRY
IQP6RHIEHT_chipid1041.tiff,EASTERN DRY
B75RM0B9RR_chipid3833.tiff,CENTRAL DRY
69V3700MAV_chipid3455.tiff,COASTAL
1N6OXRT91L_chipid6238.tiff,SOUTHERN DRY
7LW391YECF_chipid5814.tiff,NORTHERN DRY
QE0JF2XWJQ_chipid2254.tiff,EASTERN DRY
BTSSON4RJZ_chipid6047.tiff,HILL
HN7SKC9ODK_chipid3671.tiff,WESTERN TRANSITION
NBIM4W9LEB_chipid1866.tiff,CENTRAL DRY
8VEFKM51ZT_chipid3845.tiff,CENTRAL DRY
M9I98DF48R_chipid7662.tiff,CENTRAL DRY
4CH51VY6UI_chipid3477.tiff,COASTAL
H7ZPLT9GEQ_chipid6124.tiff,HILL
K1AQGQ7H4Y_chipid8044.tiff,NORTH EAST DRY
KZAMS5OJ43_chipid4664.tiff,NORTH EAST DRY
4G5AM5TI38_chipid5824.tiff,NORTHERN DRY
YQMVYXF339_chipid4270.tiff,UNKNOWN
LK3EFJU9J2_chipid2353.tiff,CENTRAL DRY
US6AN139AI_chipid5309.tiff,NORTH EAST DRY
9OK7PIAUVD_chipid1634.tiff,WESTERN TRANSITION
R8VFV0JT81_chipid6859.tiff,UNKNOWN
V8OPYJ1591_chipid353.tiff,SOUTHERN TRANSITION
IAVCH69UZE_chipid5609.tiff,SOUTHERN TRANSITION
2JHBH9YT0J_chipid5433.tiff,SOUTHERN TRANSITION
B1Y7KCCJKY_chipid3820.tiff,WESTERN TRANSITION
NF3T3V8FAO_chipid7994.tiff,COASTAL
J3QVK7BOJJ_chipid3978.tiff,UNKNOWN
5EIT30BHJL_chipid4464.tiff,NORTH EAST DRY
DV1V8VR7TM_chipid1916.tiff,EASTERN DRY
SGLG3UE66F_chipid823.tiff,EASTERN DRY
37XXG25DGY_chipid7303.tiff,NORTH EAST DRY
BD9W32GUKP_chipid5099.tiff,NORTH EAST DRY
C24HLLR6BS_chipid3397.tiff,COASTAL
BWT8DRYOJF_chipid189.tiff,SOUTHERN TRANSITION
7J3YV5266P_chipid1444.tiff,CENTRAL DRY
0LJZUG99K5_chipid7845.tiff,NORTHERN DRY
H2A9OSGV8G_chipid7582.tiff,NORTH EAST DRY
I31XWIVZ07_chipid924.tiff,EASTERN DRY
YA7JMFODII_chipid6749.tiff,UNKNOWN
K6MW6Q5BJJ_chipid7370.tiff,SOUTHERN TRANSITION
HNWS2DNRVW_chipid6380.tiff,COASTAL
U2D3P55WAV_chipid7966.tiff,UNKNOWN
IP528F1581_chipid4490.tiff,NORTH EAST DRY
EP8TE88FJI_chipid2205.tiff,EASTERN DRY
PS657VF6CI_chipid3510.tiff,COASTAL
FKBCQDFO96_chipid3468.tiff,COASTAL
6ONRKFN45N_chipid3917.tiff,UNKNOWN
HZLEGNLNF5_chipid2666.tiff,EASTERN DRY
UZ7OH2V0VP_chipid1954.tiff,EASTERN DRY
OWBS3QJUF2_chipid1212.tiff,CENTRAL DRY
YRSWMTDUD8_chipid4357.tiff,NORTH EAST DRY
D93A2R5J3A_chipid7130.tiff,COASTAL
8OTI2AD3LT_chipid565.tiff,SOUTHERN DRY
779ECG79NM_chipid3890.tiff,CENTRAL DRY
ZOPAR0TDC9_chipid2470.tiff,EASTERN DRY
IBH7XLHQTB_chipid6294.tiff,NORTH EAST DRY
ULGU4JTRRQ_chipid2191.tiff,EASTERN DRY
1HR3EXZ98X_chipid6094.tiff,HILL
TYUTFW9KGR_chipid3334.tiff,COASTAL
AXSQRSI7CS_chipid1859.tiff,CENTRAL DRY
U4HX0V8S6A_chipid7537.tiff,NORTHERN DRY
ML2I2R6YQD_chipid7037.tiff,NORTH EAST DRY
6I4U7G2ZRC_chipid511.tiff,UNKNOWN
CF2YD09IKI_chipid5504.tiff,SOUTHERN TRANSITION
CPQU4KFTM9_chipid2130.tiff,EASTERN DRY
Q1ETXBF8TF_chipid6395.tiff,COASTAL
IF09N3HZIT_chipid3596.tiff,COASTAL
7QV2EB9LC6_chipid4128.tiff,CENTRAL DRY
17GRE0D725_chipid7948.tiff,WESTERN TRANSITION
S37D7X721Q_chipid2410.tiff,SOUTHERN TRANSITION
O0TY711AQF_chipid5067.tiff,NORTH EAST DRY
830ZC8MPRA_chipid6659.tiff,CENTRAL DRY
OI67ZI3Q9N_chipid2839.tiff,SOUTHERN DRY
JLM3RGGUCR_chipid2640.tiff,EASTERN DRY
6DRCUHHYC2_chipid4590.tiff,NORTH EAST DRY
9V6PKR81PA_chipid8102.tiff,NORTH EAST DRY
F6ZM87H41O_chipid2156.tiff,EASTERN DRY
WINYWO5EDG_chipid6972.tiff,EASTERN DRY
15MM4ALH2K_chipid2261.tiff,SOUTHERN TRANSITION
DDWM5E86SQ_chipid4227.tiff,SOUTHERN TRANSITION
J7QX9Y8Q2H_chipid6041.tiff,SOUTHERN DRY
ZIIJ8QJKVT_chipid731.tiff,EASTERN DRY
234IQJULQA_chipid2491.tiff,EASTERN DRY
6JA2VLP9YN_chipid4969.tiff,HILL
H9NABD6MWI_chipid3618.tiff,WESTERN TRANSITION
ZT520NJUQ5_chipid912.tiff,EASTERN DRY
5FI6OKHEB0_chipid5143.tiff,NORTH EAST DRY
3ZT7ZNQI7Q_chipid5088.tiff,NORTH EAST DRY
F9KIGZ4ACN_chipid5491.tiff,COASTAL
0C3OC3P7Y5_chipid1117.tiff,CENTRAL DRY
Z0DO4RGAKG_chipid7999.tiff,COASTAL
OSWL33KLU5_chipid2192.tiff,EASTERN DRY
TWA52H98H8_chipid2389.tiff,SOUTHERN TRANSITION
M7M271Q542_chipid3122.tiff,CENTRAL DRY
ER8ZVXOABT_chipid3828.tiff,CENTRAL DRY
IAI9NVZIPM_chipid4536.tiff,NORTH EAST DRY
1KNBBVW56D_chipid3407.tiff,CENTRAL DRY
Z7NPS4PSFT_chipid7956.tiff,WESTERN TRANSITION
RJCY50NLMJ_chipid4630.tiff,NORTH EAST DRY
9J6Y105X0V_chipid7750.tiff,COASTAL
FNF7UABIV4_chipid883.tiff,EASTERN DRY
DA9T98BHB3_chipid1154.tiff,CENTRAL DRY
V6ZFMNQT9K_chipid3481.tiff,COASTAL
RZLV2ZV5QP_chipid501.tiff,UNKNOWN
M9OPJM53QN_chipid4187.tiff,CENTRAL DRY
Q0ZGW8YRLF_chipid2595.tiff,SOUTHERN TRANSITION
9E3WUQ282Z_chipid4920.tiff,COASTAL
ERSKNXWK7D_chipid1103.tiff,EASTERN DRY
HMOKEWOSJR_chipid4248.tiff,SOUTHERN TRANSITION
TE2JPX9BI4_chipid1372.tiff,CENTRAL DRY
38O90YE9YC_chipid891.tiff,EASTERN DRY
ZGAISYR259_chipid1942.tiff,EASTERN DRY
NMSBWNFS28_chipid6022.tiff,UNKNOWN
SFZ7T1NMHF_chipid4874.tiff,COASTAL
KWC4NRF1LB_chipid6727.tiff,CENTRAL DRY
2REEI2CRYW_chipid7368.tiff,SOUTHERN TRANSITION
PEQQMRF7NO_chipid587.tiff,EASTERN DRY
E5E7W3RXY5_chipid7521.tiff,NORTHERN DRY
V3BRZSCJAT_chipid7698.tiff,COASTAL
Z2QPY8V3LF_chipid57.tiff,SOUTHERN TRANSITION
EUSVVFGUWS_chipid2163.tiff,EASTERN DRY
P49MM7FIG9_chipid3779.tiff,UNKNOWN
KHGJBE21U4_chipid7499.tiff,NORTHERN DRY
ZD0CFZE9W3_chipid7222.tiff,COASTAL
TOXUBPG043_chipid2054.tiff,EASTERN DRY
KKM3YKTWQ8_chipid1929.tiff,EASTERN DRY
L826JFX0M1_chipid4174.tiff,CENTRAL DRY
ZMEX17CFO7_chipid355.tiff,SOUTHERN TRANSITION
36Q851272A_chipid2830.tiff,SOUTHERN DRY
JISZWZ0C8A_chipid4438.tiff,NORTH EAST DRY
GYW9G22WG3_chipid6521.tiff,NORTH EAST DRY
HQQHEK3PU4_chipid983.tiff,EASTERN DRY
WUG0IMQVHZ_chipid5990.tiff,NORTH EAST DRY
3P67QTJOPR_chipid1693.tiff,NORTH EAST DRY
ZO3YI93ZUF_chipid6687.tiff,CENTRAL DRY
GPWV8QQT6N_chipid7920.tiff,NORTHERN DRY
L61VZCP2OI_chipid7150.tiff,COASTAL
U3DI44ACMI_chipid5042.tiff,NORTH EAST DRY
77L8ZBF40N_chipid5776.tiff,NORTHERN DRY
0F8T6EF7TC_chipid7671.tiff,CENTRAL DRY
4SA3Z2XY9Q_chipid5681.tiff,NORTHERN DRY
2EKHNOEJ7W_chipid5927.tiff,NORTHERN DRY
FPF35W1I1R_chipid7881.tiff,NORTHERN DRY
OD7WHHDXG1_chipid2287.tiff,SOUTHERN TRANSITION
PTM9KRG7LH_chipid1143.tiff,CENTRAL DRY
E22ECK02CB_chipid2900.tiff,CENTRAL DRY
8HBDP9DK8K_chipid7756.tiff,UNKNOWN
NTJQXX5L4X_chipid7831.tiff,COASTAL
GTIGU05S2Z_chipid1733.tiff,CENTRAL DRY
SAB0B9ILP9_chipid2903.tiff,CENTRAL DRY
Y4I83SRL9T_chipid4959.tiff,COASTAL
98S44UYSQ5_chipid5600.tiff,SOUTHERN TRANSITION
4UQ7I8RDW3_chipid4360.tiff,NORTH EAST DRY
IX7ZF07OVD_chipid4172.tiff,CENTRAL DRY
Q9FE0S5LTI_chipid4890.tiff,COASTAL
OJ6HNR1YCM_chipid6412.tiff,COASTAL
RTWSZIXHYS_chipid3772.tiff,WESTERN TRANSITION
MKNVBQ84FZ_chipid6810.tiff,NORTHERN DRY
SG9EGSY93N_chipid1385.tiff,CENTRAL DRY
1WNQSWT3TK_chipid3322.tiff,COASTAL
WY784STYAV_chipid1140.tiff,CENTRAL DRY
VGKD30TLWS_chipid7952.tiff,UNKNOWN
G52DGXE6PB_chipid6969.tiff,EASTERN DRY
XVK07V2AH5_chipid1853.tiff,CENTRAL DRY
P57O4ZJMSL_chipid589.tiff,EASTERN DRY
1XK4U26RJS_chipid2064.tiff,EASTERN DRY
Q12OA1HE2R_chipid5744.tiff,NORTHERN DRY
TRIUMFDPJQ_chipid7921.tiff,NORTHERN DRY
5U4E9B8XT8_chipid7039.tiff,NORTH EAST DRY
2Y12KZPLW5_chipid4489.tiff,NORTH EAST DRY
3EFS4QNTY5_chipid2568.tiff,CENTRAL DRY
T1JUV8UM7A_chipid3561.tiff,COASTAL
W9ZAS4760H_chipid4195.tiff,SOUTHERN TRANSITION
8EHPYQ76KA_chipid5203.tiff,NORTH EAST DRY
WC2EF2EPWR_chipid7926.tiff,NORTHERN DRY
2606OXN666_chipid380.tiff,SOUTHERN TRANSITION
3YG1IKA4EA_chipid1095.tiff,EASTERN DRY
5KESDA7I49_chipid3500.tiff,COASTAL
4F0EOW90RH_chipid4686.tiff,NORTH EAST DRY
HGOL7NSWYJ_chipid6431.tiff,COASTAL
9F1KRTHKUO_chipid5663.tiff,NORTHERN DRY
OKYGBAV9PX_chipid2981.tiff,CENTRAL DRY
99586P7ZD1_chipid8051.tiff,NORTH EAST DRY
IJ2N7S1EFR_chipid1608.tiff,CENTRAL DRY
RWS6DIYCZ4_chipid5268.tiff,NORTH EAST DRY
AR7IIJMG4G_chipid2809.tiff,SOUTHERN DRY
0JYA4349R6_chipid5612.tiff,SOUTHERN TRANSITION
Y09LDIT6B2_chipid1364.tiff,CENTRAL DRY
ORE4QM6O80_chipid1224.tiff,CENTRAL DRY
E2T4IG3AJT_chipid1273.tiff,CENTRAL DRY
NC9BY92YP4_chipid4379.tiff,NORTH EAST DRY
ZG2GRU9592_chipid7798.tiff,COASTAL
4XC0O32TSX_chipid8077.tiff,NORTH EAST DRY
Q3BS3T26C1_chipid461.tiff,SOUTHERN DRY
VT6FM8O992_chipid1632.tiff,WESTERN TRANSITION
OTO0A1RO0U_chipid2257.tiff,SOUTHERN TRANSITION
6A2W463TJ6_chipid2325.tiff,CENTRAL DRY
XBLWZ45IJJ_chipid6713.tiff,CENTRAL DRY
LVBT96EMEG_chipid7480.tiff,CENTRAL DRY
AXL2K59AF5_chipid4218.tiff,SOUTHERN TRANSITION
DXON1M20VR_chipid5260.tiff,NORTH EAST DRY
101SOA3ZJE_chipid1172.tiff,CENTRAL DRY
Q7UDWE4JAI_chipid6611.tiff,CENTRAL DRY
85CJO7UBXE_chipid7563.tiff,HILL
GFJFOZXUI9_chipid3508.tiff,COASTAL
Z77JG7SY6V_chipid8072.tiff,NORTH EAST DRY
FE1V53S6MJ_chipid993.tiff,EASTERN DRY
RAQKOBTCBA_chipid4968.tiff,HILL
KAXG4PCTQR_chipid6344.tiff,NORTH EAST DRY
KC7W147G2R_chipid6570.tiff,CENTRAL DRY
BDCUT9AVK8_chipid5559.tiff,SOUTHERN TRANSITION
N08Z9KSX8Q_chipid1679.tiff,UNKNOWN
DOLRXZ6O07_chipid3539.tiff,COASTAL
PB3DUQ21LT_chipid5952.tiff,NORTH EAST DRY
N3DCBBIJON_chipid7758.tiff,NORTH EAST DRY
JLX71UAE88_chipid1400.tiff,CENTRAL DRY
DHFVEM14RT_chipid7440.tiff,SOUTHERN TRANSITION
0JUW78CAES_chipid2725.tiff,CENTRAL DRY
E4T2WEKJHM_chipid28.tiff,SOUTHERN TRANSITION
5702LVS8TC_chipid3135.tiff,CENTRAL DRY
4BCRC9K0MA_chipid3257.tiff,CENTRAL DRY
ZJ8MBNUR1M_chipid7868.tiff,NORTHERN DRY
H86MH0IH7R_chipid5436.tiff,SOUTHERN TRANSITION
QH1MRCU3LD_chipid4405.tiff,NORTH EAST DRY
MENKERSRGJ_chipid5078.tiff,NORTH EAST DRY
H5I74LQQP5_chipid1165.tiff,CENTRAL DRY
RQHPUOT003_chipid4668.tiff,NORTH EAST DRY
L6BC9ZOFKS_chipid7655.tiff,CENTRAL DRY
UU4FIJCGBQ_chipid7256.tiff,NORTHERN DRY
G481DC0RZW_chipid7793.tiff,NORTH EAST DRY
NJVPL1F7WG_chipid191.tiff,SOUTHERN TRANSITION
5FUHBOFPST_chipid4095.tiff,CENTRAL DRY
6V7I3GW1G5_chipid2701.tiff,UNKNOWN
LST2PJI153_chipid2168.tiff,EASTERN DRY
WSITCZKBJC_chipid5201.tiff,NORTH EAST DRY
04W48AU5SB_chipid1561.tiff,CENTRAL DRY
UU3OY9TPAU_chipid7570.tiff,NORTH EAST DRY
74VSZXKWWC_chipid1428.tiff,CENTRAL DRY
47UYZM63RK_chipid1842.tiff,CENTRAL DRY
BYTPXUWU2B_chipid2362.tiff,SOUTHERN TRANSITION
806T1BXI8W_chipid602.tiff,EASTERN DRY
ZETNRJTU0B_chipid7877.tiff,NORTHERN DRY
310LUVCSQR_chipid4836.tiff,COASTAL
4HBB73NQAH_chipid3202.tiff,COASTAL
YZBMM25WV1_chipid7774.tiff,NORTH EAST DRY
3VPNNTZTTH_chipid6319.tiff,NORTH EAST DRY
AIJKHMTH3I_chipid155.tiff,SOUTHERN TRANSITION
0EWNBJD7SE_chipid3278.tiff,CENTRAL DRY
98NJOAJB6V_chipid1671.tiff,UNKNOWN
DHJAKKMMRU_chipid4800.tiff,COASTAL
DB0V4A92KI_chipid6590.tiff,CENTRAL DRY
X4CQRBSL9M_chipid7137.tiff,COASTAL
XGJXL79R22_chipid3821.tiff,WESTERN TRANSITION
N86A2V5T3V_chipid3942.tiff,UNKNOWN
5237L4TZ4S_chipid3650.tiff,WESTERN TRANSITION
KCYLAXCWGO_chipid6316.tiff,NORTH EAST DRY
2SHCRHBK77_chipid1643.tiff,WESTERN TRANSITION
GK78F55CFB_chipid2481.tiff,EASTERN DRY
R00SE3V466_chipid5856.tiff,NORTHERN DRY
88GFFOWQNQ_chipid4748.tiff,NORTH EAST DRY
4TQX5D4G7A_chipid6467.tiff,SOUTHERN DRY
PKYDOLTBIY_chipid6420.tiff,COASTAL
Z22OS6SP87_chipid5033.tiff,NORTH EAST DRY
7CK1HK2DR6_chipid5399.tiff,SOUTHERN TRANSITION
H453ZWYKRL_chipid7246.tiff,NORTHERN DRY
0LNMN74KXT_chipid4609.tiff,NORTH EAST DRY
3PFQULXCHB_chipid390.tiff,SOUTHERN TRANSITION
RL27D8PQDV_chipid1150.tiff,CENTRAL DRY
F1HIFDE6OQ_chipid6243.tiff,SOUTHERN DRY
6DVFIS35QA_chipid5714.tiff,NORTHERN DRY
6TZ50I1OLP_chipid6432.tiff,SOUTHERN DRY
KMPXYO2SFO_chipid2599.tiff,SOUTHERN TRANSITION
MADM5XEJCQ_chipid3681.tiff,WESTERN TRANSITION
GCQ9YUQRDE_chipid2891.tiff,CENTRAL DRY
OGU9J1W6CV_chipid2715.tiff,CENTRAL DRY
UKWD5AUGI1_chipid324.tiff,SOUTHERN DRY
D62X7344H7_chipid7020.tiff,UNKNOWN
G6LE774OQY_chipid1415.tiff,CENTRAL DRY
UHZSZ4AL1H_chipid3121.tiff,CENTRAL DRY
MZJPFMRBSA_chipid5109.tiff,NORTH EAST DRY
GANT7F38AC_chipid6454.tiff,SOUTHERN DRY
KC3QIEBI61_chipid2634.tiff,EASTERN DRY
AF57KH2LOR_chipid1885.tiff,CENTRAL DRY
PA6MSJDTVJ_chipid3822.tiff,WESTERN TRANSITION
NFXVMNNAFO_chipid29.tiff,SOUTHERN TRANSITION
A0B494G0ME_chipid4471.tiff,NORTH EAST DRY
PLKN9RVLJ2_chipid3588.tiff,COASTAL
JNNP84HQOA_chipid749.tiff,EASTERN DRY
AR0IFL51VY_chipid6998.tiff,EASTERN DRY
20LNEOC5II_chipid2415.tiff,EASTERN DRY
FZ0PXUCM2G_chipid314.tiff,SOUTHERN DRY
UYXAICBZP4_chipid2.tiff,SOUTHERN TRANSITION
7B2RKT2KUA_chipid5209.tiff,NORTH EAST DRY
S882Y7YWV9_chipid4016.tiff,SOUTHERN TRANSITION
4YPKNWQ280_chipid3489.tiff,COASTAL
4IXL3HFNHV_chipid5497.tiff,COASTAL
J31NOFD658_chipid838.tiff,EASTERN DRY
WZ024JV0BN_chipid1262.tiff,CENTRAL DRY
MSAUOWFUNN_chipid933.tiff,EASTERN DRY
7E6CVGZ83R_chipid3173.tiff,SOUTHERN DRY
F4YD1DJ988_chipid5995.tiff,UNKNOWN
H5MMSRLZMS_chipid1005.tiff,EASTERN DRY
ALH9AGQ5UB_chipid5004.tiff,HILL
1CZA0ADRMF_chipid7373.tiff,SOUTHERN TRANSITION
86GWHPEB4V_chipid4101.tiff,UNKNOWN
OQ9I3PQ63B_chipid4299.tiff,NORTH EAST DRY
E9XXXV9WU5_chipid4324.tiff,NORTH EAST DRY
U4PVNCVW8J_chipid1439.tiff,CENTRAL DRY
QIVG14QKFU_chipid4029.tiff,SOUTHERN DRY
7GRZD1PUA4_chipid6028.tiff,UNKNOWN
MYXX9XVDYD_chipid1763.tiff,CENTRAL DRY
SXE1KBKZOV_chipid7289.tiff,NORTH EAST DRY
AFYD65NWDE_chipid6055.tiff,HILL
UUZIIXDE9X_chipid1300.tiff,CENTRAL DRY
NI6BRPWCVJ_chipid4934.tiff,COASTAL
EOM9Y3YZIH_chipid766.tiff,EASTERN DRY
W91JRN81OJ_chipid6853.tiff,SOUTHERN TRANSITION
7ASOKR5Z8I_chipid2802.tiff,SOUTHERN DRY
2P4OLHFESO_chipid2140.tiff,EASTERN DRY
SWI2GK3V0W_chipid4984.tiff,HILL
IEGNBQBE56_chipid4070.tiff,SOUTHERN DRY
7JV44HEGWH_chipid4163.tiff,CENTRAL DRY
ROOK7017U7_chipid2564.tiff,NORTH EAST DRY
R09HDD0KK4_chipid7355.tiff,SOUTHERN TRANSITION
X8JP6NZQY2_chipid6376.tiff,COASTAL
R7MGEP0XGG_chipid826.tiff,EASTERN DRY
1OPJ9AR4HT_chipid558.tiff,SOUTHERN DRY
WL9QN8RS0J_chipid4143.tiff,CENTRAL DRY
EB7R8S5AEZ_chipid4906.tiff,COASTAL
C2FEFE370T_chipid1731.tiff,CENTRAL DRY
1SWUYQ885O_chipid4492.tiff,NORTH EAST DRY
RVLJBQNV7X_chipid4131.tiff,CENTRAL DRY
QR74CA5AP9_chipid5792.tiff,NORTHERN DRY
K448R1ZSTD_chipid3154.tiff,SOUTHERN DRY
YQPJDRKI5Q_chipid3918.tiff,UNKNOWN
QYXYUL564S_chipid6757.tiff,UNKNOWN
20YJPNT8J1_chipid1014.tiff,EASTERN DRY
9PET9Y2KD9_chipid4139.tiff,CENTRAL DRY
Z83UE6D56F_chipid354.tiff,SOUTHERN TRANSITION
2TTVA0YR0R_chipid6046.tiff,HILL
5U0HTUS6H6_chipid2762.tiff,SOUTHERN TRANSITION
CYB9TDT6PT_chipid6896.tiff,SOUTHERN TRANSITION
FF4Q4W3VB7_chipid4717.tiff,NORTH EAST DRY
I94J1GJ6RD_chipid2300.tiff,SOUTHERN TRANSITION
YWV7NVXUIO_chipid7856.tiff,NORTHERN DRY
PMBWU8PCFI_chipid7402.tiff,SOUTHERN TRANSITION
ELSBFVX2LW_chipid7681.tiff,COASTAL
05O5KJM5C2_chipid6484.tiff,NORTH EAST DRY
94AE9V1AQ5_chipid6058.tiff,HILL
CGVE31IKVA_chipid659.tiff,EASTERN DRY
QZRYG47UWO_chipid3686.tiff,WESTERN TRANSITION
D5BUH4LWYA_chipid1335.tiff,CENTRAL DRY
V0M8WN7FFT_chipid884.tiff,EASTERN DRY
EA6Z2LMHHX_chipid6941.tiff,SOUTHERN TRANSITION
GKMXYRA4QM_chipid6946.tiff,EASTERN DRY
1B11X3DU3L_chipid6383.tiff,COASTAL
RBYID7IRIF_chipid3695.tiff,WESTERN TRANSITION
C62TGQJ5HY_chipid4160.tiff,CENTRAL DRY
IRI21PBQ4M_chipid1823.tiff,CENTRAL DRY
HZXBIARW3D_chipid7536.tiff,NORTHERN DRY
9KNJE89SJF_chipid2840.tiff,SOUTHERN DRY
2EBEHQDZV0_chipid2055.tiff,EASTERN DRY
XV9N96WHMP_chipid4294.tiff,SOUTHERN TRANSITION
U90L7E2UD1_chipid4259.tiff,SOUTHERN TRANSITION
EOJZI3B047_chipid4525.tiff,NORTH EAST DRY
25O2IDSQAJ_chipid6591.tiff,CENTRAL DRY
I8VPNDKU27_chipid1288.tiff,CENTRAL DRY
ZV85NLX7XO_chipid6662.tiff,CENTRAL DRY
FK7ZB0MTTV_chipid3919.tiff,CENTRAL DRY
HF8FS2KBZO_chipid1336.tiff,CENTRAL DRY
JXZQB3PT8G_chipid5705.tiff,NORTHERN DRY
BRUN7UOHL9_chipid4328.tiff,NORTH EAST DRY
BLPEGZM60G_chipid1407.tiff,CENTRAL DRY
9YK5RE4J47_chipid2922.tiff,CENTRAL DRY
VQ6GE507R6_chipid5450.tiff,SOUTHERN TRANSITION
6YVASOV6MD_chipid7111.tiff,WESTERN TRANSITION
EMML9V6NPN_chipid1515.tiff,CENTRAL DRY
77VTMYI7W0_chipid6043.tiff,HILL
5FHS83LJWZ_chipid4473.tiff,NORTH EAST DRY
82DFTR7X38_chipid5794.tiff,NORTHERN DRY
N3L4DJU22Y_chipid7972.tiff,COASTAL
7EY5NG7E1Z_chipid147.tiff,SOUTHERN TRANSITION
K1OCUX51XQ_chipid5738.tiff,NORTHERN DRY
XJH9KVPO6P_chipid4393.tiff,NORTH EAST DRY
3N43TNKT71_chipid4697.tiff,NORTH EAST DRY
UFJOVC367F_chipid628.tiff,EASTERN DRY
T4QT8F89EO_chipid4993.tiff,HILL
UR5OFGJTSM_chipid3498.tiff,COASTAL
E325A0O5JL_chipid2293.tiff,SOUTHERN TRANSITION
8XROYF8TNZ_chipid5834.tiff,NORTHERN DRY
OYGIZ4TFLG_chipid3227.tiff,COASTAL
N6CST0NDX5_chipid4487.tiff,NORTH EAST DRY
IKWM7XHNAE_chipid744.tiff,EASTERN DRY
RG3M13BJL4_chipid4215.tiff,SOUTHERN TRANSITION
7934KZEE55_chipid1850.tiff,CENTRAL DRY
09RMUH52KM_chipid3997.tiff,SOUTHERN TRANSITION
H8BVPHU92T_chipid1677.tiff,UNKNOWN
UKND54L4LP_chipid3782.tiff,WESTERN TRANSITION
Z3AH3Y28VU_chipid1394.tiff,CENTRAL DRY
JOO0VYF7U4_chipid6435.tiff,SOUTHERN DRY
YJ006ID2W3_chipid4019.tiff,SOUTHERN TRANSITION
JM3AKSGRJP_chipid5605.tiff,SOUTHERN TRANSITION
9DVKIXXB6A_chipid20.tiff,SOUTHERN TRANSITION
PXXC7IC0TK_chipid83.tiff,SOUTHERN TRANSITION
YSL4ASXIIC_chipid2722.tiff,CENTRAL DRY
NXLWPZC3XF_chipid2607.tiff,SOUTHERN TRANSITION
K169RYH1JV_chipid1199.tiff,CENTRAL DRY
36Q5V1L4FS_chipid2114.tiff,EASTERN DRY
BJUF70H7PU_chipid3339.tiff,COASTAL
0HN8ZD3FLY_chipid5595.tiff,SOUTHERN TRANSITION
YX54C3XJ2S_chipid294.tiff,SOUTHERN DRY
PW61UNSSFH_chipid4258.tiff,SOUTHERN TRANSITION
DBZX3PZLZ7_chipid3247.tiff,COASTAL
MHJQRPBCDM_chipid5580.tiff,SOUTHERN TRANSITION
OPGVNUK619_chipid2220.tiff,EASTERN DRY
K3K6F7KCGU_chipid4671.tiff,NORTH EAST DRY
G3162WUFFV_chipid7425.tiff,SOUTHERN TRANSITION
5PCI7ZMAGI_chipid2923.tiff,CENTRAL DRY
JJK13HE1GR_chipid266.tiff,SOUTHERN DRY
7WLM1K9QZB_chipid764.tiff,EASTERN DRY
PHN2YJPEFL_chipid4230.tiff,SOUTHERN TRANSITION
QW3TVAVTG4_chipid2821.tiff,SOUTHERN DRY
8W0V1IXJC5_chipid7626.tiff,CENTRAL DRY
4HQADXMT2D_chipid3934.tiff,CENTRAL DRY
PEH6GTRH3H_chipid701.tiff,EASTERN DRY
2FZP0E1M2L_chipid914.tiff,EASTERN DRY
8TH2AI1LNQ_chipid8017.tiff,COASTAL
WMCDUW0CRX_chipid2886.tiff,CENTRAL DRY
SUBG5TYNAC_chipid1939.tiff,EASTERN DRY
QIZTBXFFPD_chipid4915.tiff,COASTAL
WQT5JTO0K3_chipid6439.tiff,SOUTHERN DRY
5B4T2ZDLCU_chipid1125.tiff,CENTRAL DRY
RN63W7NIXG_chipid1159.tiff,CENTRAL DRY
LBPM4L70TR_chipid6878.tiff,SOUTHERN TRANSITION
8KZ7A58EIO_chipid7199.tiff,CENTRAL DRY
NUJL1KS2V1_chipid2245.tiff,EASTERN DRY
NEYYP9MMKU_chipid4135.tiff,CENTRAL DRY
VK2Z9A8IAN_chipid6925.tiff,SOUTHERN TRANSITION
86S8O6G6IM_chipid7183.tiff,UNKNOWN
QWS0MZIQY5_chipid7179.tiff,CENTRAL DRY
7YHKDMK20K_chipid7606.tiff,NORTH EAST DRY
2JIOTLH9R4_chipid5809.tiff,NORTHERN DRY
J0CZCQGQPF_chipid90.tiff,SOUTHERN TRANSITION
33VRHNJM2O_chipid459.tiff,SOUTHERN DRY
5ONK1KIHKK_chipid5819.tiff,NORTHERN DRY
Q989AS14NF_chipid6497.tiff,NORTH EAST DRY
LA63K027D2_chipid1594.tiff,CENTRAL DRY
GDRLIT1E4D_chipid6302.tiff,NORTH EAST DRY
AIV96NPTR1_chipid4719.tiff,NORTH EAST DRY
1VLGZ25VXZ_chipid5800.tiff,NORTHERN DRY
2QI7DJWBU6_chipid2375.tiff,SOUTHERN TRANSITION
IPI2D03SQR_chipid7380.tiff,SOUTHERN TRANSITION
T9W7HH79NR_chipid34.tiff,SOUTHERN TRANSITION
0X7P6R0O0Y_chipid154.tiff,SOUTHERN TRANSITION
HZR7X1OIQI_chipid6522.tiff,NORTH EAST DRY
XSL8XFRYLT_chipid1657.tiff,WESTERN TRANSITION
RM3BM9KAC6_chipid265.tiff,SOUTHERN DRY
BLPZQSSPXB_chipid6616.tiff,CENTRAL DRY
PM9V2DLPXM_chipid3183.tiff,SOUTHERN DRY
FHPQGAISD8_chipid6716.tiff,CENTRAL DRY
RB32WGUZ7J_chipid6388.tiff,COASTAL
69P05VCNXO_chipid5648.tiff,NORTHERN DRY
86MXIOW26B_chipid6755.tiff,UNKNOWN
ZVFLFVC1QP_chipid1641.tiff,WESTERN TRANSITION
M2VNTOJBAG_chipid5148.tiff,NORTH EAST DRY
VP5297HWZN_chipid5635.tiff,SOUTHERN TRANSITION
DZIUK23XPW_chipid1286.tiff,CENTRAL DRY
28YP6LJQ87_chipid4820.tiff,COASTAL
A28U6PN6RV_chipid6685.tiff,CENTRAL DRY
WO48X2KIR3_chipid4520.tiff,NORTH EAST DRY
I3WLEIPRLU_chipid3421.tiff,CENTRAL DRY
BHNRTERYRA_chipid4660.tiff,NORTH EAST DRY
AG7MMBG8YI_chipid5003.tiff,HILL
HGI86UI2RW_chipid3830.tiff,CENTRAL DRY
IMTQPJONFM_chipid7624.tiff,CENTRAL DRY
JWQ3EGKZF4_chipid2935.tiff,CENTRAL DRY
HN55BHKULK_chipid3629.tiff,WESTERN TRANSITION
2HM523CTLF_chipid6889.tiff,SOUTHERN TRANSITION
KUJCV700WE_chipid5377.tiff,SOUTHERN TRANSITION
T459CMQM11_chipid6551.tiff,CENTRAL DRY
DBHD3HFZDH_chipid2742.tiff,SOUTHERN TRANSITION
HDHCUMBPNO_chipid7888.tiff,NORTHERN DRY
MR8SO8XUAZ_chipid4693.tiff,NORTH EAST DRY
VMU3PD7C72_chipid3238.tiff,COASTAL
N8QTN78NJG_chipid3677.tiff,WESTERN TRANSITION
36H1DPXG80_chipid7321.tiff,NORTH EAST DRY
91PLTWMTAN_chipid3404.tiff,UNKNOWN
UF9VVYG73O_chipid953.tiff,EASTERN DRY
Y9UCZPD5DT_chipid4682.tiff,NORTH EAST DRY
474EED67BW_chipid3459.tiff,COASTAL
VI9UHV3AZR_chipid591.tiff,EASTERN DRY
EVYZ7WWLFF_chipid670.tiff,EASTERN DRY
J7D7ZB9YGO_chipid7940.tiff,WESTERN TRANSITION
1UFHZ6R9EP_chipid7619.tiff,UNKNOWN
315B8JOJ5W_chipid1341.tiff,CENTRAL DRY
2XJA84RNZX_chipid1701.tiff,NORTH EAST DRY
VIYBZDW7EC_chipid478.tiff,SOUTHERN DRY
BO4CR2AP73_chipid943.tiff,EASTERN DRY
F0UN9PED9N_chipid931.tiff,EASTERN DRY
A40A0JEKKR_chipid3544.tiff,COASTAL
71HVE5LRJP_chipid2321.tiff,CENTRAL DRY
FJ1LQFUQ2B_chipid6401.tiff,COASTAL
CKHP5ZSSBZ_chipid2384.tiff,SOUTHERN TRANSITION
2GGYZ3TJHU_chipid6032.tiff,UNKNOWN
74XBFQKPKJ_chipid2999.tiff,EASTERN DRY
WWGHRQE9QA_chipid2624.tiff,SOUTHERN TRANSITION
I9YTNYN1ZW_chipid802.tiff,EASTERN DRY
W17FY9LMGF_chipid101.tiff,SOUTHERN TRANSITION
WJDCVL2CQI_chipid5214.tiff,UNKNOWN
SG19X2UVWT_chipid5623.tiff,SOUTHERN TRANSITION
W9YCK72VXZ_chipid7406.tiff,SOUTHERN TRANSITION
C15SOJ1N68_chipid1545.tiff,CENTRAL DRY
XXY0YSFS2Q_chipid709.tiff,EASTERN DRY
3GRUXVZ886_chipid4262.tiff,SOUTHERN TRANSITION
3V3JEIPFKO_chipid1821.tiff,CENTRAL DRY
9JN3FQFM9L_chipid4845.tiff,COASTAL
EIIJC8QLXH_chipid3675.tiff,WESTERN TRANSITION
MVGIUI9GX8_chipid7519.tiff,NORTHERN DRY
1NNCZWLRME_chipid7567.tiff,HILL
FHD04S9ZUY_chipid6975.tiff,EASTERN DRY
PL3EWRDY3Y_chipid6278.tiff,NORTH EAST DRY
5IRQPKRNPT_chipid2385.tiff,SOUTHERN TRANSITION
LBGDZQ2QB0_chipid7120.tiff,WESTERN TRANSITION
QD4DATVF0U_chipid5911.tiff,NORTHERN DRY
SUYUGWIRTL_chipid6849.tiff,UNKNOWN
LBY644TKT3_chipid2005.tiff,EASTERN DRY
35XPO615GE_chipid7530.tiff,NORTHERN DRY
T3GJX2J1YM_chipid3979.tiff,SOUTHERN TRANSITION
IZCRWLPQ8U_chipid2216.tiff,EASTERN DRY
PUQYZQUQRL_chipid2408.tiff,SOUTHERN TRANSITION
GLYAL6FT78_chipid5523.tiff,SOUTHERN TRANSITION
I2DI87HELP_chipid5556.tiff,SOUTHERN TRANSITION
0DAMXGGQCC_chipid4252.tiff,SOUTHERN TRANSITION
Z3BXUXP4Z0_chipid7450.tiff,CENTRAL DRY
BXXZ2PDS7K_chipid5625.tiff,SOUTHERN TRANSITION
QR7E9J5CKE_chipid1017.tiff,EASTERN DRY
R56HTEUHKC_chipid2635.tiff,EASTERN DRY
T1CUMR1MZZ_chipid5641.tiff,SOUTHERN TRANSITION
6GMKOI6ROF_chipid5265.tiff,NORTH EAST DRY
G9UQ373FAA_chipid5479.tiff,COASTAL
9IKEJYG8FA_chipid140.tiff,SOUTHERN TRANSITION
S0179J714D_chipid4850.tiff,COASTAL
PC399BR4L1_chipid3895.tiff,CENTRAL DRY
S0N7OA0S4O_chipid1924.tiff,EASTERN DRY
GHQO9IVVI2_chipid7871.tiff,NORTHERN DRY
JVO158P6UD_chipid7295.tiff,NORTH EAST DRY
G7PZZSNKKT_chipid5442.tiff,SOUTHERN TRANSITION
3T1FQLE8CP_chipid7086.tiff,NORTHERN DRY
QI9P5CL9IC_chipid5295.tiff,NORTH EAST DRY
MSHCZ422LX_chipid7541.tiff,NORTHERN DRY
AX9U2TPR9I_chipid3914.tiff,CENTRAL DRY
ODJ3ZD62W3_chipid2965.tiff,CENTRAL DRY
Q0336T2Q1M_chipid7577.tiff,NORTH EAST DRY
UXHL42THJF_chipid880.tiff,EASTERN DRY
R1F9LSN4UI_chipid3057.tiff,CENTRAL DRY
PRQM2T2J1U_chipid7489.tiff,CENTRAL DRY
C4JVR89GOD_chipid768.tiff,EASTERN DRY
QUYQZPGIJZ_chipid2434.tiff,EASTERN DRY
HZU6TYCWUF_chipid1496.tiff,CENTRAL DRY
X7OWEU0AT3_chipid824.tiff,EASTERN DRY
JNYGRHRT35_chipid2201.tiff,EASTERN DRY
UDWWKFK91F_chipid3237.tiff,COASTAL
J5RY28O426_chipid6992.tiff,EASTERN DRY
858J61HQKL_chipid7661.tiff,CENTRAL DRY
CJ5FDUPIJA_chipid6073.tiff,HILL
O5Y9O2QLWJ_chipid4695.tiff,NORTH EAST DRY
PRUDUE1K58_chipid7984.tiff,COASTAL
K5RFR8GUCG_chipid7072.tiff,NORTHERN DRY
XRU7BPBX21_chipid6832.tiff,SOUTHERN TRANSITION
IS614265OA_chipid6097.tiff,HILL
KZ9KSR2RCU_chipid1848.tiff,CENTRAL DRY
YKSTMVEMJF_chipid6428.tiff,COASTAL
KRF8K60NXL_chipid7374.tiff,SOUTHERN TRANSITION
VQ36FMBSEG_chipid1087.tiff,EASTERN DRY
4AI3L469Q1_chipid3599.tiff,COASTAL
IKPOG4JNJB_chipid243.tiff,SOUTHERN TRANSITION
N60E5ADPV0_chipid347.tiff,SOUTHERN TRANSITION
AC66FIJM0A_chipid7266.tiff,NORTHERN DRY
AWLEYOHI8U_chipid5117.tiff,NORTH EAST DRY
JFC2347UND_chipid2615.tiff,SOUTHERN TRANSITION
1JMVVXV4VY_chipid376.tiff,SOUTHERN TRANSITION
CWO3NWE3NO_chipid1192.tiff,CENTRAL DRY
8NTMEKK2DT_chipid5726.tiff,NORTHERN DRY
CEHY3BS9OI_chipid4886.tiff,COASTAL
4MVABCGO2L_chipid549.tiff,SOUTHERN DRY
DL0AT59SXD_chipid7514.tiff,NORTHERN DRY
DGFUO1PRMC_chipid3425.tiff,CENTRAL DRY
6XYMTNW0IE_chipid2049.tiff,EASTERN DRY
KKBBG02LIH_chipid1367.tiff,CENTRAL DRY
BHKTJFYUQ1_chipid3564.tiff,COASTAL
BTI8ZURXDZ_chipid6056.tiff,HILL
E0XB2PPAZW_chipid1715.tiff,NORTH EAST DRY
CRZ3MNVEWY_chipid6584.tiff,CENTRAL DRY
BZGV0JEOQB_chipid3332.tiff,COASTAL
GD1L2LCA4B_chipid8041.tiff,NORTH EAST DRY
TWY3UZSNV3_chipid4725.tiff,NORTH EAST DRY
OZT8BAIN08_chipid4681.tiff,NORTH EAST DRY
284NITUX9P_chipid5598.tiff,SOUTHERN TRANSITION
C0ZRX3916I_chipid3748.tiff,WESTERN TRANSITION
M2N7RSNVTE_chipid7097.tiff,WESTERN TRANSITION
AJ3HOOGK1M_chipid3941.tiff,CENTRAL DRY
XM9XGU0Q8T_chipid7728.tiff,COASTAL
SSDTR7IBVU_chipid7781.tiff,UNKNOWN
QAXDJSE8MD_chipid6074.tiff,HILL
YF7BF27P9O_chipid2026.tiff,EASTERN DRY
F3AHLANWVX_chipid2760.tiff,SOUTHERN TRANSITION
NKHD9P6XYL_chipid4348.tiff,NORTH EAST DRY
P1KAJDEBGG_chipid1474.tiff,CENTRAL DRY
PYU042OL13_chipid381.tiff,SOUTHERN TRANSITION
D1X5N8GGFG_chipid5276.tiff,NORTH EAST DRY
5D5DJ8YRAZ_chipid1093.tiff,UNKNOWN
OYNJCDRWAP_chipid7062.tiff,NORTHERN DRY
RHDY02ZYIL_chipid6761.tiff,UNKNOWN
3GV82PX8TG_chipid890.tiff,EASTERN DRY
ODDDZYOHXH_chipid1949.tiff,EASTERN DRY
PB96G72X7J_chipid7755.tiff,UNKNOWN
WTALJ7B9L3_chipid464.tiff,SOUTHERN DRY
O6IYY8VK4L_chipid536.tiff,SOUTHERN DRY
5ONPJ1C8P4_chipid4556.tiff,NORTH EAST DRY
XFKXHB5XD1_chipid6227.tiff,SOUTHERN DRY
DGB36KN6L0_chipid5107.tiff,NORTH EAST DRY
E0RUAGGP7S_chipid5318.tiff,NORTH EAST DRY
JWR1XCKNS2_chipid6423.tiff,COASTAL
8B79BHP3JJ_chipid3198.tiff,COASTAL
KNG2DWCBKM_chipid6127.tiff,HILL
YX7IEVH7LZ_chipid7639.tiff,CENTRAL DRY
WR4C5A71W1_chipid917.tiff,EASTERN DRY
P2IGECHMEW_chipid3178.tiff,SOUTHERN DRY
SFBMBM8GI4_chipid3545.tiff,COASTAL
VY2VWD9RIY_chipid1133.tiff,CENTRAL DRY
EY2CZ0EVVM_chipid7830.tiff,COASTAL
21MLGIIBYO_chipid267.tiff,SOUTHERN DRY
P3WWF91WGL_chipid2417.tiff,EASTERN DRY
XCK3UYSWB7_chipid908.tiff,EASTERN DRY
YC48Q70DAY_chipid453.tiff,SOUTHERN DRY
AE0V1FBX4B_chipid4006.tiff,SOUTHERN TRANSITION
QD0VCDYIDF_chipid7621.tiff,UNKNOWN
89QVAJUGP4_chipid8057.tiff,NORTH EAST DRY
X8W4E6JU2A_chipid5240.tiff,NORTH EAST DRY
LUH96STHCD_chipid1959.tiff,EASTERN DRY
BNV8MWNLJG_chipid3591.tiff,COASTAL
EIYVNDOKSI_chipid4594.tiff,NORTH EAST DRY
NCC3M1GFDE_chipid4962.tiff,COASTAL
D0REMFWMWP_chipid5642.tiff,NORTHERN DRY
filename,zone
D1252OZWI2_chipid4685.tiff,HILL
QCR396O60Z_chipid432.tiff,WESTERN TRANSITION
6EDF3AQDPD_chipid42.tiff,NORTH EAST DRY
FT542RFW6S_chipid4605.tiff,HILL
6KD2LYCLX3_chipid213.tiff,NORTH EAST DRY
D36EOUHJ25_chipid1839.tiff,WESTERN TRANSITION
E8D0RD9P2Z_chipid171.tiff,NORTH EAST DRY
09QABLF6GG_chipid1880.tiff,WESTERN TRANSITION
49BGF45HNR_chipid178.tiff,NORTHERN DRY
J4KK7T5RAC_chipid238.tiff,NORTH EAST DRY
U9ZAEP8EMI_chipid1031.tiff,NORTHERN DRY
Q0O7FG5S0B_chipid641.tiff,WESTERN TRANSITION
4NEPDM8R2P_chipid1715.tiff,SOUTHERN DRY
Q9EXU2KJ9L_chipid4674.tiff,HILL
5F3ENPAFRW_chipid323.tiff,COASTAL
WK4XM7ENSZ_chipid1792.tiff,NORTHERN DRY
ZOQEQX9RV2_chipid21.tiff,HILL
6UT18ZIRUL_chipid4201.tiff,HILL
3QSH3CEO0J_chipid1465.tiff,HILL
VFZ0SEBA34_chipid32.tiff,NORTH EAST DRY
AQGHX0564T_chipid89.tiff,HILL
TF23S7D28J_chipid938.tiff,SOUTHERN DRY
XKA1LCY1QH_chipid1473.tiff,HILL
YT9VQMZ8P5_chipid1198.tiff,COASTAL
V6K20843ZZ_chipid118.tiff,NORTH EAST DRY
TRRWPN4LW7_chipid1507.tiff,HILL
L4VS4Z2FO5_chipid688.tiff,WESTERN TRANSITION
IHYB9H3XGD_chipid474.tiff,COASTAL
GKT7M6JQU4_chipid2992.tiff,HILL
LZLW6A35IR_chipid469.tiff,COASTAL
LCNSNMM3JW_chipid773.tiff,WESTERN TRANSITION
DH19QKKX3K_chipid1692.tiff,SOUTHERN DRY
UOWWHGSQOZ_chipid1422.tiff,NORTHERN DRY
23XDWJCBRN_chipid216.tiff,NORTH EAST DRY
ZSF6D4QSQG_chipid38.tiff,COASTAL
85A9Y5IJ2K_chipid362.tiff,HILL
CAEF0HX4Y2_chipid2017.tiff,COASTAL
Z2GUB73TKA_chipid2014.tiff,COASTAL
E5KV24M1PQ_chipid969.tiff,SOUTHERN DRY
N9POBRBAG5_chipid474.tiff,NORTH EAST DRY
C5NPMW8ZXL_chipid1010.tiff,SOUTHERN DRY
3A6EVEMBOF_chipid1074.tiff,SOUTHERN DRY
P2IFQW3ASS_chipid1085.tiff,SOUTHERN DRY
VI6X9KUQPC_chipid3021.tiff,HILL
74AH3HWJFT_chipid3065.tiff,HILL
Z3HXXBBVKN_chipid981.tiff,SOUTHERN DRY
MXY0CUWVJW_chipid1055.tiff,NORTHERN DRY
R30EGYZVJR_chipid30.tiff,NORTH EAST DRY
KRR8POTA17_chipid120.tiff,NORTH EAST DRY
PYQEK5BPYH_chipid851.tiff,SOUTHERN DRY
J0UXQC87SV_chipid225.tiff,NORTH EAST DRY
WJTQ1ZGLYQ_chipid4546.tiff,HILL
681ZF64YT1_chipid1742.tiff,NORTHERN DRY
6AD92DZ1YI_chipid5054.tiff,HILL
DGFKCCIJQH_chipid359.tiff,HILL
MCAMK70L0H_chipid0.tiff,COASTAL
9HTCYE8OKW_chipid3019.tiff,HILL
QTU1A0F795_chipid1028.tiff,NORTHERN DRY
1ZKGNQ2GCS_chipid3849.tiff,HILL
KH5WYX2TTX_chipid1901.tiff,SOUTHERN DRY
IAYZXSBC3Z_chipid2597.tiff,WESTERN TRANSITION
TBIUB274KV_chipid3905.tiff,WESTERN TRANSITION
HRQSHI1995_chipid145.tiff,NORTH EAST DRY
OBCJ84NNDX_chipid1649.tiff,SOUTHERN DRY
0RN203GHKK_chipid113.tiff,NORTH EAST DRY
8GQ05RX2CB_chipid1680.tiff,SOUTHERN DRY
U7R9ZENWC1_chipid28.tiff,NORTH EAST DRY
GQUOYAKQ9M_chipid893.tiff,COASTAL
KTCSIVP8VU_chipid673.tiff,WESTERN TRANSITION
VPKR7FAK8L_chipid2572.tiff,WESTERN TRANSITION
ZBQL37CX6G_chipid79.tiff,HILL
3L2L9Q1HRL_chipid7.tiff,HILL
ZA94LIPBV5_chipid1413.tiff,HILL
E4SYKKR8WA_chipid139.tiff,NORTH EAST DRY
4D53NWRVYZ_chipid2058.tiff,HILL
2TPTT5O2PW_chipid833.tiff,COASTAL
SWNMRD7E38_chipid1932.tiff,SOUTHERN DRY
CFHDE4TIEI_chipid3896.tiff,WESTERN TRANSITION
S8VWQBWMM3_chipid826.tiff,COASTAL
0U4VSE1YDR_chipid4179.tiff,HILL
0VARWQ2XI6_chipid3927.tiff,WESTERN TRANSITION
LEUKPKDHOV_chipid421.tiff,WESTERN TRANSITION
VSQE53AH61_chipid2233.tiff,SOUTHERN DRY
TCHX708VYZ_chipid51.tiff,COASTAL
ISY88EGW65_chipid2015.tiff,COASTAL
JQPN1E1K97_chipid182.tiff,NORTH EAST DRY
DDDVH27XPK_chipid683.tiff,WESTERN TRANSITION
QVOF3UQHHQ_chipid965.tiff,SOUTHERN DRY
Q2X443BFLZ_chipid154.tiff,NORTHERN DRY
UB73R87ZQ7_chipid166.tiff,NORTH EAST DRY
YABSJ02HHI_chipid99.tiff,HILL
UM63T2Y06Y_chipid121.tiff,NORTH EAST DRY
EVPYOWDFJF_chipid1517.tiff,HILL
EMADCM1TGV_chipid676.tiff,WESTERN TRANSITION
OCR7MJC8ZN_chipid2763.tiff,WESTERN TRANSITION
BEB33XLJPF_chipid42.tiff,HILL
Q5ZIZT16ZN_chipid1382.tiff,HILL
G87SCHMAA3_chipid1370.tiff,HILL
BUQ9P1F8OC_chipid2598.tiff,WESTERN TRANSITION
OO2S3UATTZ_chipid473.tiff,NORTH EAST DRY
6LNLIY8WXH_chipid733.tiff,WESTERN TRANSITION
TNXJ1SIMXS_chipid1093.tiff,SOUTHERN DRY
BQ4VRN8IWN_chipid69.tiff,HILL
825LBEOC56_chipid257.tiff,NORTH EAST DRY
I43XN1L8EW_chipid1213.tiff,COASTAL
4JTYOQQUOF_chipid2529.tiff,WESTERN TRANSITION
WN9WAGD7LZ_chipid726.tiff,WESTERN TRANSITION
YFC678HZTC_chipid822.tiff,COASTAL
TS7SVH0S7O_chipid1106.tiff,SOUTHERN DRY
5J7BQCTG8X_chipid1097.tiff,SOUTHERN DRY
9K7GIY3POK_chipid585.tiff,COASTAL
5R8ZGLQFH6_chipid116.tiff,NORTH EAST DRY
P2M65T2U6D_chipid2012.tiff,COASTAL
6HCBSZD6E7_chipid33.tiff,NORTH EAST DRY
ILDY65CZ1N_chipid2031.tiff,COASTAL
CXFT6HQ7W4_chipid1029.tiff,NORTHERN DRY
7I96GBZQIC_chipid1.tiff,NORTH EAST DRY
136G1PE7QB_chipid978.tiff,SOUTHERN DRY
8NX797NG11_chipid838.tiff,COASTAL
M3L2MFI9YQ_chipid1787.tiff,NORTHERN DRY
1TBU3U3JAQ_chipid600.tiff,COASTAL
WDBZWTLPKW_chipid132.tiff,NORTH EAST DRY
WR8QXHE7XY_chipid291.tiff,NORTH EAST DRY
ITG48XUPOX_chipid279.tiff,NORTH EAST DRY
OQ17MNY372_chipid348.tiff,NORTH EAST DRY
QYQVE566SX_chipid1915.tiff,SOUTHERN DRY
UOTDPMTB85_chipid834.tiff,COASTAL
DKG7FNZEN2_chipid205.tiff,NORTH EAST DRY
Z1JGNY3BR0_chipid2696.tiff,WESTERN TRANSITION
P2V76LLB6M_chipid1201.tiff,COASTAL
EF55L8B4RH_chipid1664.tiff,SOUTHERN DRY
ESFTJHQFAO_chipid18.tiff,COASTAL
5SAJSQNPS3_chipid4714.tiff,HILL
RC5I82Y8W9_chipid374.tiff,NORTH EAST DRY
SNWO47E0PX_chipid2026.tiff,COASTAL
RG9AOQP32M_chipid5038.tiff,HILL
72OA4FEN0J_chipid530.tiff,SOUTHERN DRY
JYHMYGLZEE_chipid4675.tiff,HILL
OGEOCJZEEV_chipid2.tiff,COASTAL
RG94J0TGVE_chipid476.tiff,NORTH EAST DRY
4MWDBHSN3A_chipid1482.tiff,HILL
5IWR71GASO_chipid74.tiff,COASTAL
0VGG3D63C8_chipid256.tiff,NORTH EAST DRY
IB7BIT03XY_chipid127.tiff,NORTH EAST DRY
Y574Q2Y59X_chipid376.tiff,NORTH EAST DRY
0ACPYPIZRB_chipid434.tiff,WESTERN TRANSITION
99AT2Z94ZL_chipid1723.tiff,SOUTHERN DRY
CAGNQ2B2MN_chipid702.tiff,WESTERN TRANSITION
04DVK39O1I_chipid2560.tiff,WESTERN TRANSITION
6J5ITMIH05_chipid277.tiff,NORTH EAST DRY
NIH0EL8VA9_chipid1414.tiff,HILL
JNZGADBBPW_chipid85.tiff,NORTH EAST DRY
UNMJTQZ5XF_chipid351.tiff,HILL
STTUTQ51BT_chipid828.tiff,COASTAL
3SU89LGQ3T_chipid1378.tiff,HILL
IEI5Q4EGOQ_chipid1997.tiff,COASTAL
9BJ3ISK35X_chipid825.tiff,COASTAL
DY8B8L4J0F_chipid4602.tiff,HILL
KF8810ZSL1_chipid3030.tiff,HILL
2LKFU5HKE2_chipid900.tiff,COASTAL
G7P5MP6MG3_chipid1479.tiff,HILL
1NP4Z0IW3B_chipid75.tiff,NORTH EAST DRY
40B7UX2U6L_chipid75.tiff,COASTAL
DAC5WK0QO7_chipid192.tiff,NORTH EAST DRY
1C582AAJOA_chipid5.tiff,HILL
HK9P9ALBL8_chipid437.tiff,NORTH EAST DRY
C7CO3Q0C06_chipid3069.tiff,HILL
SL2BI11SP5_chipid863.tiff,SOUTHERN DRY
ITS45NK11Q_chipid412.tiff,NORTH EAST DRY
0VEQYCRO8G_chipid840.tiff,SOUTHERN DRY
PL5SW9T64Z_chipid4196.tiff,HILL
T7MKSPAFOH_chipid191.tiff,NORTH EAST DRY
UX5N3FUEDV_chipid65.tiff,NORTH EAST DRY
7M5H6WRSS9_chipid279.tiff,SOUTHERN DRY
A6G9VP1SWG_chipid4715.tiff,HILL
UVJU37YR09_chipid1451.tiff,NORTHERN DRY
ZFEWFWZ5JH_chipid489.tiff,COASTAL
519ZLSMM8P_chipid2692.tiff,WESTERN TRANSITION
R146TEL1YO_chipid394.tiff,NORTH EAST DRY
0WTF3D6MH2_chipid44.tiff,NORTH EAST DRY
8WNNCM5V5Y_chipid1844.tiff,WESTERN TRANSITION
MYL0S5S1K0_chipid92.tiff,NORTH EAST DRY
0F5FXR3YPA_chipid494.tiff,COASTAL
2MDBSDEWLZ_chipid611.tiff,COASTAL
MIZJYSGF2W_chipid26.tiff,COASTAL
NMPY4BGPWI_chipid498.tiff,NORTH EAST DRY
KK3GPJN0VA_chipid3034.tiff,HILL
FVQ3IXQ8NB_chipid2229.tiff,SOUTHERN DRY
085BRX9YX9_chipid4594.tiff,HILL
7D85JGG98S_chipid4178.tiff,HILL
GX6IPF6MLI_chipid494.tiff,NORTH EAST DRY
XPVWJ11J20_chipid763.tiff,WESTERN TRANSITION
SRWJ2W3KX9_chipid2768.tiff,WESTERN TRANSITION
VHF5MUTUSE_chipid2.tiff,NORTH EAST DRY
IVWMDJZ64A_chipid94.tiff,HILL
A8UP6AUIYP_chipid2712.tiff,WESTERN TRANSITION
J6RX2UAL41_chipid5042.tiff,HILL
RXLB69VTLF_chipid1436.tiff,NORTHERN DRY
2UO1ZD11RU_chipid1735.tiff,SOUTHERN DRY
JTNHMIVMIH_chipid420.tiff,WESTERN TRANSITION
D36U4VCHRQ_chipid2734.tiff,WESTERN TRANSITION
W2O8IIR3QF_chipid4229.tiff,HILL
RZA0QGW1S9_chipid2041.tiff,HILL
VPTQ05UD9D_chipid1022.tiff,SOUTHERN DRY
9WWEIG58R2_chipid3008.tiff,HILL
SJJ2GXQOOW_chipid87.tiff,NORTH EAST DRY
Q9MG1GOZ3K_chipid3048.tiff,HILL
0OCO92WW16_chipid1392.tiff,HILL
OM90IK20XE_chipid382.tiff,NORTH EAST DRY
7X74F5I2P4_chipid111.tiff,HILL
DJSA4TJKFW_chipid2071.tiff,HILL
2EJQCWQ04C_chipid1340.tiff,COASTAL
NJ3B7MFJUJ_chipid268.tiff,SOUTHERN DRY
W5P1AJIUI2_chipid1383.tiff,HILL
SUD2A6NXED_chipid2751.tiff,WESTERN TRANSITION
HK4TE4PTW9_chipid830.tiff,COASTAL
DTQOZOR9V5_chipid1999.tiff,COASTAL
KLSMI0KU5W_chipid431.tiff,WESTERN TRANSITION
EX2LEIHJUV_chipid317.tiff,NORTH EAST DRY
XTF4A7LW4N_chipid70.tiff,COASTAL
ZS8RJAINBN_chipid1687.tiff,SOUTHERN DRY
HQ53G4ANFB_chipid973.tiff,SOUTHERN DRY
2JVWHLHOE0_chipid131.tiff,HILL
5R78NQVC1Y_chipid2760.tiff,WESTERN TRANSITION
RX91DEP102_chipid3114.tiff,HILL
IA31ST0QUJ_chipid1657.tiff,SOUTHERN DRY
355061VUSM_chipid953.tiff,SOUTHERN DRY
11S5BNF0XW_chipid5040.tiff,HILL
A9E9LFJFUL_chipid2171.tiff,COASTAL
CFY1MJPE3K_chipid902.tiff,COASTAL
6I6W7WX36F_chipid331.tiff,NORTH EAST DRY
KNQTDN4K31_chipid266.tiff,NORTH EAST DRY
MWZ4EWVVXT_chipid1731.tiff,SOUTHERN DRY
FASWP4HTJK_chipid1101.tiff,SOUTHERN DRY
VJCP12XA8U_chipid396.tiff,NORTH EAST DRY
PVSEH5QU5A_chipid1750.tiff,NORTHERN DRY
5FQKV29OCY_chipid2213.tiff,SOUTHERN DRY
M2PA1DL8QA_chipid943.tiff,SOUTHERN DRY
TDWE3VUV5D_chipid761.tiff,WESTERN TRANSITION
PLQJM8MZ53_chipid2039.tiff,COASTAL
C8TC0JG42W_chipid1464.tiff,HILL
BUX3A0UDCF_chipid643.tiff,WESTERN TRANSITION
THLN4SYUAN_chipid24.tiff,COASTAL
Y9L7EF3JB7_chipid640.tiff,WESTERN TRANSITION
H5FJ6QHYO0_chipid807.tiff,COASTAL
UYTNGTLJDP_chipid2083.tiff,HILL
2STQ975U0O_chipid97.tiff,HILL
CDMEG5MO33_chipid2698.tiff,WESTERN TRANSITION
MS0GWFU14Q_chipid1026.tiff,SOUTHERN DRY
IUYL3WEG2C_chipid18.tiff,HILL
O1QTI6VUHI_chipid1503.tiff,HILL
5JAAZFUEAT_chipid144.tiff,NORTH EAST DRY
AJVV8XZIEC_chipid998.tiff,SOUTHERN DRY
7J523VSUWE_chipid917.tiff,COASTAL
16XCGTFKUF_chipid678.tiff,WESTERN TRANSITION
UOJJICJT6L_chipid1320.tiff,COASTAL
ZJFTY10TQI_chipid2210.tiff,SOUTHERN DRY
GHZFPKZ7SP_chipid92.tiff,COASTAL
SFV3L2M3BO_chipid4584.tiff,HILL
QYA7NMGRMD_chipid776.tiff,WESTERN TRANSITION
TZMJC1QMU9_chipid1081.tiff,SOUTHERN DRY
IORUYFOKD3_chipid501.tiff,NORTH EAST DRY
ITA56G2L85_chipid1108.tiff,SOUTHERN DRY
W5359D1PWR_chipid2153.tiff,COASTAL
61CGFVYTGW_chipid983.tiff,SOUTHERN DRY
KKZM57NA9J_chipid4182.tiff,HILL
YJEPBYA82D_chipid2050.tiff,HILL
EU6X0B32YA_chipid441.tiff,WESTERN TRANSITION
3DWQTDJZGX_chipid51.tiff,NORTH EAST DRY
V46EANSMYO_chipid298.tiff,SOUTHERN DRY
BSSK76O58Z_chipid28.tiff,COASTAL
U0AIRXPLWG_chipid3105.tiff,HILL
MB27R3UL2I_chipid704.tiff,WESTERN TRANSITION
TM5UGXQZEX_chipid824.tiff,COASTAL
M8JF61BK6F_chipid4682.tiff,HILL
5QLC5Y6T81_chipid487.tiff,COASTAL
6XHTM3FMSQ_chipid1659.tiff,SOUTHERN DRY
K5FLYFZ6D3_chipid1377.tiff,HILL
Q6ND5AFIR5_chipid363.tiff,HILL
AE4YPNDWNC_chipid342.tiff,COASTAL
U344W8NG1R_chipid283.tiff,NORTH EAST DRY
EZNZN1IC2H_chipid708.tiff,WESTERN TRANSITION
59TDC4ABA1_chipid3005.tiff,HILL
8MWJAB69H1_chipid3011.tiff,HILL
WE3O6GCKFO_chipid4578.tiff,HILL
NJXUAAHYNA_chipid107.tiff,NORTH EAST DRY
4EKKS33IW5_chipid14.tiff,HILL
XI8V5Y6N2L_chipid1719.tiff,SOUTHERN DRY
HFIOQGDAWY_chipid181.tiff,NORTH EAST DRY
WKJZYNRJC7_chipid4695.tiff,HILL
FX9IGJ154E_chipid267.tiff,SOUTHERN DRY
GDQUI6JOEA_chipid3063.tiff,HILL
UOIZXB2C6J_chipid872.tiff,SOUTHERN DRY
TW4Y97TOVE_chipid1760.tiff,NORTHERN DRY
BKS4HC2HBU_chipid248.tiff,NORTH EAST DRY
UNRE2S45R5_chipid103.tiff,HILL
W5JBARHONG_chipid2591.tiff,WESTERN TRANSITION
HKSAAVV25G_chipid3831.tiff,HILL
48W0Z21T1V_chipid788.tiff,COASTAL
FR0ED7C5R3_chipid1037.tiff,NORTHERN DRY
EA06JWIV6G_chipid871.tiff,SOUTHERN DRY
B1FAB65AHJ_chipid1424.tiff,NORTHERN DRY
WKL8WCR0LC_chipid2582.tiff,WESTERN TRANSITION
RSY3O2DIHT_chipid3112.tiff,HILL
0ZT20TW4KB_chipid1331.tiff,COASTAL
GFNR7ZI4VG_chipid1362.tiff,COASTAL
IS3KU6ONMG_chipid297.tiff,SOUTHERN DRY
YIFQZ5VGM4_chipid464.tiff,NORTH EAST DRY
AI72YB4YET_chipid659.tiff,WESTERN TRANSITION
MXPXRX1S2O_chipid1903.tiff,SOUTHERN DRY
ODGWPMWC9I_chipid1007.tiff,SOUTHERN DRY
CYRPI0GEQG_chipid153.tiff,NORTHERN DRY
W8VXHOUO0Z_chipid269.tiff,SOUTHERN DRY
1YZ107NCPF_chipid264.tiff,SOUTHERN DRY
U4HMPNNHVG_chipid705.tiff,WESTERN TRANSITION
V5SCZK66MA_chipid399.tiff,NORTH EAST DRY
C69CSGVD0O_chipid329.tiff,COASTAL
YOODQOGD7Z_chipid66.tiff,COASTAL
I23HWGFNNM_chipid3014.tiff,HILL
XKUOBN4YJO_chipid390.tiff,HILL
3HT0RR6HWM_chipid816.tiff,COASTAL
T7ZIMEU9QF_chipid490.tiff,NORTH EAST DRY
0BDMYA82ZX_chipid3025.tiff,HILL
JON5FLBFE5_chipid448.tiff,NORTH EAST DRY
R7V2Y0J838_chipid1484.tiff,HILL
CVBYA8MVGO_chipid1690.tiff,SOUTHERN DRY
SVOTQN4W59_chipid164.tiff,NORTHERN DRY
BLK1CXF5L4_chipid368.tiff,NORTH EAST DRY
RO2U97PBTK_chipid748.tiff,WESTERN TRANSITION
PKY3L5FQ11_chipid3068.tiff,HILL
MM0GCBQLDZ_chipid1891.tiff,SOUTHERN DRY
BJCTEMAWV3_chipid361.tiff,NORTH EAST DRY
8MB8QIKGBD_chipid12.tiff,COASTAL
LLHT0SH951_chipid4585.tiff,HILL
NIO50F7YGJ_chipid2023.tiff,COASTAL
EM0LZH0BDG_chipid451.tiff,NORTH EAST DRY
W5QA3UNX1S_chipid2756.tiff,WESTERN TRANSITION
SOQ3NWXXTF_chipid1488.tiff,HILL
6D085P4U3A_chipid325.tiff,COASTAL
CPCB1IDCCB_chipid2702.tiff,WESTERN TRANSITION
S3RH58WHM9_chipid3080.tiff,HILL
A278PEX3FT_chipid35.tiff,HILL
B5E8DQ0VYQ_chipid1373.tiff,HILL
JMSSANXB5W_chipid738.tiff,WESTERN TRANSITION
GUF7JNEBMI_chipid2770.tiff,WESTERN TRANSITION
2TW2X8Y0WQ_chipid3000.tiff,HILL
T08GHOSPI5_chipid2714.tiff,WESTERN TRANSITION
JGT58ILLK0_chipid98.tiff,NORTH EAST DRY
ODZJ9VJNQP_chipid2747.tiff,WESTERN TRANSITION
H6DCFZ17WZ_chipid10.tiff,COASTAL
ACMA6UTNBV_chipid189.tiff,NORTHERN DRY
WOJDPLRJEA_chipid365.tiff,HILL
ZFBOPZP9X4_chipid49.tiff,COASTAL
DP4DLGKLW4_chipid3009.tiff,HILL
YU4LTG9GA7_chipid64.tiff,HILL
KUU98Y9EWM_chipid621.tiff,WESTERN TRANSITION
6KC05AKAS1_chipid4231.tiff,HILL
AXYXSYZ294_chipid792.tiff,COASTAL
PI8ZFBB5E6_chipid119.tiff,HILL
4OTGA3CND3_chipid491.tiff,NORTH EAST DRY
YHNY0W4048_chipid445.tiff,NORTH EAST DRY
GL8P2BIXHU_chipid1375.tiff,HILL
2RAL6M47EQ_chipid1777.tiff,NORTHERN DRY
GGVAQTHTKD_chipid2016.tiff,COASTAL
7ASTPE2TK1_chipid1425.tiff,NORTHERN DRY
062GCP1XSP_chipid2088.tiff,HILL
0ZPMAJOTOU_chipid174.tiff,NORTHERN DRY
4C55XOYHMG_chipid5055.tiff,HILL
E3JPJ859UX_chipid305.tiff,COASTAL
X8A15RVGSP_chipid467.tiff,NORTH EAST DRY
TJXWH2PX0U_chipid721.tiff,WESTERN TRANSITION
VXBK5SPXB4_chipid4547.tiff,HILL
0XT45PU31U_chipid985.tiff,SOUTHERN DRY
C9HFO9ATS0_chipid4208.tiff,HILL
B7G8H4V2NL_chipid237.tiff,NORTH EAST DRY
CEH6ENMXSI_chipid1653.tiff,SOUTHERN DRY
RRDEC7P7U3_chipid321.tiff,COASTAL
K1XC9YWS09_chipid2767.tiff,WESTERN TRANSITION
TV84X97SRC_chipid2053.tiff,HILL
90KWRLQVSQ_chipid4190.tiff,HILL
JB5ETIGUTB_chipid1487.tiff,HILL
KZCJVZ3JY1_chipid497.tiff,NORTH EAST DRY
ZNHX8KE9P2_chipid749.tiff,WESTERN TRANSITION
REU7OWG5HQ_chipid3928.tiff,WESTERN TRANSITION
G32BIPRKL4_chipid1855.tiff,WESTERN TRANSITION
PPPZ74J98A_chipid62.tiff,NORTH EAST DRY
GG0291E9PX_chipid310.tiff,COASTAL
ABBSOC9T6M_chipid2695.tiff,WESTERN TRANSITION
VYNF4VOUOS_chipid884.tiff,COASTAL
NXDUX2XA4C_chipid2749.tiff,WESTERN TRANSITION
FVRMLXUEA2_chipid2174.tiff,COASTAL
LDDCJXPIZY_chipid766.tiff,WESTERN TRANSITION
DKHZM54K6J_chipid1732.tiff,SOUTHERN DRY
4Y9TUGLE0Q_chipid4555.tiff,HILL
143QHX084R_chipid719.tiff,WESTERN TRANSITION
4ZD35NE54Y_chipid1650.tiff,SOUTHERN DRY
P6W5RB6261_chipid1475.tiff,HILL
YXEQ97JXDJ_chipid4593.tiff,HILL
2JLTGS19QU_chipid589.tiff,COASTAL
UQ3O69QUR9_chipid1873.tiff,WESTERN TRANSITION
5QCI247BA1_chipid85.tiff,COASTAL
CAYUUEQB8Y_chipid1039.tiff,NORTHERN DRY
FLVLDMMHQW_chipid393.tiff,NORTH EAST DRY
RKX4GXU4Q6_chipid929.tiff,SOUTHERN DRY
5QLDKG3FGW_chipid866.tiff,SOUTHERN DRY
BK2MBFZAWU_chipid454.tiff,WESTERN TRANSITION
JXTSOEPPKF_chipid1495.tiff,HILL
UIAYQZ9WE9_chipid1099.tiff,SOUTHERN DRY
IQKG0PF56W_chipid301.tiff,SOUTHERN DRY
SFPKF83KYB_chipid4186.tiff,HILL
DEEIELUNXS_chipid1856.tiff,WESTERN TRANSITION
Z0II036EXU_chipid107.tiff,HILL
FXDDLOFRG1_chipid3018.tiff,HILL
IG68IGHAYV_chipid1062.tiff,NORTHERN DRY
W0JA8TMQ98_chipid2564.tiff,WESTERN TRANSITION
EUNU2XTBY6_chipid129.tiff,HILL
ZP6Q1HPIEQ_chipid4183.tiff,HILL
S6V9NWY61A_chipid1421.tiff,NORTHERN DRY
VFPVW2SQN7_chipid1512.tiff,HILL
KVZ4YV0ZCS_chipid1486.tiff,HILL
DXZPW226SO_chipid36.tiff,NORTH EAST DRY
BX32TY7530_chipid1888.tiff,WESTERN TRANSITION
05IMU3D3PL_chipid1767.tiff,NORTHERN DRY
GUJ8WSGG5T_chipid70.tiff,HILL
PKNSAUYXAA_chipid179.tiff,NORTHERN DRY
PR8VBW2FK2_chipid144.tiff,HILL
ZI6UD3KIDY_chipid78.tiff,HILL
CUDFG5UX3B_chipid367.tiff,NORTH EAST DRY
F816SUH50N_chipid1020.tiff,SOUTHERN DRY
FPIW1AV0IR_chipid341.tiff,NORTH EAST DRY
71GONNEJMC_chipid4187.tiff,HILL
GHRMTWG4N1_chipid354.tiff,HILL
HKZG3EBN6U_chipid2578.tiff,WESTERN TRANSITION
SJZ5744CXI_chipid934.tiff,SOUTHERN DRY
M5SEL41EWL_chipid561.tiff,COASTAL
266M3BFR9Q_chipid1868.tiff,WESTERN TRANSITION
DR7F3DGRS7_chipid918.tiff,COASTAL
37BPTBM85M_chipid564.tiff,COASTAL
AN18HXVARU_chipid280.tiff,SOUTHERN DRY
TXKNM7V0TZ_chipid2732.tiff,WESTERN TRANSITION
H7ZR0TVFGN_chipid1663.tiff,SOUTHERN DRY
5SLBB7E7JJ_chipid1046.tiff,NORTHERN DRY
F8A9O9NAK0_chipid1098.tiff,SOUTHERN DRY
0CW2F37MU5_chipid273.tiff,SOUTHERN DRY
A26EE0EMGQ_chipid864.tiff,SOUTHERN DRY
6VJSSGTWAQ_chipid402.tiff,WESTERN TRANSITION
6M6ATHEMIO_chipid550.tiff,SOUTHERN DRY
UGDD33SNQP_chipid337.tiff,NORTH EAST DRY
OUL3W01G48_chipid1339.tiff,COASTAL
3E4VU5PY0H_chipid1686.tiff,SOUTHERN DRY
C20ONY3K51_chipid2762.tiff,WESTERN TRANSITION
64FQ2YET0F_chipid24.tiff,NORTH EAST DRY
CBQSSF14NQ_chipid1223.tiff,COASTAL
X1J89PWY82_chipid318.tiff,COASTAL
497MB6MC52_chipid1323.tiff,COASTAL
55EAO2SC9G_chipid41.tiff,HILL
2QRYFFSTOX_chipid954.tiff,SOUTHERN DRY
8MT70ZWRM2_chipid360.tiff,NORTH EAST DRY
5TAGDOIF0W_chipid1925.tiff,SOUTHERN DRY
24MU7ND35P_chipid261.tiff,NORTH EAST DRY
2LHZVI5BX0_chipid913.tiff,COASTAL
G8HJB99M0E_chipid503.tiff,NORTH EAST DRY
PMXMQNHC27_chipid533.tiff,SOUTHERN DRY
2ZBF2IRHW6_chipid88.tiff,HILL
21WG363QZR_chipid2035.tiff,COASTAL
WARU0XOZK4_chipid835.tiff,COASTAL
HZBO7LYKM9_chipid212.tiff,NORTH EAST DRY
NDTPVH4F8P_chipid325.tiff,NORTH EAST DRY
20UVJ37ANH_chipid596.tiff,COASTAL
NZZE1XJOWS_chipid2063.tiff,HILL
SSO8Z1PI7P_chipid447.tiff,WESTERN TRANSITION
A2LE1BP2B2_chipid3027.tiff,HILL
5J0OHBO9HL_chipid1063.tiff,NORTHERN DRY
1CAD1KNLZX_chipid133.tiff,NORTH EAST DRY
1OHZBDPTO1_chipid703.tiff,WESTERN TRANSITION
RYI1LSA75Q_chipid56.tiff,COASTAL
ETRXOHO9Z5_chipid4574.tiff,HILL
MOGGFOZCYR_chipid2562.tiff,WESTERN TRANSITION
67DVV3AN3G_chipid890.tiff,COASTAL
3XKGVPW9LG_chipid1057.tiff,NORTHERN DRY
Y8FVY8TTMI_chipid169.tiff,NORTHERN DRY
86M2RF0E15_chipid157.tiff,NORTHERN DRY
29D2TF8R4R_chipid64.tiff,NORTH EAST DRY
TIQ2UTS212_chipid1864.tiff,WESTERN TRANSITION
1K8VSN4LTE_chipid2989.tiff,HILL
SATJE1EXCE_chipid89.tiff,NORTH EAST DRY
PGFDUFMWZ1_chipid1435.tiff,NORTHERN DRY
NN8VTM8WIG_chipid796.tiff,COASTAL
HNTNDAM6B9_chipid1471.tiff,HILL
X8XTBJL2KH_chipid3932.tiff,WESTERN TRANSITION
P396A9BV09_chipid3042.tiff,HILL
PDGXB7U30Y_chipid713.tiff,WESTERN TRANSITION
H6G1OGKKSD_chipid3814.tiff,HILL
VVXOGCSCCI_chipid4216.tiff,HILL
BS8M3PDQYO_chipid1870.tiff,WESTERN TRANSITION
ZU2WBO88ZS_chipid4690.tiff,HILL
HZGGL0QAKG_chipid2683.tiff,WESTERN TRANSITION
6L2QIOFGXA_chipid414.tiff,NORTH EAST DRY
8GBLEWKJYF_chipid3052.tiff,HILL
77973MZ9SP_chipid2009.tiff,COASTAL
GBG7XS4VGA_chipid2216.tiff,SOUTHERN DRY
LWWZ72MLSZ_chipid510.tiff,NORTH EAST DRY
BEU8I9NPJB_chipid753.tiff,WESTERN TRANSITION
84TH5E8USM_chipid443.tiff,NORTH EAST DRY
J1YS17L66J_chipid5039.tiff,HILL
582O2J8B0W_chipid1333.tiff,COASTAL
WWF7ZKM4HD_chipid1076.tiff,SOUTHERN DRY
DI39SSP8P7_chipid1458.tiff,NORTHERN DRY
CGR74HP7K4_chipid72.tiff,COASTAL
00LPKHZGF4_chipid2537.tiff,WESTERN TRANSITION
7YRU5EVWVW_chipid930.tiff,SOUTHERN DRY
FUA4JVYL7F_chipid40.tiff,NORTH EAST DRY
30DWS62QSC_chipid2177.tiff,COASTAL
4MNTDATPGX_chipid2596.tiff,WESTERN TRANSITION
1AOCN126ES_chipid945.tiff,SOUTHERN DRY
2RM4OJY16R_chipid117.tiff,HILL
8TA6S10SMQ_chipid4542.tiff,HILL
R8HB8TYW3D_chipid2577.tiff,WESTERN TRANSITION
VH085X6WRH_chipid210.tiff,NORTH EAST DRY
EVVE9037N1_chipid370.tiff,HILL
T4CI0J1MWS_chipid612.tiff,COASTAL
VSXKX7ZAZ0_chipid1051.tiff,NORTHERN DRY
4WKDMZT5DI_chipid4222.tiff,HILL
B3TKNGP6QC_chipid150.tiff,NORTHERN DRY
VCRSJBWEMH_chipid151.tiff,NORTHERN DRY
JB6H0NUI2Z_chipid402.tiff,NORTH EAST DRY
P5ECFDJF71_chipid4224.tiff,HILL
MB9V3F71O2_chipid559.tiff,SOUTHERN DRY
N4PY67QY8T_chipid319.tiff,NORTH EAST DRY
RMBDKAEL90_chipid1842.tiff,WESTERN TRANSITION
BRFW13GTT7_chipid3807.tiff,HILL
XRU0A2ZK3J_chipid2152.tiff,COASTAL
LEO2UOEF5U_chipid3892.tiff,WESTERN TRANSITION
XY6UHVWHZJ_chipid2703.tiff,WESTERN TRANSITION
K1MRL6LRRG_chipid1740.tiff,NORTHERN DRY
NNHOHV3OSE_chipid3091.tiff,HILL
2P69UL3WQS_chipid5056.tiff,HILL
BLU2LCRC61_chipid1380.tiff,HILL
YVRZ57M05U_chipid2549.tiff,WESTERN TRANSITION
RYQR9UTO1L_chipid483.tiff,NORTH EAST DRY
YGE2Y3ZS8G_chipid290.tiff,SOUTHERN DRY
DGMX7X32RN_chipid4679.tiff,HILL
F0UXCQ38JF_chipid3841.tiff,HILL
7UFTVTQT8Z_chipid3038.tiff,HILL
YENE3NRZ5Z_chipid398.tiff,WESTERN TRANSITION
HT516M8F7J_chipid1669.tiff,SOUTHERN DRY
DHA0L0YXR6_chipid2573.tiff,WESTERN TRANSITION
AJVPDBZ8YX_chipid258.tiff,SOUTHERN DRY
KWVJGGOSXS_chipid4202.tiff,HILL
2YXSFVI2LE_chipid14.tiff,COASTAL
W2VC0P4ZRG_chipid378.tiff,NORTH EAST DRY
I8MXTSMKRO_chipid106.tiff,HILL
A850YE4DL9_chipid2086.tiff,HILL
HGPW0L73RA_chipid593.tiff,COASTAL
J6C6J9DA55_chipid175.tiff,NORTH EAST DRY
WM6QXQIXY0_chipid61.tiff,COASTAL
KJBRWE4QDM_chipid2726.tiff,WESTERN TRANSITION
0L42BMATHX_chipid1235.tiff,COASTAL
QK7S8WL9QZ_chipid37.tiff,HILL
PZ3GD70ZWP_chipid436.tiff,NORTH EAST DRY
0H843CKAZO_chipid716.tiff,WESTERN TRANSITION
IEP21UCEXT_chipid1346.tiff,COASTAL
YMLOWHWFUO_chipid637.tiff,WESTERN TRANSITION
PWYCVV7X74_chipid426.tiff,WESTERN TRANSITION
2Q1W9BQYOG_chipid1886.tiff,WESTERN TRANSITION
Z2RVBIRWRW_chipid1783.tiff,NORTHERN DRY
PF4T6X849B_chipid315.tiff,COASTAL
P7I6CP1QXO_chipid407.tiff,NORTH EAST DRY
29WXRI8PEU_chipid1748.tiff,NORTHERN DRY
M4OSJQ3YJX_chipid2034.tiff,COASTAL
6Q9J7VB2E8_chipid1461.tiff,NORTHERN DRY
85UAIUNSTC_chipid1862.tiff,WESTERN TRANSITION
P7QCU8ERMC_chipid2074.tiff,HILL
70KFJGRZ7P_chipid2147.tiff,COASTAL
LNU76YMTKF_chipid2687.tiff,WESTERN TRANSITION
OB59TV7LCZ_chipid2540.tiff,WESTERN TRANSITION
CRKAUE2KTC_chipid2999.tiff,HILL
2YLUC42HWZ_chipid4592.tiff,HILL
WUBWK17J0N_chipid1449.tiff,NORTHERN DRY
PR4HW3W29I_chipid41.tiff,NORTH EAST DRY
X9A0TNCWI7_chipid3061.tiff,HILL
H9KGQTLNPW_chipid96.tiff,HILL
MLKTHD9NZK_chipid4221.tiff,HILL
F0GCCLDSCB_chipid132.tiff,HILL
DNQDBNV7DU_chipid2154.tiff,COASTAL
E5E5YMP2G8_chipid661.tiff,WESTERN TRANSITION
O6L51O5EOV_chipid44.tiff,COASTAL
QGOT5UXW96_chipid427.tiff,NORTH EAST DRY
7W7VATT9N5_chipid48.tiff,HILL
I2NXFE70QS_chipid538.tiff,SOUTHERN DRY
40E1SC4BCN_chipid128.tiff,NORTH EAST DRY
YCA1M3AT9E_chipid3.tiff,HILL
45UH8XEXID_chipid358.tiff,NORTH EAST DRY
CB7NSX6OKW_chipid905.tiff,COASTAL
PSWMWQ4Y6I_chipid373.tiff,HILL
HIN2NAE93N_chipid1747.tiff,NORTHERN DRY
Y9TB5AUX5W_chipid1765.tiff,NORTHERN DRY
5FSB0NU4ZV_chipid1312.tiff,COASTAL
0HXE2444GD_chipid299.tiff,NORTH EAST DRY
MZP37S8DQB_chipid2585.tiff,WESTERN TRANSITION
IRPJTB967B_chipid859.tiff,SOUTHERN DRY
T9YCMACHSC_chipid1221.tiff,COASTAL
1FU5CJR5G9_chipid2151.tiff,COASTAL
VWHRJ4CYSO_chipid789.tiff,COASTAL
9LKZZTUT83_chipid183.tiff,NORTHERN DRY
HHAGMBHJTP_chipid1691.tiff,SOUTHERN DRY
TLLWWVKVKZ_chipid3805.tiff,HILL
VFP3BBQJO4_chipid2094.tiff,HILL
5K7DAD5VVD_chipid1911.tiff,SOUTHERN DRY
IIXLWJADMO_chipid83.tiff,NORTH EAST DRY
2G0UX8IF5Q_chipid2547.tiff,WESTERN TRANSITION
DJ1DN7ADHG_chipid759.tiff,WESTERN TRANSITION
8U92WRJ3BA_chipid1774.tiff,NORTHERN DRY
RFNQ1Z0LX5_chipid2.tiff,HILL
ANOSVGUQYH_chipid284.tiff,SOUTHERN DRY
R39Y45PGY1_chipid832.tiff,COASTAL
M0O1RLNI52_chipid620.tiff,WESTERN TRANSITION
USLGLI8X2S_chipid408.tiff,NORTH EAST DRY
7T4B3OTTV7_chipid20.tiff,COASTAL
BDZPFA0864_chipid800.tiff,COASTAL
8WBZHA37JD_chipid3090.tiff,HILL
B7IGQA8LWV_chipid82.tiff,HILL
VOYG3P0DMD_chipid235.tiff,NORTH EAST DRY
LSNGS863K7_chipid857.tiff,SOUTHERN DRY
0R98HZZMQU_chipid1850.tiff,WESTERN TRANSITION
HBUNHE7NDW_chipid272.tiff,NORTH EAST DRY
QYWLDZ6QOR_chipid2051.tiff,HILL
IDLV0WXUIL_chipid1919.tiff,SOUTHERN DRY
X3B4LK0SYD_chipid709.tiff,WESTERN TRANSITION
550X8W303Y_chipid384.tiff,HILL
LFAJ2OSZQU_chipid4556.tiff,HILL
QQMZL61JC7_chipid3916.tiff,WESTERN TRANSITION
L5GEYB3WHT_chipid577.tiff,COASTAL
JVQVQR9Y7O_chipid462.tiff,WESTERN TRANSITION
NLL19ZRKNV_chipid4683.tiff,HILL
QLUMLQAOH8_chipid2699.tiff,WESTERN TRANSITION
9RPN6ICN04_chipid286.tiff,NORTH EAST DRY
A1GTL9LIZM_chipid3103.tiff,HILL
ZHNF98OCYF_chipid4194.tiff,HILL
714NLT98MG_chipid1052.tiff,NORTHERN DRY
7R2UQ5GB3L_chipid1795.tiff,NORTHERN DRY
1ZQZO6ZY91_chipid1065.tiff,NORTHERN DRY
Y6VHRTBNTY_chipid881.tiff,COASTAL
G94M1RE1B3_chipid50.tiff,NORTH EAST DRY
LX3TFRPUP0_chipid6.tiff,HILL
A235EIT8J9_chipid377.tiff,NORTH EAST DRY
ALN1N6SOTR_chipid2020.tiff,COASTAL
KMMIG4QYYS_chipid1720.tiff,SOUTHERN DRY
ETEQXCI5R5_chipid3895.tiff,WESTERN TRANSITION
ABCFOWO10V_chipid245.tiff,NORTH EAST DRY
U0CXKXPQ2C_chipid401.tiff,WESTERN TRANSITION
8TLEQE36CL_chipid58.tiff,COASTAL
22EPVKYU6U_chipid1.tiff,HILL
C5QA7ZCEJW_chipid4689.tiff,HILL
0OG4MNSTB0_chipid86.tiff,NORTH EAST DRY
G73N5NHJG2_chipid280.tiff,NORTH EAST DRY
VVRFXOC5L1_chipid2218.tiff,SOUTHERN DRY
ALAWCM6K9O_chipid1704.tiff,SOUTHERN DRY
V6D3G98X9O_chipid916.tiff,COASTAL
6FA043PTEM_chipid1021.tiff,SOUTHERN DRY
TSJTZM9NLW_chipid1918.tiff,SOUTHERN DRY
72HR4VVG16_chipid603.tiff,COASTAL
T5YZATBENG_chipid2075.tiff,HILL
8DSZ1SQGGT_chipid4589.tiff,HILL
B3C19H6DFL_chipid698.tiff,WESTERN TRANSITION
GC2VRCQ4MK_chipid1189.tiff,COASTAL
HSXOJLHIL0_chipid798.tiff,COASTAL
C1B7SAM3QS_chipid2736.tiff,WESTERN TRANSITION
JPQXBGDEWN_chipid4188.tiff,HILL
T6F7FKUCAL_chipid1874.tiff,WESTERN TRANSITION
ZOOG5AO8J7_chipid126.tiff,NORTH EAST DRY
X5NJ7J7XKG_chipid5036.tiff,HILL
DAFRHSKEB0_chipid701.tiff,WESTERN TRANSITION
UG8MRJSIS8_chipid780.tiff,WESTERN TRANSITION
9BN7N0771J_chipid2007.tiff,COASTAL
IMAHORGOYM_chipid915.tiff,COASTAL
VA41BA2XIC_chipid827.tiff,COASTAL
ZDMWVLUMMY_chipid1023.tiff,SOUTHERN DRY
VR8DNMSHPG_chipid189.tiff,NORTH EAST DRY
O6DXUP0TYF_chipid1087.tiff,SOUTHERN DRY
H52J6OVDU2_chipid3057.tiff,HILL
BMASLDS3MJ_chipid1894.tiff,SOUTHERN DRY
9NJ7VWCG7J_chipid122.tiff,HILL
HQ8EMZIFS1_chipid783.tiff,WESTERN TRANSITION
GW91FPN7U3_chipid38.tiff,HILL
ZP45XYYIKE_chipid1466.tiff,HILL
FXTYCTMIQP_chipid1337.tiff,COASTAL
UFFMTHZAK5_chipid4703.tiff,HILL
JJ1NPHMTXS_chipid266.tiff,SOUTHERN DRY
CJCT3X8AZ9_chipid3843.tiff,HILL
J2NKRL9Q8T_chipid138.tiff,NORTH EAST DRY
0OSMZAM0QW_chipid190.tiff,NORTH EAST DRY
YRM01VUHW8_chipid1851.tiff,WESTERN TRANSITION
4D9U3Q42BQ_chipid2052.tiff,HILL
WFY54M4K7P_chipid4199.tiff,HILL
QJT72JEIM2_chipid428.tiff,WESTERN TRANSITION
TP1YJVU9JV_chipid243.tiff,NORTH EAST DRY
0O2FWRWQTP_chipid162.tiff,NORTHERN DRY
7WB3RKTMV5_chipid692.tiff,WESTERN TRANSITION
YNG75BDDBF_chipid117.tiff,NORTH EAST DRY
C4HSRGK5YJ_chipid445.tiff,WESTERN TRANSITION
53CRQSVYRK_chipid364.tiff,HILL
22XEH18RJ3_chipid3887.tiff,WESTERN TRANSITION
RSGVMPQ0DE_chipid2054.tiff,HILL
V1G24CEY4N_chipid695.tiff,WESTERN TRANSITION
Y7KMLY7Z6K_chipid867.tiff,SOUTHERN DRY
SNIQTDDKFU_chipid484.tiff,NORTH EAST DRY
LZAIY8IOID_chipid2173.tiff,COASTAL
000AFZWRTK_chipid546.tiff,SOUTHERN DRY
CP9J5RKOVA_chipid512.tiff,COASTAL
KU35W3SMCM_chipid2682.tiff,WESTERN TRANSITION
SKAWWUL1HQ_chipid3096.tiff,HILL
2PF3P8DBLQ_chipid584.tiff,COASTAL
EINZ49SII9_chipid160.tiff,NORTH EAST DRY
HHZ57VY7PD_chipid3818.tiff,HILL
8F6PVRFTTE_chipid3.tiff,COASTAL
ERXXDK9VAI_chipid3800.tiff,HILL
VDHSJ5U6UL_chipid46.tiff,NORTH EAST DRY
V9AJZV00RU_chipid31.tiff,COASTAL
F9DD30JA5G_chipid2592.tiff,WESTERN TRANSITION
1N1OQZDHFR_chipid1095.tiff,SOUTHERN DRY
4UPDBKQ9EA_chipid1668.tiff,SOUTHERN DRY
JTQS69JPWH_chipid513.tiff,NORTH EAST DRY
35GCGNRFJT_chipid112.tiff,HILL
SMHX3SYEGD_chipid119.tiff,NORTH EAST DRY
D5GBTDVVLX_chipid1912.tiff,SOUTHERN DRY
9U1RQVXVP0_chipid82.tiff,COASTAL
ALMHGFWXDH_chipid996.tiff,SOUTHERN DRY
MC1EYNK2PP_chipid103.tiff,NORTH EAST DRY
FDLDWCDJGP_chipid508.tiff,COASTAL
RC6LTGE5D8_chipid2211.tiff,SOUTHERN DRY
TN2O1YIAVI_chipid296.tiff,NORTH EAST DRY
Q2WK7IJ127_chipid1867.tiff,WESTERN TRANSITION
UA9D9JTDGY_chipid4230.tiff,HILL
PVECWQR629_chipid1044.tiff,NORTHERN DRY
DI8LZXK6FR_chipid2774.tiff,WESTERN TRANSITION
72F4G6DN86_chipid3926.tiff,WESTERN TRANSITION
KP3K715DML_chipid52.tiff,HILL
2F6B7X0P6E_chipid177.tiff,NORTHERN DRY
C5LU71DRZN_chipid1015.tiff,SOUTHERN DRY
DIRVPV5645_chipid1035.tiff,NORTHERN DRY
7CW401LOE1_chipid1666.tiff,SOUTHERN DRY
GUBATRWNOF_chipid1061.tiff,NORTHERN DRY
YZBGORKZIB_chipid3915.tiff,WESTERN TRANSITION
HTZIZ98IRR_chipid424.tiff,NORTH EAST DRY
AN0UX52CDY_chipid395.tiff,NORTH EAST DRY
GBGJDTRBKS_chipid32.tiff,HILL
55D4ZJC092_chipid1745.tiff,NORTHERN DRY
2JVKWAV02M_chipid198.tiff,NORTH EAST DRY
6MPOZ5O3JF_chipid4595.tiff,HILL
MEVF644T2M_chipid4181.tiff,HILL
SWE12R4D5I_chipid2069.tiff,HILL
I5X16NO5XB_chipid3899.tiff,WESTERN TRANSITION
ETU9551UYO_chipid536.tiff,SOUTHERN DRY
RD7S4I19U1_chipid100.tiff,NORTH EAST DRY
LQAY08EMJW_chipid5065.tiff,HILL
5L26WTGLSI_chipid518.tiff,SOUTHERN DRY
WCW4X8IMDI_chipid171.tiff,NORTHERN DRY
OFQ0TN92KI_chipid927.tiff,SOUTHERN DRY
GIDSSNBXYX_chipid355.tiff,HILL
DH8B2SYYK6_chipid214.tiff,NORTH EAST DRY
5OP79YHSPD_chipid737.tiff,WESTERN TRANSITION
INFBJI907D_chipid1315.tiff,COASTAL
9O48T6BP0V_chipid1388.tiff,HILL
2TVZFHSBW4_chipid1396.tiff,HILL
9RFAF4Z98B_chipid1736.tiff,SOUTHERN DRY
8LFUCCBFBG_chipid2533.tiff,WESTERN TRANSITION
AO5KNR5I28_chipid489.tiff,NORTH EAST DRY
Y8A1U29BRU_chipid557.tiff,SOUTHERN DRY
LTC37WDEQB_chipid27.tiff,COASTAL
78UEKK7TBF_chipid524.tiff,SOUTHERN DRY
QHR89C65EB_chipid1054.tiff,NORTHERN DRY
1LCISV7PP5_chipid976.tiff,SOUTHERN DRY
8IL8OAR70M_chipid3893.tiff,WESTERN TRANSITION
QF3H6UEO6K_chipid283.tiff,SOUTHERN DRY
877Y1THBON_chipid15.tiff,COASTAL
S8BY1IOAI6_chipid801.tiff,COASTAL
VRJE3CDI6U_chipid1899.tiff,SOUTHERN DRY
YT7TC5T2EI_chipid4680.tiff,HILL
XQOGX5UJ4W_chipid497.tiff,COASTAL
2BIQB2X8PH_chipid1216.tiff,COASTAL
SLLOLU9DMU_chipid31.tiff,HILL
8NJFOY0Z84_chipid380.tiff,NORTH EAST DRY
1J7RRAVF3L_chipid4716.tiff,HILL
2A8KFHDFIM_chipid10.tiff,HILL
J3R78OYQM6_chipid182.tiff,NORTHERN DRY
72Y8KT0935_chipid3070.tiff,HILL
J2FJY3CMFK_chipid1768.tiff,NORTHERN DRY
W4SXJOFYV5_chipid142.tiff,NORTH EAST DRY
088Q7QFC2P_chipid1049.tiff,NORTHERN DRY
LWL6F9OQ6B_chipid3051.tiff,HILL
1NUCBTC0DO_chipid3102.tiff,HILL
ZSR4Y2OJCT_chipid1040.tiff,NORTHERN DRY
N477GKDCMC_chipid1220.tiff,COASTAL
ZXRA6PQ59K_chipid126.tiff,HILL
XQCZ8NM2FL_chipid418.tiff,WESTERN TRANSITION
VW008O9O8Y_chipid152.tiff,NORTHERN DRY
ZDPFYL3ULM_chipid1758.tiff,NORTHERN DRY
XZWKVEYIY3_chipid458.tiff,WESTERN TRANSITION
T1RAAZQW9K_chipid4567.tiff,HILL
LWU60V1U9S_chipid86.tiff,COASTAL
07FON3SLGU_chipid206.tiff,NORTH EAST DRY
DA164Q5UJF_chipid324.tiff,NORTH EAST DRY
3YUTN1952W_chipid1906.tiff,SOUTHERN DRY
R3X4C8YAWI_chipid487.tiff,NORTH EAST DRY
8KXWGDV3VF_chipid2217.tiff,SOUTHERN DRY
295PX9XVS6_chipid25.tiff,COASTAL
M6JXNUQIZ6_chipid2541.tiff,WESTERN TRANSITION
IIT07LMTH5_chipid112.tiff,NORTH EAST DRY
PLP0GY703G_chipid426.tiff,NORTH EAST DRY
TRVNBSRPAI_chipid275.tiff,NORTH EAST DRY
2PNI0F2OQ6_chipid1309.tiff,COASTAL
6CKRX9UNZC_chipid3056.tiff,HILL
V8RAMSJK4R_chipid4205.tiff,HILL
U1PVGCQPVQ_chipid567.tiff,COASTAL
3E26BTRAAA_chipid1480.tiff,HILL
W224GSL753_chipid156.tiff,NORTHERN DRY
XK5VNC64L1_chipid724.tiff,WESTERN TRANSITION
0E54JM8LCF_chipid73.tiff,NORTH EAST DRY
OYABEF1AVU_chipid1356.tiff,COASTAL
5C6IRSJYJ5_chipid257.tiff,SOUTHERN DRY
O8QGUV308U_chipid1738.tiff,NORTHERN DRY
BQPLZ1JIS5_chipid1848.tiff,WESTERN TRANSITION
XGVUUTNPF2_chipid15.tiff,NORTH EAST DRY
FM7UHRR97J_chipid2740.tiff,WESTERN TRANSITION
GJRJ2RT3RI_chipid880.tiff,COASTAL
FOC5TKKUOV_chipid2206.tiff,SOUTHERN DRY
TFP2LNBRXI_chipid463.tiff,NORTH EAST DRY
B7VN6ILHD0_chipid250.tiff,NORTH EAST DRY
1UABF9U7H9_chipid339.tiff,COASTAL
FK7S2QW1RF_chipid481.tiff,NORTH EAST DRY
ZIYT7JSB5X_chipid662.tiff,WESTERN TRANSITION
YV6KLITSD7_chipid86.tiff,HILL
HQSNSX8YFI_chipid3829.tiff,HILL
2DYC6K0JO0_chipid1.tiff,COASTAL
QNU08FB6KH_chipid512.tiff,NORTH EAST DRY
CZFGT6VQVC_chipid3017.tiff,HILL
ZP0FW0VRL7_chipid421.tiff,NORTH EAST DRY
XSVLB75GVP_chipid2744.tiff,WESTERN TRANSITION
31Q50ZC765_chipid1678.tiff,SOUTHERN DRY
SOSD2UO11Q_chipid3016.tiff,HILL
SG4VC65S0D_chipid747.tiff,WESTERN TRANSITION
ZTCB47FTPM_chipid3046.tiff,HILL
SMVHMZCNU3_chipid65.tiff,COASTAL
UAUSUI9XE0_chipid2159.tiff,COASTAL
NQXKPBNXED_chipid3848.tiff,HILL
Q53IDVHK8Q_chipid1432.tiff,NORTHERN DRY
LKQXFOB3JA_chipid2722.tiff,WESTERN TRANSITION
EO1JWL2NPN_chipid932.tiff,SOUTHERN DRY
GIY37HZ8AN_chipid1048.tiff,NORTHERN DRY
SUR8UQ8BE2_chipid1468.tiff,HILL
F93FSGILHE_chipid409.tiff,WESTERN TRANSITION
F0KVR9SYH8_chipid174.tiff,NORTH EAST DRY
O19WRESFIA_chipid4.tiff,HILL
GUW782SEWG_chipid2731.tiff,WESTERN TRANSITION
B5O955U2UK_chipid3059.tiff,HILL
8R2XAPA2DN_chipid633.tiff,WESTERN TRANSITION
86IKZWM430_chipid2546.tiff,WESTERN TRANSITION
Q2545BM9IA_chipid598.tiff,COASTAL
GSNNFBIIBV_chipid2076.tiff,HILL
P22YFMGR24_chipid3910.tiff,WESTERN TRANSITION
R3TYYHTAI4_chipid718.tiff,WESTERN TRANSITION
PKE6SNVDIV_chipid4238.tiff,HILL
GDZY9CRGOA_chipid4213.tiff,HILL
Y8UJS6C6PW_chipid2535.tiff,WESTERN TRANSITION
RVCHFNGKQG_chipid4572.tiff,HILL
95IW4BTAGT_chipid425.tiff,WESTERN TRANSITION
0L05PZH2RM_chipid247.tiff,NORTH EAST DRY
2F6J5FXNC2_chipid321.tiff,NORTH EAST DRY
0PD701WAGI_chipid1036.tiff,NORTHERN DRY
5HX47DFEPV_chipid40.tiff,COASTAL
HGM6LCY98S_chipid1215.tiff,COASTAL
1Y3J0SLB10_chipid1426.tiff,NORTHERN DRY
MLDP3SC958_chipid3917.tiff,WESTERN TRANSITION
EU3HFCGOVU_chipid2720.tiff,WESTERN TRANSITION
36AC8KW2KK_chipid2028.tiff,COASTAL
PDE646L42V_chipid2764.tiff,WESTERN TRANSITION
TGE5ALY91O_chipid2677.tiff,WESTERN TRANSITION
VTM0RUIYE4_chipid2559.tiff,WESTERN TRANSITION
XU8Z2FC73W_chipid1218.tiff,COASTAL
3AYY3NWBS3_chipid218.tiff,NORTH EAST DRY
AWVVGXDNAL_chipid3083.tiff,HILL
KQ9F2HHM51_chipid2739.tiff,WESTERN TRANSITION
XR8U1O6BIJ_chipid4599.tiff,HILL
HWVPE1SW0G_chipid3914.tiff,WESTERN TRANSITION
RT1M6SKYMB_chipid1428.tiff,NORTHERN DRY
JL05P3GAP8_chipid71.tiff,NORTH EAST DRY
3WA6I2BTK9_chipid3812.tiff,HILL
FQKUYG5VLG_chipid311.tiff,COASTAL
PDO9TXZPUJ_chipid1881.tiff,WESTERN TRANSITION
IR4YEYOLQ1_chipid3115.tiff,HILL
RTF1ILHMJO_chipid691.tiff,WESTERN TRANSITION
4I7TK4VDMA_chipid1779.tiff,NORTHERN DRY
37DLWEFE2T_chipid1865.tiff,WESTERN TRANSITION
4NCP8HA7XY_chipid4717.tiff,HILL
96TB6TQ2FI_chipid263.tiff,SOUTHERN DRY
V09JEV9ZPM_chipid948.tiff,SOUTHERN DRY
5G47RIJX5C_chipid3900.tiff,WESTERN TRANSITION
MKKX1Y1PV2_chipid988.tiff,SOUTHERN DRY
JR4HFEE5EI_chipid1841.tiff,WESTERN TRANSITION
JADTXPJPG3_chipid1200.tiff,COASTAL
YHKNVW5YQY_chipid2729.tiff,WESTERN TRANSITION
NSVWPS5N59_chipid910.tiff,COASTAL
ZX2NK3U7KX_chipid88.tiff,COASTAL
50ZV4EXRW2_chipid583.tiff,COASTAL
7T3HSDR55T_chipid1889.tiff,WESTERN TRANSITION
469GPOJ6ID_chipid628.tiff,WESTERN TRANSITION
MFR5TRR9DU_chipid2049.tiff,HILL
TJDZVB6I4M_chipid3.tiff,NORTH EAST DRY
SLGON46JA9_chipid2706.tiff,WESTERN TRANSITION
6ZRFXTZRYY_chipid1229.tiff,COASTAL
29WETBH4O0_chipid4552.tiff,HILL
1121MTRFCJ_chipid268.tiff,NORTH EAST DRY
XIXLIPA28D_chipid664.tiff,WESTERN TRANSITION
M6L06CB1WM_chipid1477.tiff,HILL
NW4CHGZOH2_chipid2087.tiff,HILL
YA6ZOQ467I_chipid1017.tiff,SOUTHERN DRY
TGENXPUJVL_chipid3929.tiff,WESTERN TRANSITION
K2N2WEIXYY_chipid1313.tiff,COASTAL
VDCQM8X6HF_chipid2697.tiff,WESTERN TRANSITION
U4Q2GZD0O8_chipid184.tiff,NORTH EAST DRY
W4FX6Y4GI0_chipid1359.tiff,COASTAL
FQGOQKD3XE_chipid1858.tiff,WESTERN TRANSITION
GS6OMR3ELX_chipid56.tiff,NORTH EAST DRY
74CJ39RJMM_chipid261.tiff,SOUTHERN DRY
B0TS53JR8S_chipid3020.tiff,HILL
ZWB3DCUYPQ_chipid168.tiff,NORTHERN DRY
ILTPQUI0T7_chipid1772.tiff,NORTHERN DRY
AFVKRPEO7D_chipid3101.tiff,HILL
9EYB45PNK3_chipid1876.tiff,WESTERN TRANSITION
RSWVYPCIM8_chipid3886.tiff,WESTERN TRANSITION
7RJN8VNWJH_chipid362.tiff,NORTH EAST DRY
6FQXT8VMY5_chipid1751.tiff,NORTHERN DRY
0XCQBU0MSY_chipid477.tiff,COASTAL
E02S7FQ4ML_chipid1849.tiff,WESTERN TRANSITION
88LEIY7PY6_chipid3919.tiff,WESTERN TRANSITION
O5FNU3MF3L_chipid1376.tiff,HILL
4XDDVWI7B2_chipid98.tiff,HILL
K2TX6HCEML_chipid975.tiff,SOUTHERN DRY
FNRZT21VU9_chipid480.tiff,NORTH EAST DRY
MW9ACGGF6R_chipid1091.tiff,SOUTHERN DRY
YRZIQGNKQA_chipid908.tiff,COASTAL
UN3BU78I75_chipid2081.tiff,HILL
8R648RTNLB_chipid185.tiff,NORTH EAST DRY
BSSXZIIRNF_chipid1208.tiff,COASTAL
DNL0JANX8V_chipid453.tiff,NORTH EAST DRY
UH3ANJW1DK_chipid1729.tiff,SOUTHERN DRY
I87OD0C3HQ_chipid21.tiff,COASTAL
G1DSD72W74_chipid2042.tiff,HILL
GT51TTX2Z5_chipid451.tiff,WESTERN TRANSITION
64L7EBSHQI_chipid2996.tiff,HILL
8M5B8PKPHY_chipid290.tiff,NORTH EAST DRY
R48YBMJ1T2_chipid116.tiff,HILL
88IJGT4P84_chipid1757.tiff,NORTHERN DRY
7YIS04SY9Q_chipid646.tiff,WESTERN TRANSITION
EUHL6RBKZV_chipid1192.tiff,COASTAL
C2XJUIPYSK_chipid175.tiff,NORTHERN DRY
M1CDGHJSCA_chipid91.tiff,HILL
XCBN3R0I5B_chipid1922.tiff,SOUTHERN DRY
2LBQZO9FCN_chipid904.tiff,COASTAL
FTGPEF8SXO_chipid442.tiff,WESTERN TRANSITION
60ZRVJP9L2_chipid444.tiff,NORTH EAST DRY
W5N5CTBGG8_chipid4581.tiff,HILL
1CW76SWG8I_chipid2225.tiff,SOUTHERN DRY
ABJFV3LZ7O_chipid849.tiff,SOUTHERN DRY
4XH3RR24MF_chipid449.tiff,NORTH EAST DRY
DHH6USDMF5_chipid4596.tiff,HILL
7K5UQ9KC14_chipid164.tiff,NORTH EAST DRY
V8456NA197_chipid1372.tiff,HILL
HZVF4Y71T8_chipid858.tiff,SOUTHERN DRY
CNZHWO60I2_chipid2684.tiff,WESTERN TRANSITION
7ELGLOKEED_chipid1420.tiff,NORTHERN DRY
XKS0DUEZUY_chipid340.tiff,NORTH EAST DRY
MOVGXKSUEE_chipid3833.tiff,HILL
LLO3VQM7V9_chipid425.tiff,NORTH EAST DRY
X2N809PGGM_chipid255.tiff,NORTH EAST DRY
SL779QGRSZ_chipid224.tiff,NORTH EAST DRY
MP6RCNE92X_chipid415.tiff,WESTERN TRANSITION
REK7D31TIM_chipid68.tiff,COASTAL
1JQ05AYF52_chipid3844.tiff,HILL
CU5G5MPA3D_chipid282.tiff,SOUTHERN DRY
34CUWZGY6W_chipid1034.tiff,NORTHERN DRY
RWDBU21FHX_chipid29.tiff,HILL
VNC2YLYCZG_chipid3804.tiff,HILL
TRHOUTH610_chipid510.tiff,COASTAL
F2B7Q9S2T3_chipid1041.tiff,NORTHERN DRY
VXXY2WI2A0_chipid752.tiff,WESTERN TRANSITION
09162TZ4ML_chipid3097.tiff,HILL
626S690WKJ_chipid862.tiff,SOUTHERN DRY
Q18BC32QY1_chipid294.tiff,SOUTHERN DRY
F98X4IJRG2_chipid1481.tiff,HILL
MQKZY0STGA_chipid3890.tiff,WESTERN TRANSITION
X48RLZECIQ_chipid473.tiff,COASTAL
UPESMQNC28_chipid2095.tiff,HILL
QZ0M8ZIZH9_chipid456.tiff,NORTH EAST DRY
62DGER0K2U_chipid2168.tiff,COASTAL
1G7QR1GB18_chipid4696.tiff,HILL
RJK67DGEFO_chipid241.tiff,NORTH EAST DRY
IHKYJ57OR9_chipid492.tiff,COASTAL
QXBVFFRPI2_chipid179.tiff,NORTH EAST DRY
0CAJJWQTH7_chipid183.tiff,NORTH EAST DRY
8IRW8Q1WJD_chipid1713.tiff,SOUTHERN DRY
ZBQFIHCDQU_chipid896.tiff,COASTAL
J62BHNMRI2_chipid508.tiff,NORTH EAST DRY
WGSV1CXA6I_chipid2062.tiff,HILL
YFW0YB1HPE_chipid2204.tiff,SOUTHERN DRY
ULT6SMD3JA_chipid1329.tiff,COASTAL
ORIO8LBI5B_chipid1001.tiff,SOUTHERN DRY
RDPL3C6L2K_chipid384.tiff,NORTH EAST DRY
VH7FB04K0U_chipid1411.tiff,HILL
TT5JJI668Y_chipid647.tiff,WESTERN TRANSITION
TNVB1QLIFI_chipid928.tiff,SOUTHERN DRY
8L2U9JN5U9_chipid373.tiff,NORTH EAST DRY
9WIWMMB46N_chipid338.tiff,COASTAL
RXRGG5KEIX_chipid417.tiff,NORTH EAST DRY
P2IA4RAWCF_chipid439.tiff,NORTH EAST DRY
5SYAICRRBR_chipid1361.tiff,COASTAL
2QGOS0CERE_chipid246.tiff,NORTH EAST DRY
2F70QR977C_chipid2532.tiff,WESTERN TRANSITION
XGOONJG1AS_chipid2148.tiff,COASTAL
ZA9HZSWLXE_chipid490.tiff,COASTAL
031U3Y3MPA_chipid309.tiff,NORTH EAST DRY
FISEKNHRMG_chipid22.tiff,NORTH EAST DRY
1GRBTAE4M8_chipid106.tiff,NORTH EAST DRY
6ANZMWOZ62_chipid391.tiff,HILL
J7Q8IWQAO8_chipid1363.tiff,COASTAL
I2057EAPP9_chipid1489.tiff,HILL
MB7KUZRDKW_chipid778.tiff,WESTERN TRANSITION
66V5UBI9A2_chipid1469.tiff,HILL
63RS5OW2WO_chipid700.tiff,WESTERN TRANSITION
W36VS327KX_chipid1716.tiff,SOUTHERN DRY
MKV9TICYOO_chipid3088.tiff,HILL
ISC0RLMKCY_chipid130.tiff,NORTH EAST DRY
5NZHLP8P7K_chipid1038.tiff,NORTHERN DRY
E798K2RKDZ_chipid1661.tiff,SOUTHERN DRY
43KFC2HLB6_chipid3888.tiff,WESTERN TRANSITION
RW0DUX4M8D_chipid2707.tiff,WESTERN TRANSITION
26I8W1NSXI_chipid573.tiff,COASTAL
P7TDRM0JU6_chipid876.tiff,SOUTHERN DRY
X0SBPBMHT1_chipid148.tiff,NORTH EAST DRY
AGUUU8I4OX_chipid141.tiff,NORTHERN DRY
Z2JL8MQYKY_chipid1679.tiff,SOUTHERN DRY
85NE5HLERS_chipid136.tiff,NORTH EAST DRY
LHT9FS2LXU_chipid491.tiff,COASTAL
D5Y4BEWOGD_chipid341.tiff,COASTAL
DT9ZIKH1NL_chipid47.tiff,COASTAL
7N0T0YT7BP_chipid658.tiff,WESTERN TRANSITION
HG1RMSM2DM_chipid5061.tiff,HILL
G58SE7XH41_chipid155.tiff,NORTH EAST DRY
QYAY49A8US_chipid1655.tiff,SOUTHERN DRY
8CRAPT1QUC_chipid1455.tiff,NORTHERN DRY
QP2KPPIX8O_chipid987.tiff,SOUTHERN DRY
DPZV1TW2S5_chipid145.tiff,NORTHERN DRY
07W2UD2HD2_chipid1196.tiff,COASTAL
HD4RX0ICE3_chipid599.tiff,COASTAL
2OOE3ECVME_chipid2228.tiff,SOUTHERN DRY
XV0D5T94F3_chipid2716.tiff,WESTERN TRANSITION
QWSRTREG4Z_chipid1852.tiff,WESTERN TRANSITION
45XYE75GQP_chipid495.tiff,COASTAL
1YJPTSSIWW_chipid906.tiff,COASTAL
3ZNJFCLS89_chipid438.tiff,WESTERN TRANSITION
E92ZE7BT6G_chipid1734.tiff,SOUTHERN DRY
AUB05FS8TC_chipid898.tiff,COASTAL
WTTBHW8A48_chipid111.tiff,NORTH EAST DRY
CCGTP2HCU5_chipid200.tiff,NORTH EAST DRY
FPQI7T8WOC_chipid2029.tiff,COASTAL
UKAHT68AGF_chipid468.tiff,COASTAL
SW6URV0JSL_chipid469.tiff,NORTH EAST DRY
8RHJ092CLM_chipid1682.tiff,SOUTHERN DRY
NX9JEQ41MI_chipid83.tiff,HILL
M49F7NZGBQ_chipid1725.tiff,SOUTHERN DRY
KSXUD344DL_chipid158.tiff,NORTH EAST DRY
BRROD75381_chipid338.tiff,NORTH EAST DRY
PLHWOJPPTZ_chipid2570.tiff,WESTERN TRANSITION
72YMGHB105_chipid36.tiff,COASTAL
36VW3EMEYL_chipid70.tiff,NORTH EAST DRY
VFIMBIJSLV_chipid3029.tiff,HILL
H67KB2HAVM_chipid54.tiff,COASTAL
ZS07KKTPPB_chipid185.tiff,NORTHERN DRY
VIB9Z1YJ4F_chipid3913.tiff,WESTERN TRANSITION
L0A55H8BWW_chipid327.tiff,NORTH EAST DRY
ZMT9REEHZT_chipid1456.tiff,NORTHERN DRY
VGPPL2XSIL_chipid1322.tiff,COASTAL
8EZPL2W457_chipid732.tiff,WESTERN TRANSITION
6Y34RAZKPR_chipid1994.tiff,COASTAL
JT5GLDBO1J_chipid486.tiff,COASTAL
EHDG6TVCGP_chipid163.tiff,NORTHERN DRY
8Y5DDAP6V4_chipid43.tiff,COASTAL
K1X39KJ8UR_chipid1400.tiff,HILL
89LY4DJUBE_chipid2084.tiff,HILL
8QF2W97C2E_chipid574.tiff,COASTAL
YFMFJ62IW7_chipid306.tiff,NORTH EAST DRY
SFHY07W8JQ_chipid90.tiff,COASTAL
VYCLAXYD9F_chipid4198.tiff,HILL
SBQIFG2P8F_chipid376.tiff,HILL
WWO5WNM3LO_chipid4192.tiff,HILL
3R5SPIDVPV_chipid144.tiff,NORTHERN DRY
L1PL4ZWINJ_chipid3079.tiff,HILL
0TYOTIRCPO_chipid85.tiff,HILL
QOTLNUMH7S_chipid687.tiff,WESTERN TRANSITION
ITJUAE0YKB_chipid84.tiff,NORTH EAST DRY
M8QDTMU32I_chipid26.tiff,HILL
XOTHQ08U0W_chipid61.tiff,NORTH EAST DRY
5S4AH33WM2_chipid1391.tiff,HILL
A5PIOY3RR5_chipid143.tiff,NORTH EAST DRY
XZZ79YQYLO_chipid292.tiff,NORTH EAST DRY
A9Q7M1LWFG_chipid3933.tiff,WESTERN TRANSITION
XPLB2MFQXZ_chipid787.tiff,COASTAL
Q2EO48XVUW_chipid3930.tiff,WESTERN TRANSITION
YP5KLJ97LA_chipid435.tiff,NORTH EAST DRY
F3FEQ1MPRF_chipid1684.tiff,SOUTHERN DRY
363RFCUBCU_chipid3808.tiff,HILL
PX4CQ57GV0_chipid30.tiff,HILL
AJZ122M4FR_chipid1673.tiff,SOUTHERN DRY
16DT3RKKQJ_chipid4706.tiff,HILL
ZR43LQPYB7_chipid2046.tiff,HILL
QDH3CVJB1S_chipid5063.tiff,HILL
6H506Q35ZZ_chipid263.tiff,NORTH EAST DRY
NJYNLRRD2G_chipid1389.tiff,HILL
731IDBU7TW_chipid24.tiff,HILL
LFW5BLIANU_chipid4544.tiff,HILL
PZ5X1W7MLI_chipid803.tiff,COASTAL
MA7W315AWG_chipid3093.tiff,HILL
06AJYGGGYB_chipid944.tiff,SOUTHERN DRY
MQU8W8NFKX_chipid781.tiff,WESTERN TRANSITION
6E7TN3HTSP_chipid328.tiff,NORTH EAST DRY
K9BW3O9ZPF_chipid1105.tiff,SOUTHERN DRY
HCQQJVBC52_chipid1190.tiff,COASTAL
2CWMX2D6FR_chipid219.tiff,NORTH EAST DRY
KUBKRNZ467_chipid519.tiff,SOUTHERN DRY
TYTSY3MKBX_chipid523.tiff,SOUTHERN DRY
89HCDY4JN2_chipid767.tiff,WESTERN TRANSITION
FQBCA3DD2P_chipid371.tiff,HILL
9U3RGK7O8C_chipid947.tiff,SOUTHERN DRY
MY17N99D92_chipid2713.tiff,WESTERN TRANSITION
WFS7SGP23W_chipid1325.tiff,COASTAL
XWNJW1WSXD_chipid808.tiff,COASTAL
KSV0KCVPLY_chipid2091.tiff,HILL
GH96GDAXSG_chipid459.tiff,WESTERN TRANSITION
ODB4COL6NE_chipid4554.tiff,HILL
W8ZX6EYV79_chipid1442.tiff,NORTHERN DRY
9MH181GFZE_chipid6.tiff,COASTAL
OJREZN5NZE_chipid67.tiff,COASTAL
30O7ROI9ER_chipid5062.tiff,HILL
RP6QMFR83V_chipid29.tiff,COASTAL
CUF94NJM3X_chipid4565.tiff,HILL
7AQOFLT572_chipid239.tiff,NORTH EAST DRY
XPCPGJ009S_chipid627.tiff,WESTERN TRANSITION
EG51XSXF6K_chipid113.tiff,HILL
KJOABFJJLS_chipid4.tiff,NORTH EAST DRY
7WFFEVJBU0_chipid565.tiff,COASTAL
2VKTC1LADH_chipid80.tiff,HILL
917S3X0AJS_chipid931.tiff,SOUTHERN DRY
5YW6C1B578_chipid4566.tiff,HILL
KC367BZJZT_chipid1075.tiff,SOUTHERN DRY
NDWYQ1GJSN_chipid2004.tiff,COASTAL
64N31STSEI_chipid819.tiff,COASTAL
PDY2VM79CV_chipid176.tiff,NORTH EAST DRY
7KNPRHXLSU_chipid1662.tiff,SOUTHERN DRY
Z4J7ECEFI9_chipid3806.tiff,HILL
QH3522HK62_chipid66.tiff,HILL
06WLVOGLEI_chipid1781.tiff,NORTHERN DRY
0IWZVUO1I8_chipid313.tiff,NORTH EAST DRY
GRI9TDQGIE_chipid958.tiff,SOUTHERN DRY
5WG0YFSE57_chipid2757.tiff,WESTERN TRANSITION
2VHCWU5ZJO_chipid349.tiff,NORTH EAST DRY
82UUDOHBDO_chipid295.tiff,NORTH EAST DRY
V38MQB92VK_chipid457.tiff,NORTH EAST DRY
JRPDJU0O1S_chipid2085.tiff,HILL
6NOI27U214_chipid301.tiff,NORTH EAST DRY
VLBMWR8ZFI_chipid1077.tiff,SOUTHERN DRY
F8NRL4H0L9_chipid1227.tiff,COASTAL
G33AGWDH18_chipid999.tiff,SOUTHERN DRY
0IN1PZ6DKS_chipid635.tiff,WESTERN TRANSITION
6JQZUJEF0Y_chipid4563.tiff,HILL
5Z1XHKKI6Q_chipid777.tiff,WESTERN TRANSITION
45ZZTYNU5B_chipid1444.tiff,NORTHERN DRY
N2HN36H0SA_chipid645.tiff,WESTERN TRANSITION
J6KTLQ3FLY_chipid104.tiff,HILL
3D0AIU3L8J_chipid97.tiff,NORTH EAST DRY
RBOKVELJSJ_chipid16.tiff,COASTAL
ZBM448LKMA_chipid258.tiff,NORTH EAST DRY
453WXFXZWP_chipid1467.tiff,HILL
C7S1GDE6LD_chipid693.tiff,WESTERN TRANSITION
LDOL5XK9RC_chipid710.tiff,WESTERN TRANSITION
8C5M5S1Z9E_chipid571.tiff,COASTAL
5PJZFFARW7_chipid3827.tiff,HILL
89CJF8GPGV_chipid3903.tiff,WESTERN TRANSITION
Y5B36V26Q5_chipid2093.tiff,HILL
MVZM0O36PE_chipid348.tiff,HILL
9LYEA044W1_chipid2003.tiff,COASTAL
H5CBBJJFX6_chipid434.tiff,NORTH EAST DRY
TIJ8QOUXOL_chipid222.tiff,NORTH EAST DRY
OWQ323U61U_chipid2005.tiff,COASTAL
XES2O2GRUA_chipid1357.tiff,COASTAL
L4SHIP47MM_chipid3006.tiff,HILL
OGUF1MNVBB_chipid54.tiff,NORTH EAST DRY
HHHXWKHS1C_chipid397.tiff,NORTH EAST DRY
UO1F5M3QEC_chipid725.tiff,WESTERN TRANSITION
IOZHVKKG3H_chipid720.tiff,WESTERN TRANSITION
RU77597C36_chipid4209.tiff,HILL
3RZFCWYCFH_chipid61.tiff,HILL
2YUXNK54IT_chipid123.tiff,HILL
MC3K46WQYI_chipid2551.tiff,WESTERN TRANSITION
JX74GYOI2X_chipid619.tiff,WESTERN TRANSITION
4S0UB78I2X_chipid769.tiff,WESTERN TRANSITION
Z6SR8K1VTF_chipid758.tiff,WESTERN TRANSITION
6C52LRFLHT_chipid1698.tiff,SOUTHERN DRY
LJ3APS0Z0D_chipid994.tiff,SOUTHERN DRY
ZF8XAT8O2W_chipid794.tiff,COASTAL
LAP1G9KII6_chipid369.tiff,HILL
HA008KY119_chipid4712.tiff,HILL
A8DL95U8KA_chipid2164.tiff,COASTAL
HTYGEER5N6_chipid193.tiff,NORTH EAST DRY
7QUXS0CMPA_chipid53.tiff,COASTAL
TZAJKF87N3_chipid2761.tiff,WESTERN TRANSITION
0QA2U2496Z_chipid1202.tiff,COASTAL
B3JLQ1014R_chipid414.tiff,WESTERN TRANSITION
OWR5C18E36_chipid429.tiff,WESTERN TRANSITION
YIAENP0NIB_chipid100.tiff,HILL
G2VIKGBLJV_chipid4583.tiff,HILL
4RJ8D1KZLZ_chipid259.tiff,NORTH EAST DRY
LQHR1OVAZG_chipid274.tiff,SOUTHERN DRY
695X248DIK_chipid1233.tiff,COASTAL
OJJW95WFPK_chipid34.tiff,COASTAL
OHZMYG3L08_chipid199.tiff,NORTH EAST DRY
7JZY9HOTFR_chipid4184.tiff,HILL
TMLNAH6A8W_chipid1066.tiff,SOUTHERN DRY
SWB9KMGOEH_chipid72.tiff,NORTH EAST DRY
AQI6S8O5HL_chipid281.tiff,NORTH EAST DRY
T4BTHLGWMX_chipid195.tiff,NORTH EAST DRY
RFS91HF22M_chipid416.tiff,WESTERN TRANSITION
B2B4QZ78QB_chipid770.tiff,WESTERN TRANSITION
4UTMKKJYB0_chipid1884.tiff,WESTERN TRANSITION
7KMQPXADC8_chipid1789.tiff,NORTHERN DRY
TOCXAGSSQ0_chipid324.tiff,COASTAL
VGP6RK52MD_chipid1341.tiff,COASTAL
UDT0W8DGZX_chipid339.tiff,NORTH EAST DRY
B2RPRUQXKX_chipid1721.tiff,SOUTHERN DRY
SKJ4RI1FHW_chipid1709.tiff,SOUTHERN DRY
LOSP4WHXRG_chipid878.tiff,SOUTHERN DRY
D0RX3B0KDM_chipid1490.tiff,HILL
H8JPKUE5EQ_chipid236.tiff,NORTH EAST DRY
AFY7WSTFI4_chipid1788.tiff,NORTHERN DRY
ZLNAXMOXY6_chipid334.tiff,NORTH EAST DRY
BZ2WHWWBR2_chipid141.tiff,NORTH EAST DRY
SIQJVOB37R_chipid1793.tiff,NORTHERN DRY
B2UZTHXHNN_chipid4197.tiff,HILL
2DO6YAHDO3_chipid312.tiff,NORTH EAST DRY
MJKNSLIF2V_chipid714.tiff,WESTERN TRANSITION
WRU2RURP5E_chipid287.tiff,SOUTHERN DRY
F75BYRIEP5_chipid1407.tiff,HILL
JTPFUO16PT_chipid358.tiff,HILL
3NN1M8Z4ET_chipid1508.tiff,HILL
V93JI2G1QL_chipid299.tiff,SOUTHERN DRY
CR7YHC6OFR_chipid354.tiff,NORTH EAST DRY
ELISRUJYEA_chipid389.tiff,HILL
H661UAW7F6_chipid108.tiff,HILL
5KKXCOIU12_chipid2565.tiff,WESTERN TRANSITION
TIDM4NEHZJ_chipid2025.tiff,COASTAL
VC5RBE3G6F_chipid328.tiff,COASTAL
7JSAZ9OG9E_chipid101.tiff,HILL
ZQSD4UYRF7_chipid675.tiff,WESTERN TRANSITION
UIDMGVCD7X_chipid847.tiff,SOUTHERN DRY
O4YP4OHE1J_chipid1929.tiff,SOUTHERN DRY
DASVYED2FH_chipid1755.tiff,NORTHERN DRY
PPCEAXOOTD_chipid741.tiff,WESTERN TRANSITION
AAAE6XB1DW_chipid652.tiff,WESTERN TRANSITION
FX7VSN32JE_chipid2030.tiff,COASTAL
UWDS192XBL_chipid4210.tiff,HILL
C3KRGGS75K_chipid1904.tiff,SOUTHERN DRY
R0LNTHOD3C_chipid223.tiff,NORTH EAST DRY
OK4P9I08V0_chipid3907.tiff,WESTERN TRANSITION
A6BAC3YJ7Q_chipid3023.tiff,HILL
FKVPG64X3G_chipid623.tiff,WESTERN TRANSITION
FMIJ5HV90I_chipid805.tiff,COASTAL
L7H2CQMDWL_chipid507.tiff,COASTAL
I77ASB1XBW_chipid440.tiff,NORTH EAST DRY
75J9898FIF_chipid823.tiff,COASTAL
K7U2D7Y851_chipid304.tiff,SOUTHERN DRY
NK59UMVWKZ_chipid334.tiff,COASTAL
B8LPXEEXUP_chipid253.tiff,NORTH EAST DRY
UIM7MCWF5K_chipid4580.tiff,HILL
E9A0AV026H_chipid166.tiff,NORTHERN DRY
BXEN8034YR_chipid2581.tiff,WESTERN TRANSITION
FN5L0KWVAC_chipid3075.tiff,HILL
K8DEGQZ3SL_chipid699.tiff,WESTERN TRANSITION
GKKJW4YRYM_chipid232.tiff,NORTH EAST DRY
HTXEBP2XK9_chipid5064.tiff,HILL
HWNSAL5X3S_chipid2166.tiff,COASTAL
6L4LGM5LPH_chipid143.tiff,HILL
LT78SSQDQ1_chipid2157.tiff,COASTAL
D30K7KEDE0_chipid885.tiff,COASTAL
2CYUGDZAPM_chipid3049.tiff,HILL
4OOCHXAM7G_chipid1707.tiff,SOUTHERN DRY
T2ZPKEXDZJ_chipid1882.tiff,WESTERN TRANSITION
FUV39WN26Z_chipid318.tiff,NORTH EAST DRY
RH12B91A6A_chipid3106.tiff,HILL
8LF4YFCGIO_chipid340.tiff,COASTAL
R8Z0FHJ6XV_chipid2595.tiff,WESTERN TRANSITION
DFR7ITR490_chipid3076.tiff,HILL
ZDZPTJTEXV_chipid3821.tiff,HILL
S8B1M956QU_chipid4551.tiff,HILL
MXW7B1709P_chipid1194.tiff,COASTAL
QHGTK26AWO_chipid592.tiff,COASTAL
Z7WBSP3H25_chipid1379.tiff,HILL
IIG4DL5PF5_chipid429.tiff,NORTH EAST DRY
3FWY1O3HGW_chipid1006.tiff,SOUTHERN DRY
D7R1C9RWDE_chipid924.tiff,SOUTHERN DRY
PCUATT8LMY_chipid1794.tiff,NORTHERN DRY
MH5Z5HM3M2_chipid665.tiff,WESTERN TRANSITION
SY9SN3GML9_chipid4200.tiff,HILL
B4314UIJNQ_chipid2090.tiff,HILL
6BOUVGDLH3_chipid1930.tiff,SOUTHERN DRY
M39ZUUUXFA_chipid601.tiff,COASTAL
ZGE484029V_chipid3889.tiff,WESTERN TRANSITION
17NU4XNRHM_chipid63.tiff,COASTAL
M42VB8B9UN_chipid2993.tiff,HILL
G2YZF4TGHD_chipid109.tiff,NORTH EAST DRY
SG8GFJ4O6Y_chipid1355.tiff,COASTAL
TGEZ48O4IH_chipid211.tiff,NORTH EAST DRY
9QDRXTRR1L_chipid3836.tiff,HILL
6TQGJ6R8SR_chipid3822.tiff,HILL
BSBVIG7C50_chipid3911.tiff,WESTERN TRANSITION
LF2STDBWVV_chipid396.tiff,WESTERN TRANSITION
X9B72JX0QQ_chipid383.tiff,HILL
IPRFTQK3NI_chipid367.tiff,HILL
38ZBY4JCR6_chipid5068.tiff,HILL
58ACMOFCPR_chipid4708.tiff,HILL
1NYTZ7423L_chipid1224.tiff,COASTAL
7B8HUS7EAQ_chipid707.tiff,WESTERN TRANSITION
NNR5UCJ0PR_chipid4228.tiff,HILL
33IM3KASYH_chipid84.tiff,HILL
2FDX6H4NTJ_chipid586.tiff,COASTAL
PNR6LBE3CE_chipid3912.tiff,WESTERN TRANSITION
7PXJNWM7HV_chipid302.tiff,SOUTHERN DRY
4C3X5G4V3T_chipid1009.tiff,SOUTHERN DRY
MD9U2PG1GJ_chipid2558.tiff,WESTERN TRANSITION
6D9FVRLU7J_chipid1705.tiff,SOUTHERN DRY
1EXFJALNIG_chipid403.tiff,WESTERN TRANSITION
Y12UU31DS4_chipid1070.tiff,SOUTHERN DRY
0SJRM5VXCI_chipid21.tiff,NORTH EAST DRY
1RBLGPE9B7_chipid2036.tiff,COASTAL
IX5ZAAOSMM_chipid456.tiff,WESTERN TRANSITION
R4D0YX12FR_chipid3092.tiff,HILL
LHEYRQUUME_chipid1722.tiff,SOUTHERN DRY
51287QSC30_chipid3811.tiff,HILL
XU2EHZPUR0_chipid110.tiff,NORTH EAST DRY
M7MTENOPCD_chipid4669.tiff,HILL
I083038NG5_chipid837.tiff,COASTAL
KUNJIZHRWL_chipid4701.tiff,HILL
OHGQ3A30WH_chipid420.tiff,NORTH EAST DRY
SCZBXZADOM_chipid151.tiff,NORTH EAST DRY
KZ9YSZFGNJ_chipid331.tiff,COASTAL
4MSAZP44CR_chipid255.tiff,SOUTHERN DRY
F5S8VYQHS1_chipid3798.tiff,HILL
03PNKO40WV_chipid745.tiff,WESTERN TRANSITION
JIAQD9JYEF_chipid2686.tiff,WESTERN TRANSITION
COBIY5M2H0_chipid5048.tiff,HILL
4CS5U3ARRR_chipid818.tiff,COASTAL
V28EQUETOB_chipid4195.tiff,HILL
KG0AT01UT6_chipid1226.tiff,COASTAL
9BABH8QW53_chipid869.tiff,SOUTHERN DRY
AW90B2L0ZB_chipid312.tiff,COASTAL
ND16XVYPFY_chipid149.tiff,NORTH EAST DRY
PNWKP8W4TG_chipid5044.tiff,HILL
K8UXJUR709_chipid350.tiff,NORTH EAST DRY
8SCWWXWS4E_chipid38.tiff,NORTH EAST DRY
YSZQAZ9H7X_chipid956.tiff,SOUTHERN DRY
VL9THPNHVW_chipid4575.tiff,HILL
EFHQ909XS0_chipid1343.tiff,COASTAL
HO6M8V1ZPG_chipid739.tiff,WESTERN TRANSITION
ILQBFWD6KO_chipid455.tiff,WESTERN TRANSITION
EL3PC7MX6B_chipid811.tiff,COASTAL
3ZWJQ88IF3_chipid485.tiff,NORTH EAST DRY
0MHLFLEOIY_chipid1180.tiff,COASTAL
XEH4TIYJHI_chipid4671.tiff,HILL
UKN5PJM2LV_chipid2758.tiff,WESTERN TRANSITION
U04SG1BQLY_chipid305.tiff,NORTH EAST DRY
R01UEAE3OS_chipid181.tiff,NORTHERN DRY
I8Y4KYQGFI_chipid2575.tiff,WESTERN TRANSITION
U9M7SQ2212_chipid4601.tiff,HILL
RBJFDLBA3B_chipid4191.tiff,HILL
YMNJQX9M2C_chipid492.tiff,NORTH EAST DRY
X7O9V0JJDB_chipid2060.tiff,HILL
ALZWGSQBLK_chipid413.tiff,NORTH EAST DRY
CM0Q1UBJMD_chipid152.tiff,NORTH EAST DRY
1K7PA59MRR_chipid226.tiff,NORTH EAST DRY
95LUWCVRD0_chipid388.tiff,NORTH EAST DRY
CDLDVQV7VG_chipid1446.tiff,NORTHERN DRY
KTFCYS0UJ1_chipid3109.tiff,HILL
82VWID5BHB_chipid1497.tiff,HILL
1H456XG2PU_chipid397.tiff,WESTERN TRANSITION
Y2W89W1OAP_chipid77.tiff,COASTAL
Y0UWZFQ8HF_chipid122.tiff,NORTH EAST DRY
4OUBW8GMOH_chipid1763.tiff,NORTHERN DRY
PF7IBTZCEN_chipid7.tiff,COASTAL
ZRKRD93SOL_chipid5051.tiff,HILL
JGXYR92PTS_chipid37.tiff,NORTH EAST DRY
NLDPQK181U_chipid504.tiff,NORTH EAST DRY
0FDNEXMHYH_chipid1513.tiff,HILL
070PPNJYRM_chipid977.tiff,SOUTHERN DRY
6EPVSRSI2U_chipid1365.tiff,COASTAL
DH1DWWFIB0_chipid541.tiff,SOUTHERN DRY
MY1E6HCEDG_chipid349.tiff,HILL
AKDC2JSLT9_chipid486.tiff,NORTH EAST DRY
7JMCLRNP6C_chipid178.tiff,NORTH EAST DRY
X7GXAM2M12_chipid2066.tiff,HILL
XYI47J8KX9_chipid785.tiff,COASTAL
H9IAF6WEXM_chipid77.tiff,HILL
90WJC881OM_chipid2033.tiff,COASTAL
974UDQLBSB_chipid1895.tiff,SOUTHERN DRY
UT3I25MH3E_chipid2679.tiff,WESTERN TRANSITION
BZCWDW9O54_chipid1427.tiff,NORTHERN DRY
HKKEW39RQR_chipid92.tiff,HILL
U07UQL93WD_chipid514.tiff,COASTAL
M1UNTHH9HH_chipid2587.tiff,WESTERN TRANSITION
PQXL9RGDCF_chipid515.tiff,NORTH EAST DRY
QV2GPMPHF6_chipid1898.tiff,SOUTHERN DRY
YWZNNACNHG_chipid1511.tiff,HILL
BGBZSPPA43_chipid1335.tiff,COASTAL
R1445BHEH1_chipid161.tiff,NORTH EAST DRY
5QHVQS43S9_chipid2766.tiff,WESTERN TRANSITION
03GYM32RX9_chipid278.tiff,NORTH EAST DRY
ZO8XQ3LWC0_chipid67.tiff,HILL
PJP9HECCOQ_chipid520.tiff,SOUTHERN DRY
E0A09VH6WS_chipid4666.tiff,HILL
79ZX9I2DCK_chipid342.tiff,NORTH EAST DRY
W1HSHTMVHS_chipid160.tiff,NORTHERN DRY
2V1HNXG3BE_chipid1082.tiff,SOUTHERN DRY
397AX5IYW3_chipid4550.tiff,HILL
1ZWFW18HNE_chipid513.tiff,COASTAL
TQF8160QG8_chipid3045.tiff,HILL
NF88D0QEHL_chipid1766.tiff,NORTHERN DRY
4D6V5A85FC_chipid6.tiff,NORTH EAST DRY
LH7F3V3XFJ_chipid3064.tiff,HILL
C7ORKEUTJ3_chipid3035.tiff,HILL
LM386MDL3S_chipid4603.tiff,HILL
UH7NX4WT4O_chipid1916.tiff,SOUTHERN DRY
N2DDXLJYLL_chipid4220.tiff,HILL
LWZUM9UZ9V_chipid802.tiff,COASTAL
SHWB28H90B_chipid2536.tiff,WESTERN TRANSITION
4E6IGIMIG5_chipid2006.tiff,COASTAL
9AGKWTU4DJ_chipid291.tiff,SOUTHERN DRY
NEW84YS1OV_chipid991.tiff,SOUTHERN DRY
LY9D7EZWI8_chipid899.tiff,COASTAL
HFA2W24P84_chipid2769.tiff,WESTERN TRANSITION
GOIPEPK99W_chipid2221.tiff,SOUTHERN DRY
VAEOH19AMU_chipid654.tiff,WESTERN TRANSITION
OPK7CQYF71_chipid660.tiff,WESTERN TRANSITION
EQBR5AZDH5_chipid2691.tiff,WESTERN TRANSITION
GECWALV76V_chipid427.tiff,WESTERN TRANSITION
93RM4K046G_chipid49.tiff,NORTH EAST DRY
OVN9JIS1QQ_chipid843.tiff,SOUTHERN DRY
6690FZAY3W_chipid4573.tiff,HILL
IOOKD7Y9VJ_chipid481.tiff,COASTAL
BEH42802Y2_chipid57.tiff,NORTH EAST DRY
E35JDGUR09_chipid2073.tiff,HILL
2FSAIM10OQ_chipid31.tiff,NORTH EAST DRY
SNU0FUNGO8_chipid1086.tiff,SOUTHERN DRY
8OBR9DZN7P_chipid140.tiff,HILL
9FG7X984J4_chipid909.tiff,COASTAL
C2MXAJ95ZF_chipid1654.tiff,SOUTHERN DRY
NY6FUK13BD_chipid2182.tiff,COASTAL
K2ZV3JQLPP_chipid2580.tiff,WESTERN TRANSITION
Q4DSVS9UR2_chipid1476.tiff,HILL
MI4ZWJM2KB_chipid784.tiff,WESTERN TRANSITION
23AUB4RQ45_chipid2590.tiff,WESTERN TRANSITION
O4ZCOK18AM_chipid4699.tiff,HILL
Q4QM7QWS59_chipid1351.tiff,COASTAL
2VI6KTXNSM_chipid1310.tiff,COASTAL
1FM2QYCLY5_chipid260.tiff,SOUTHERN DRY
H5CCECMYJF_chipid3033.tiff,HILL
W76AR2L3GH_chipid71.tiff,COASTAL
LS8SDLIA9X_chipid1179.tiff,COASTAL
R1UN2CLO23_chipid507.tiff,NORTH EAST DRY
F5BZQGJ44A_chipid5046.tiff,HILL
UN8AWA4Y65_chipid2753.tiff,WESTERN TRANSITION
LVS3HXGU96_chipid1996.tiff,COASTAL
B8A5NCHWMH_chipid1502.tiff,HILL
GK3G07KY3D_chipid353.tiff,NORTH EAST DRY
1IIWIYW4BT_chipid337.tiff,COASTAL
HYCVG9IRI9_chipid1718.tiff,SOUTHERN DRY
WIP6Z1HQ40_chipid68.tiff,HILL
3ICX3LPH3Y_chipid3894.tiff,WESTERN TRANSITION
06WYPIK0FN_chipid142.tiff,NORTHERN DRY
KKQA2I8TGI_chipid1846.tiff,WESTERN TRANSITION
IMVDBLL5MV_chipid3031.tiff,HILL
2EYRYIZZ0D_chipid5.tiff,COASTAL
KEP5LY7XCN_chipid1352.tiff,COASTAL
VJB0ZA44VI_chipid1358.tiff,COASTAL
H1BXAOEA8A_chipid1697.tiff,SOUTHERN DRY
XPTIYJ5GSH_chipid1018.tiff,SOUTHERN DRY
RPVMXSCY0S_chipid422.tiff,NORTH EAST DRY
4FE3OOQFOO_chipid1708.tiff,SOUTHERN DRY
T4ES7XY2S6_chipid12.tiff,NORTH EAST DRY
D27FV8X4UR_chipid974.tiff,SOUTHERN DRY
HEWS0XDFIH_chipid534.tiff,SOUTHERN DRY
GTPKFPRYSW_chipid1332.tiff,COASTAL
UAPOD7PF4J_chipid888.tiff,COASTAL
UNFO6FA1SS_chipid2231.tiff,SOUTHERN DRY
4CYY9VUTUE_chipid1193.tiff,COASTAL
J27VJRXLJM_chipid146.tiff,HILL
5L4P8M0P8M_chipid303.tiff,SOUTHERN DRY
XCIYZDU6M0_chipid1386.tiff,HILL
LWGAXNAJVJ_chipid482.tiff,NORTH EAST DRY
5QJ1NAAPHG_chipid1737.tiff,NORTHERN DRY
DO2XM94AAL_chipid460.tiff,NORTH EAST DRY
L2WZFE8KIU_chipid1394.tiff,HILL
Q13BLC18LX_chipid428.tiff,NORTH EAST DRY
96B86CTCFB_chipid4590.tiff,HILL
VGE204YONU_chipid77.tiff,NORTH EAST DRY
4PUPX8LF6B_chipid172.tiff,NORTHERN DRY
L2L3M7U7BD_chipid390.tiff,NORTH EAST DRY
N2TYANVNT4_chipid2588.tiff,WESTERN TRANSITION
H0LY9SQBL0_chipid562.tiff,COASTAL
MO3C89XJ2P_chipid886.tiff,COASTAL
XS9VQA5DXT_chipid142.tiff,HILL
ABCN0OVSSR_chipid163.tiff,NORTH EAST DRY
L0BVLUBKPH_chipid4710.tiff,HILL
KVY0NQG8YU_chipid322.tiff,NORTH EAST DRY
SJV8BZ93UN_chipid1933.tiff,SOUTHERN DRY
LWFP5MCXM5_chipid1863.tiff,WESTERN TRANSITION
U6R3XAD28B_chipid2227.tiff,SOUTHERN DRY
Q92V6H0MRW_chipid1926.tiff,SOUTHERN DRY
7VJWCREO86_chipid3918.tiff,WESTERN TRANSITION
BGB8A1YEKK_chipid447.tiff,NORTH EAST DRY
19VH1EO9US_chipid1403.tiff,HILL
TFQQNQPURB_chipid511.tiff,NORTH EAST DRY
QRWL1GYCZX_chipid2723.tiff,WESTERN TRANSITION
588NBI0P95_chipid746.tiff,WESTERN TRANSITION
R21SEF3KG2_chipid314.tiff,NORTH EAST DRY
UTTM3UKIG5_chipid576.tiff,COASTAL
N2HHJJS179_chipid115.tiff,NORTH EAST DRY
RQME67KHFR_chipid76.tiff,COASTAL
ZZH788RWWX_chipid432.tiff,NORTH EAST DRY
ZMSF2BS82S_chipid3845.tiff,HILL
3KBK97PIHB_chipid470.tiff,NORTH EAST DRY
HNXXDL339C_chipid1211.tiff,COASTAL
JHD5KF2MQK_chipid101.tiff,NORTH EAST DRY
G6GC1XIP2Z_chipid1336.tiff,COASTAL
G9XZVP5X4N_chipid281.tiff,SOUTHERN DRY
DOGNPXKFKC_chipid797.tiff,COASTAL
QNMLP3A4SO_chipid56.tiff,HILL
QKL2FSBTJ9_chipid1068.tiff,SOUTHERN DRY
78JEGUENWB_chipid1703.tiff,SOUTHERN DRY
LEBIKMH59H_chipid452.tiff,WESTERN TRANSITION
TQ9X8HHXL5_chipid5041.tiff,HILL
1AI85NJ9XT_chipid8.tiff,COASTAL
S33IHJ9T6F_chipid1924.tiff,SOUTHERN DRY
KZMPW54P8V_chipid300.tiff,NORTH EAST DRY
HZJ06W6RL8_chipid4582.tiff,HILL
VC5Q8WC8YY_chipid3801.tiff,HILL
MG94B7YENO_chipid4684.tiff,HILL
QWVQ58BOOB_chipid120.tiff,HILL
UWJ3UUY883_chipid47.tiff,NORTH EAST DRY
17S8OK7DQL_chipid634.tiff,WESTERN TRANSITION
BXQRSZGFBI_chipid75.tiff,HILL
XABQHEOPSS_chipid271.tiff,NORTH EAST DRY
XLKYVZMFOP_chipid1769.tiff,NORTHERN DRY
NRHM86ZMWH_chipid3001.tiff,HILL
X4BLMHOJRD_chipid4667.tiff,HILL
O7O59C9E6O_chipid2725.tiff,WESTERN TRANSITION
Q9ID1S3O7H_chipid786.tiff,COASTAL
ZDYDIEXGYO_chipid252.tiff,NORTH EAST DRY
6G0AE00PCM_chipid765.tiff,WESTERN TRANSITION
RGM8RGDB65_chipid1210.tiff,COASTAL
1UAIWVVNT8_chipid543.tiff,SOUTHERN DRY
48IPRMPELW_chipid53.tiff,HILL
17KOA25XD9_chipid2688.tiff,WESTERN TRANSITION
ZR6WJW20QQ_chipid168.tiff,NORTH EAST DRY
RD2P4FUD7L_chipid90.tiff,HILL
AD0AXLRIMS_chipid1928.tiff,SOUTHERN DRY
1LC3O68QVB_chipid1675.tiff,SOUTHERN DRY
X3N4JG4LVV_chipid336.tiff,NORTH EAST DRY
NX2106XGTT_chipid1231.tiff,COASTAL
SU3TJ319K8_chipid395.tiff,HILL
BTEDBA1Y6J_chipid102.tiff,HILL
E2F726P71E_chipid1869.tiff,WESTERN TRANSITION
MZZQCEKBL9_chipid1753.tiff,NORTHERN DRY
PISRKGYNU7_chipid464.tiff,WESTERN TRANSITION
UQCWBGCAQ7_chipid130.tiff,HILL
O9JI06Y28B_chipid993.tiff,SOUTHERN DRY
ZRNGIKO73I_chipid363.tiff,NORTH EAST DRY
KD0WLLFFQK_chipid964.tiff,SOUTHERN DRY
84GBZMUC0T_chipid4557.tiff,HILL
YS720LNSO0_chipid5052.tiff,HILL
Q1YT31E9Q9_chipid990.tiff,SOUTHERN DRY
IYSM8WYYBV_chipid446.tiff,WESTERN TRANSITION
EXG8NZBEN0_chipid1893.tiff,SOUTHERN DRY
FVNTPAPK0X_chipid233.tiff,NORTH EAST DRY
ZDV682Y43G_chipid399.tiff,WESTERN TRANSITION
ST6HH4LE7G_chipid3073.tiff,HILL
S23KB83HSX_chipid343.tiff,NORTH EAST DRY
VCG7OJSJKV_chipid1440.tiff,NORTHERN DRY
DZYVQTJFV4_chipid2759.tiff,WESTERN TRANSITION
QNETUZMJ5H_chipid3909.tiff,WESTERN TRANSITION
ICRPBVG6ND_chipid123.tiff,NORTH EAST DRY
Q1HTGWGQU4_chipid775.tiff,WESTERN TRANSITION
2ZHC6PY418_chipid966.tiff,SOUTHERN DRY
YSCQ4GM20A_chipid2079.tiff,HILL
LI40COBG7R_chipid495.tiff,NORTH EAST DRY
0ESQBODFHP_chipid4691.tiff,HILL
4Q6531YOLR_chipid861.tiff,SOUTHERN DRY
TM37S5B4H9_chipid762.tiff,WESTERN TRANSITION
8PDO015XPM_chipid4217.tiff,HILL
7DFGKUZG5K_chipid1457.tiff,NORTHERN DRY
BELK6H78UX_chipid1438.tiff,NORTHERN DRY
O7VT7XBYWB_chipid1203.tiff,COASTAL
APNHFDXPAC_chipid3043.tiff,HILL
7R1UCUBZ6W_chipid4678.tiff,HILL
E7G9MZ7IE4_chipid155.tiff,NORTHERN DRY
RCSB35BP5C_chipid1651.tiff,SOUTHERN DRY
UFDPANLWIE_chipid3040.tiff,HILL
5F8V7LITPP_chipid357.tiff,HILL
7JNKM1BQ45_chipid925.tiff,SOUTHERN DRY
H1F9JGVRBU_chipid93.tiff,HILL
0BP90F8LKF_chipid2579.tiff,WESTERN TRANSITION
D7959QGG1G_chipid1784.tiff,NORTHERN DRY
LIP3ODNUZJ_chipid4189.tiff,HILL
656L3OXHYA_chipid220.tiff,NORTH EAST DRY
K0RIJEZC5C_chipid509.tiff,COASTAL
U32PWDC204_chipid2538.tiff,WESTERN TRANSITION
LP85G32CF4_chipid1689.tiff,SOUTHERN DRY
47537LD9AV_chipid188.tiff,NORTH EAST DRY
A2SNRRHEB8_chipid793.tiff,COASTAL
WATF1BSDKV_chipid2583.tiff,WESTERN TRANSITION
E2DE6EW32P_chipid1726.tiff,SOUTHERN DRY
17RW7LBM7M_chipid569.tiff,COASTAL
PD7818Y0B6_chipid1100.tiff,SOUTHERN DRY
0G1SGP75DG_chipid1410.tiff,HILL
SRQZSKGJK6_chipid2208.tiff,SOUTHERN DRY
0CK7CU3V2U_chipid730.tiff,WESTERN TRANSITION
2OE3132ZHH_chipid209.tiff,NORTH EAST DRY
PJ9YVVEX6B_chipid58.tiff,NORTH EAST DRY
I1M65YT0V4_chipid750.tiff,WESTERN TRANSITION
J9RBUW5ZQI_chipid5058.tiff,HILL
PB5USD1Z03_chipid293.tiff,SOUTHERN DRY
9RENK80Y6C_chipid411.tiff,WESTERN TRANSITION
FDBTF8ZHF1_chipid202.tiff,NORTH EAST DRY
NPIHCCC2MK_chipid1308.tiff,COASTAL
YQ9XVEU9Q0_chipid892.tiff,COASTAL
NBORRVXLNT_chipid901.tiff,COASTAL
AHT5YV3ZT6_chipid1348.tiff,COASTAL
JE8IZ37CWV_chipid1744.tiff,NORTHERN DRY
RO9GG30UQB_chipid795.tiff,COASTAL
BTAGB0XGW6_chipid351.tiff,NORTH EAST DRY
2EFTSD01SK_chipid2743.tiff,WESTERN TRANSITION
96J6EQANTS_chipid1676.tiff,SOUTHERN DRY
KZVYOOMOXR_chipid2997.tiff,HILL
31MB3UN4YF_chipid3825.tiff,HILL
UAFXUNKJ6J_chipid256.tiff,SOUTHERN DRY
7SBYB6V5I9_chipid1728.tiff,SOUTHERN DRY
2FYQR7NHYA_chipid2995.tiff,HILL
E8D0X0MWVV_chipid3847.tiff,HILL
474FUJF209_chipid49.tiff,HILL
QXUS9VJL0K_chipid1741.tiff,NORTHERN DRY
3LQ715Q1V9_chipid2765.tiff,WESTERN TRANSITION
14PN45CHV9_chipid2700.tiff,WESTERN TRANSITION
9QNRLFER7T_chipid157.tiff,NORTH EAST DRY
SB205EKJRS_chipid666.tiff,WESTERN TRANSITION
FKVD2YRQOB_chipid921.tiff,SOUTHERN DRY
0YTFV5POWM_chipid556.tiff,SOUTHERN DRY
RYBH2UDX6W_chipid1181.tiff,COASTAL
ONCHDZ8CAD_chipid4707.tiff,HILL
AWZUMU9BT8_chipid1030.tiff,NORTHERN DRY
AZFEJMO190_chipid588.tiff,COASTAL
TRB4ILGA70_chipid3007.tiff,HILL
GL6J45EKJ5_chipid460.tiff,WESTERN TRANSITION
F816B42EI7_chipid3071.tiff,HILL
5F5WPH03CN_chipid1712.tiff,SOUTHERN DRY
3A2IK01CRP_chipid560.tiff,SOUTHERN DRY
2M1MUXEPWZ_chipid335.tiff,COASTAL
H9F0CFJZCI_chipid398.tiff,NORTH EAST DRY
AOBULNFR6D_chipid2750.tiff,WESTERN TRANSITION
L23TQ4RFVG_chipid386.tiff,NORTH EAST DRY
PKR11M5R2Z_chipid361.tiff,HILL
B41ZS2CNAM_chipid671.tiff,WESTERN TRANSITION
N08WKTZ83C_chipid1230.tiff,COASTAL
1BE1X4EIHD_chipid441.tiff,NORTH EAST DRY
JKESTXOA9E_chipid1501.tiff,HILL
H19RJCBAGC_chipid1013.tiff,SOUTHERN DRY
QQTE5DC1DM_chipid500.tiff,NORTH EAST DRY
IGN13TG7OJ_chipid443.tiff,WESTERN TRANSITION
69TAFEEL40_chipid625.tiff,WESTERN TRANSITION
R57FEJ52HW_chipid1847.tiff,WESTERN TRANSITION
UWGHU92GWF_chipid911.tiff,COASTAL
WCE9LQ4NTH_chipid1419.tiff,NORTHERN DRY
RE1GNW70D4_chipid410.tiff,WESTERN TRANSITION
UNJX8WZJ1J_chipid742.tiff,WESTERN TRANSITION
P23DGHY3NV_chipid804.tiff,COASTAL
Y7BHAZOQXJ_chipid55.tiff,HILL
QM5CLM18L1_chipid2055.tiff,HILL
DBUHA6HFGM_chipid1770.tiff,NORTHERN DRY
ZR32MRT1GQ_chipid485.tiff,COASTAL
QCW1100F5Q_chipid62.tiff,HILL
861LDSHCKJ_chipid1314.tiff,COASTAL
IYYZ9WZZ3C_chipid4185.tiff,HILL
RN2M0RYSG9_chipid17.tiff,HILL
NFX5JEB1E2_chipid2737.tiff,WESTERN TRANSITION
06CJK8IP2L_chipid755.tiff,WESTERN TRANSITION
PQDHH4K5KZ_chipid186.tiff,NORTH EAST DRY
7IEUDRTCQ9_chipid2222.tiff,SOUTHERN DRY
ITUX5CUGOQ_chipid979.tiff,SOUTHERN DRY
SMHEYVH5GT_chipid2563.tiff,WESTERN TRANSITION
CMFLBYTXAZ_chipid68.tiff,NORTH EAST DRY
KKW1FI1XXK_chipid527.tiff,SOUTHERN DRY
46IBI74C85_chipid2215.tiff,SOUTHERN DRY
D37R4G0IW9_chipid779.tiff,WESTERN TRANSITION
O79QXI58NE_chipid2733.tiff,WESTERN TRANSITION
M7GH95598Y_chipid1089.tiff,SOUTHERN DRY
RZQCXWDMK1_chipid25.tiff,NORTH EAST DRY
0MULZIA50L_chipid140.tiff,NORTH EAST DRY
HQ59UH1278_chipid3820.tiff,HILL
CU64T9SHTJ_chipid1778.tiff,NORTHERN DRY
ZUYFHGH2QY_chipid444.tiff,WESTERN TRANSITION
8AHBK2693P_chipid3089.tiff,HILL
21XRV95A8T_chipid2080.tiff,HILL
63OHL7LEPV_chipid813.tiff,COASTAL
B4A8NXH2WF_chipid184.tiff,NORTHERN DRY
TKHVZGNTVX_chipid234.tiff,NORTH EAST DRY
IJ8VJGCW8Q_chipid4561.tiff,HILL
9ODSK3WKD6_chipid613.tiff,COASTAL
U0ZRLQ4GMW_chipid1371.tiff,HILL
UZY3RFIORA_chipid145.tiff,HILL
ZW91GWQD3W_chipid563.tiff,COASTAL
EY0W1W441S_chipid846.tiff,SOUTHERN DRY
W7TQ5Q52PS_chipid110.tiff,HILL
KAAGUQJ0KR_chipid57.tiff,COASTAL
8D65GKRTTA_chipid69.tiff,COASTAL
9UI6829150_chipid2057.tiff,HILL
6HZU1EOA3Z_chipid1785.tiff,NORTHERN DRY
KXOEU6XVUN_chipid150.tiff,NORTH EAST DRY
UNGO77XVSJ_chipid1374.tiff,HILL
YUQFBLTDSG_chipid1756.tiff,NORTHERN DRY
G7C8H67QA4_chipid4.tiff,COASTAL
DP3BL9U5G3_chipid118.tiff,HILL
NUJYAHPRNT_chipid2096.tiff,HILL
EDN8DEG126_chipid1871.tiff,WESTERN TRANSITION
TUMLFUF0PF_chipid882.tiff,COASTAL
C7B4Z0SCHF_chipid292.tiff,SOUTHERN DRY
Z44Q9K57E8_chipid1875.tiff,WESTERN TRANSITION
5TCY3SAPLD_chipid1104.tiff,SOUTHERN DRY
3MF5LLWYZP_chipid310.tiff,NORTH EAST DRY
KE22A6C91G_chipid4586.tiff,HILL
0PNHFED7JC_chipid4545.tiff,HILL
9HN8ZV153L_chipid34.tiff,HILL
RCMLBNVPG8_chipid311.tiff,NORTH EAST DRY
2FB4EOOLQJ_chipid1368.tiff,HILL
WOPQJNVZA1_chipid366.tiff,HILL
XRFH9T7GAR_chipid894.tiff,COASTAL
45QID73YK0_chipid102.tiff,NORTH EAST DRY
ZF7L7QJWTI_chipid1854.tiff,WESTERN TRANSITION
UAEW8GDKXQ_chipid2089.tiff,HILL
LZQ91RQFHR_chipid96.tiff,NORTH EAST DRY
AO9QU2RSHO_chipid387.tiff,NORTH EAST DRY
816OVJDC2L_chipid2599.tiff,WESTERN TRANSITION
J1BI1KO15R_chipid3924.tiff,WESTERN TRANSITION
1Z8C044Z3R_chipid76.tiff,NORTH EAST DRY
C094HPXUE7_chipid41.tiff,COASTAL
U9FZ82RYCA_chipid249.tiff,NORTH EAST DRY
QSA5LKL838_chipid1671.tiff,SOUTHERN DRY
VETZJW3609_chipid170.tiff,NORTH EAST DRY
WTO2TYIXDN_chipid48.tiff,NORTH EAST DRY
UD37ENS5VY_chipid3817.tiff,HILL
LN091TPW7G_chipid540.tiff,SOUTHERN DRY
NWQWLZPRS0_chipid1694.tiff,SOUTHERN DRY
3N8FEPWO6D_chipid1504.tiff,HILL
0K2ZCD7C8B_chipid48.tiff,COASTAL
D3U05HOLMF_chipid327.tiff,COASTAL
5Z8JBBP6CS_chipid3041.tiff,HILL
EUM8VQ5AL4_chipid499.tiff,NORTH EAST DRY
B34P357O5Y_chipid99.tiff,NORTH EAST DRY
RW3GYI2OLX_chipid1459.tiff,NORTHERN DRY
SAOA0897ZK_chipid2676.tiff,WESTERN TRANSITION
1LFY5SM39N_chipid2002.tiff,COASTAL
ICIESSAN9G_chipid1514.tiff,HILL
V9CMNYZTDJ_chipid860.tiff,SOUTHERN DRY
MGY6WCA3Z1_chipid1437.tiff,NORTHERN DRY
ZTURUMT3Q0_chipid2162.tiff,COASTAL
0BTCAZKS4E_chipid39.tiff,NORTH EAST DRY
XIU61D85SA_chipid2040.tiff,COASTAL
3Q944VBPRS_chipid177.tiff,NORTH EAST DRY
5M2I3KKBNB_chipid1000.tiff,SOUTHERN DRY
2T3HUY3Q7K_chipid1445.tiff,NORTHERN DRY
033X35ZE6A_chipid1710.tiff,SOUTHERN DRY
PFVKP50WU1_chipid632.tiff,WESTERN TRANSITION
PNO2S29JGF_chipid1460.tiff,NORTHERN DRY
7UG0T2VJ1W_chipid450.tiff,WESTERN TRANSITION
WHEAOMFED4_chipid624.tiff,WESTERN TRANSITION
T8U7ZZXCN2_chipid2752.tiff,WESTERN TRANSITION
0V7QCI7RKH_chipid2056.tiff,HILL
YRC45YFVNR_chipid372.tiff,NORTH EAST DRY
JRZ2F8IQ45_chipid4672.tiff,HILL
1DT06Y5NFA_chipid521.tiff,SOUTHERN DRY
FS4ZUK471R_chipid1439.tiff,NORTHERN DRY
NDTPZSC8KV_chipid2705.tiff,WESTERN TRANSITION
QM4WRUKKE8_chipid479.tiff,NORTH EAST DRY
TLGUI8MBA8_chipid91.tiff,COASTAL
1YAITBFSY9_chipid286.tiff,SOUTHERN DRY
WP10CFRBBQ_chipid2772.tiff,WESTERN TRANSITION
OQ6ZQR5752_chipid595.tiff,COASTAL
0X1Z5NGN3J_chipid926.tiff,SOUTHERN DRY
Q5OAH1S3JB_chipid1069.tiff,SOUTHERN DRY
R21U1GIG73_chipid385.tiff,HILL
XQG6G5PC8I_chipid3047.tiff,HILL
FG7I1VNWIG_chipid1909.tiff,SOUTHERN DRY
RIVEY3EJ76_chipid570.tiff,COASTAL
IWQO00NS3V_chipid836.tiff,COASTAL
XEGZZZ9R5B_chipid3897.tiff,WESTERN TRANSITION
9IDN1DNWZM_chipid1366.tiff,COASTAL
NUK7QBVQBZ_chipid127.tiff,HILL
Y1L63ET4D5_chipid1178.tiff,COASTAL
HSFZL632AP_chipid3054.tiff,HILL
PEDMSYI129_chipid29.tiff,NORTH EAST DRY
4314336ASB_chipid319.tiff,COASTAL
PD1W4GGHXQ_chipid267.tiff,NORTH EAST DRY
K6X7IQV0VP_chipid272.tiff,SOUTHERN DRY
825Q8CQD45_chipid180.tiff,NORTHERN DRY
8C4E83WOAG_chipid468.tiff,NORTH EAST DRY
R3KR7T5GGG_chipid13.tiff,COASTAL
SQ5XMFWWG9_chipid1702.tiff,SOUTHERN DRY
20JBTPKZUA_chipid852.tiff,SOUTHERN DRY
X6G2F2SQHG_chipid3832.tiff,HILL
JS4Y23M7X9_chipid23.tiff,COASTAL
DQUJMPDHYR_chipid1711.tiff,SOUTHERN DRY
YKHIDJUQ8B_chipid1084.tiff,SOUTHERN DRY
P0NZK8XMNJ_chipid1878.tiff,WESTERN TRANSITION
1U09T6EJ35_chipid1390.tiff,HILL
A763B4Q4TO_chipid715.tiff,WESTERN TRANSITION
BVLL8CW8SO_chipid667.tiff,WESTERN TRANSITION
HQBOQPPO58_chipid957.tiff,SOUTHERN DRY
4WJOG2G22D_chipid374.tiff,HILL
UEZ2WC5HG5_chipid1053.tiff,NORTHERN DRY
VC8JJ8NK3M_chipid270.tiff,SOUTHERN DRY
D10EGQUM16_chipid197.tiff,NORTH EAST DRY
12CNMXFABS_chipid288.tiff,SOUTHERN DRY
TQEMD93W0W_chipid33.tiff,COASTAL
D7MHKQS3ZF_chipid505.tiff,NORTH EAST DRY
5MMZAN5KD6_chipid525.tiff,SOUTHERN DRY
10IB0Q6DXE_chipid668.tiff,WESTERN TRANSITION
Q0HI14GK3Q_chipid5070.tiff,HILL
LTGLT3V3EL_chipid622.tiff,WESTERN TRANSITION
SOKVINQJYZ_chipid3803.tiff,HILL
M32G2HHS1Q_chipid2994.tiff,HILL
17F9FWW432_chipid430.tiff,WESTERN TRANSITION
GKHLMLR7GR_chipid19.tiff,HILL
MFS31WS4PG_chipid1699.tiff,SOUTHERN DRY
FW0IQXOF6U_chipid25.tiff,HILL
GEV282G1A0_chipid1910.tiff,SOUTHERN DRY
ATEOQ3GRMK_chipid4543.tiff,HILL
U0OAED51DS_chipid1212.tiff,COASTAL
S3ZV252XK0_chipid329.tiff,NORTH EAST DRY
W9P0C3D7RO_chipid502.tiff,COASTAL
3MOBX4FY26_chipid3107.tiff,HILL
RH1QVAS9HQ_chipid1347.tiff,COASTAL
EQF4M0EM76_chipid39.tiff,COASTAL
DU75LBWAZP_chipid2553.tiff,WESTERN TRANSITION
8YH5TWGHQY_chipid3828.tiff,HILL
WZANZJLYVF_chipid2589.tiff,WESTERN TRANSITION
JM6HLYV6G5_chipid240.tiff,NORTH EAST DRY
ZLYXE7W2FZ_chipid1381.tiff,HILL
FZLG8Q6B9T_chipid1485.tiff,HILL
D18ORNRH6Y_chipid1415.tiff,HILL
2BYODJG49L_chipid907.tiff,COASTAL
1O6IWSPLYX_chipid845.tiff,SOUTHERN DRY
XTJHLA58XP_chipid4587.tiff,HILL
C62HFIE699_chipid461.tiff,WESTERN TRANSITION
FUF2JZELOI_chipid3931.tiff,WESTERN TRANSITION
6Y4NPUSUWA_chipid506.tiff,NORTH EAST DRY
BGADLQ4HIX_chipid309.tiff,COASTAL
5RSPFIKUR7_chipid499.tiff,COASTAL
UALGNLLPRR_chipid1506.tiff,HILL
VE24S5SSWU_chipid615.tiff,COASTAL
5BEGTA585Y_chipid1727.tiff,SOUTHERN DRY
BE6I8359WX_chipid815.tiff,COASTAL
I774NVJCKP_chipid1058.tiff,NORTHERN DRY
GPE8NDAZKW_chipid22.tiff,HILL
9P9D67VIUR_chipid458.tiff,NORTH EAST DRY
S99YGX76CY_chipid297.tiff,NORTH EAST DRY
UIJRJH6H5J_chipid542.tiff,SOUTHERN DRY
6CWUX7UTUC_chipid1433.tiff,NORTHERN DRY
BTUY4L0CMT_chipid544.tiff,SOUTHERN DRY
EDQDIC7PLA_chipid436.tiff,WESTERN TRANSITION
263E5EUQ00_chipid493.tiff,COASTAL
19MRGZ7H5M_chipid44.tiff,HILL
DJ58MUOW4F_chipid740.tiff,WESTERN TRANSITION
BU81G1VYYY_chipid416.tiff,NORTH EAST DRY
W0LG12QD0U_chipid1492.tiff,HILL
OJ5ZBCCDHI_chipid5067.tiff,HILL
NHJOK929KN_chipid4174.tiff,HILL
75PMWCH8UT_chipid244.tiff,NORTH EAST DRY
YFHZK7XS41_chipid1845.tiff,WESTERN TRANSITION
XGVRIOJJJN_chipid287.tiff,NORTH EAST DRY
Z1KWVDPIAO_chipid2223.tiff,SOUTHERN DRY
UCU18X2VB1_chipid1107.tiff,SOUTHERN DRY
H9EMTMAEW4_chipid366.tiff,NORTH EAST DRY
RTJGD6XN1Q_chipid2092.tiff,HILL
QQ3I8G1ZQS_chipid379.tiff,HILL
SIQOLSU1F7_chipid2771.tiff,WESTERN TRANSITION
CMPTH9APMJ_chipid307.tiff,COASTAL
COHS6P422G_chipid1072.tiff,SOUTHERN DRY
5G844DI224_chipid424.tiff,WESTERN TRANSITION
R4WP04MXNT_chipid1923.tiff,SOUTHERN DRY
L8HKL4H830_chipid2175.tiff,COASTAL
PP4WM7ZV6F_chipid812.tiff,COASTAL
46UOGXYCRD_chipid1217.tiff,COASTAL
EF4MGX4ERN_chipid17.tiff,COASTAL
HDI4SBVBHZ_chipid17.tiff,NORTH EAST DRY
39BJYS4OYG_chipid2008.tiff,COASTAL
L1UJXG3GBA_chipid480.tiff,COASTAL
WCPFUWZ4GQ_chipid933.tiff,SOUTHERN DRY
Q1HEOJZ073_chipid4553.tiff,HILL
IH2F0Y9Z7S_chipid4223.tiff,HILL
KB9EH5W3CX_chipid452.tiff,NORTH EAST DRY
NTSODOMASY_chipid289.tiff,SOUTHERN DRY
83GUZHNUQ3_chipid839.tiff,SOUTHERN DRY
YF20JYZFUL_chipid1896.tiff,SOUTHERN DRY
V6KD4SJPUS_chipid88.tiff,NORTH EAST DRY
5IIZ0IG6ST_chipid1079.tiff,SOUTHERN DRY
VJL1CX3Q9S_chipid1033.tiff,NORTHERN DRY
JYKK334KAC_chipid1762.tiff,NORTHERN DRY
EOLXDAMJOH_chipid307.tiff,NORTH EAST DRY
ES51TLSVSG_chipid4598.tiff,HILL
Z425GKNWI2_chipid516.tiff,COASTAL
OS89EXNO7P_chipid180.tiff,NORTH EAST DRY
GTN3AHJNAI_chipid1499.tiff,HILL
B5FAWN4IXM_chipid1183.tiff,COASTAL
T7KFUN3EUN_chipid336.tiff,COASTAL
WTT5ON52WN_chipid850.tiff,SOUTHERN DRY
7YLLYISXWF_chipid829.tiff,COASTAL
24LMEFGYN3_chipid254.tiff,NORTH EAST DRY
SKULD7TIAM_chipid609.tiff,COASTAL
B3502L0R66_chipid3837.tiff,HILL
MEDP6LYJVP_chipid3067.tiff,HILL
3ZK3FNEYIA_chipid3086.tiff,HILL
OEGQQWBZ02_chipid2077.tiff,HILL
23N1X9MYI1_chipid5047.tiff,HILL
24CVCQECGZ_chipid2061.tiff,HILL
D2VMW71BDH_chipid3813.tiff,HILL
V1HIH8YPRE_chipid404.tiff,WESTERN TRANSITION
UBD97QF7EA_chipid1463.tiff,NORTHERN DRY
SSCCMNHCLH_chipid2730.tiff,WESTERN TRANSITION
OWEH8IVA0U_chipid638.tiff,WESTERN TRANSITION
XIYNKVY0JS_chipid295.tiff,SOUTHERN DRY
R0GCK66UN3_chipid4597.tiff,HILL
RTPT90HNDB_chipid73.tiff,COASTAL
RO68Z6NHFB_chipid71.tiff,HILL
OTB5RWMRBV_chipid590.tiff,COASTAL
UPFULWWILC_chipid1478.tiff,HILL
AASZGYW4EZ_chipid1205.tiff,COASTAL
W8CHDI9MJE_chipid1384.tiff,HILL
WYBTA4KUUF_chipid3050.tiff,HILL
WY2W4AUYOR_chipid3095.tiff,HILL
Y8L185NDEA_chipid419.tiff,WESTERN TRANSITION
THK2PI2H7G_chipid1754.tiff,NORTHERN DRY
8OR5YYO4TM_chipid2044.tiff,HILL
749ZYVJJQO_chipid3044.tiff,HILL
O4BXGZSCVJ_chipid121.tiff,HILL
P48ZFJA0BO_chipid380.tiff,HILL
10P4U2HU7P_chipid1408.tiff,HILL
LZUDHTQF7T_chipid284.tiff,NORTH EAST DRY
2ARZT33QAE_chipid3099.tiff,HILL
SRWYV217HY_chipid712.tiff,WESTERN TRANSITION
VX8RRFREIP_chipid656.tiff,WESTERN TRANSITION
JJZ68H5BWI_chipid1225.tiff,COASTAL
K0X4VYG6O8_chipid93.tiff,COASTAL
R7NETDM8PH_chipid54.tiff,HILL
KO3MFPUC2I_chipid4541.tiff,HILL
VN4U553KJI_chipid109.tiff,HILL
B7R53GE9CW_chipid3058.tiff,HILL
7H86MPHW7W_chipid2593.tiff,WESTERN TRANSITION
GW9UB8OIES_chipid448.tiff,WESTERN TRANSITION
FOHG6WAF3V_chipid43.tiff,HILL
NCEQCOQEF1_chipid1430.tiff,NORTHERN DRY
GGOKAQQVJ7_chipid411.tiff,NORTH EAST DRY
83H8WUCFJD_chipid269.tiff,NORTH EAST DRY
O726O0DCZ2_chipid2082.tiff,HILL
Z048EPUNT6_chipid23.tiff,HILL
GH0TVKSFWN_chipid1672.tiff,SOUTHERN DRY
ZKHLMUEMJJ_chipid1397.tiff,HILL
CSX6U0ZWEG_chipid1759.tiff,NORTHERN DRY
CRDJ070YYX_chipid229.tiff,NORTH EAST DRY
7MKYSODB9B_chipid417.tiff,WESTERN TRANSITION
JWFRKE91JF_chipid820.tiff,COASTAL
X1WJR3SGMJ_chipid2032.tiff,COASTAL
2HGIKUGFXY_chipid333.tiff,NORTH EAST DRY
03GTC1M4VA_chipid814.tiff,COASTAL
27JOEG3GZ6_chipid2568.tiff,WESTERN TRANSITION
ABEVTBS4T1_chipid1516.tiff,HILL
SAIMSQW06H_chipid2576.tiff,WESTERN TRANSITION
1STGIIZSJ3_chipid1395.tiff,HILL
9LGYHBF74D_chipid2555.tiff,WESTERN TRANSITION
RPPVQ2HAO5_chipid3111.tiff,HILL
1PEA0RDT9X_chipid2176.tiff,COASTAL
FS32LA2Z5B_chipid381.tiff,HILL
07USJH6PGD_chipid4676.tiff,HILL
SRNLMIMOR9_chipid2224.tiff,SOUTHERN DRY
O85CKDUU6V_chipid82.tiff,NORTH EAST DRY
00V3NDU7NF_chipid462.tiff,NORTH EAST DRY
X1275FD89T_chipid433.tiff,NORTH EAST DRY
KWVWSSTZ9N_chipid40.tiff,HILL
FUW1Y4P4U8_chipid3824.tiff,HILL
ECMGCVIQ9F_chipid2574.tiff,WESTERN TRANSITION
19FQXMC4UJ_chipid1103.tiff,SOUTHERN DRY
0KACHFJG6K_chipid172.tiff,NORTH EAST DRY
TO1C32AWMB_chipid1327.tiff,COASTAL
EL5O2M35ZJ_chipid3004.tiff,HILL
GHW45W88DD_chipid377.tiff,HILL
1OUXT2UMZ1_chipid2586.tiff,WESTERN TRANSITION
CH17DWIGBH_chipid13.tiff,NORTH EAST DRY
ER33E771VA_chipid28.tiff,HILL
V7NU23P7OE_chipid522.tiff,SOUTHERN DRY
KD2VAXGKYF_chipid136.tiff,HILL
2WZ9DVT2FR_chipid440.tiff,WESTERN TRANSITION
DYL5XEB5CW_chipid1188.tiff,COASTAL
X7ZLCKQEZ1_chipid580.tiff,COASTAL
MPKE4U89SX_chipid3823.tiff,HILL
99FRVM8I5I_chipid187.tiff,NORTH EAST DRY
FZKQOF1UGD_chipid3840.tiff,HILL
Q5LTHFSDUF_chipid1083.tiff,SOUTHERN DRY
G31Z89DXEE_chipid1050.tiff,NORTHERN DRY
LYXZVO9O8B_chipid161.tiff,NORTHERN DRY
ENK353CJG5_chipid300.tiff,SOUTHERN DRY
7WMUACRYNS_chipid502.tiff,NORTH EAST DRY
5DIF4SYCQX_chipid4709.tiff,HILL
NXKG2CQ0H7_chipid5066.tiff,HILL
NY8EPKK0E5_chipid135.tiff,NORTH EAST DRY
5RH27RY4LH_chipid1186.tiff,COASTAL
YIDZJBTWL3_chipid2000.tiff,COASTAL
BULVFS0AR4_chipid80.tiff,NORTH EAST DRY
8TKAWBLR9T_chipid375.tiff,NORTH EAST DRY
MPE6DDYTQB_chipid383.tiff,NORTH EAST DRY
1IHRR13CO2_chipid980.tiff,SOUTHERN DRY
QCJA4ZX0N1_chipid505.tiff,COASTAL
IQ82YDIX2F_chipid2690.tiff,WESTERN TRANSITION
WEJO152Q9R_chipid4694.tiff,HILL
FD5FPMOGHS_chipid90.tiff,NORTH EAST DRY
M8C57N8AK2_chipid302.tiff,NORTH EAST DRY
1ECW1167W8_chipid942.tiff,SOUTHERN DRY
U8LSZX9JC2_chipid547.tiff,SOUTHERN DRY
N4TF7EHG7P_chipid347.tiff,HILL
YIUYDXMYBG_chipid955.tiff,SOUTHERN DRY
ADTJ1YWTRQ_chipid1319.tiff,COASTAL
IQS7AMNN9M_chipid1228.tiff,COASTAL
U7X4QPB8XF_chipid959.tiff,SOUTHERN DRY
H7D74L811T_chipid1434.tiff,NORTHERN DRY
6JHAC93JGY_chipid504.tiff,COASTAL
4HFGXEXOIW_chipid1780.tiff,NORTHERN DRY
NV8IAG0HQ8_chipid1696.tiff,SOUTHERN DRY
L0IPCSR49A_chipid3032.tiff,HILL
MNXRKDAIC2_chipid2070.tiff,HILL
8MLILO88VI_chipid626.tiff,WESTERN TRANSITION
T73GDXZ9ZY_chipid2149.tiff,COASTAL
KQNO08B0DM_chipid1914.tiff,SOUTHERN DRY
X94SB0J73J_chipid277.tiff,SOUTHERN DRY
7IKCYQYEOO_chipid4686.tiff,HILL
QZH0N87EGK_chipid95.tiff,NORTH EAST DRY
J007BEAA0H_chipid81.tiff,COASTAL
G7962JHDGI_chipid920.tiff,SOUTHERN DRY
TDCU62D919_chipid1321.tiff,COASTAL
CYSY082DAN_chipid3809.tiff,HILL
OCDUUOB9NU_chipid672.tiff,WESTERN TRANSITION
D4NMBPBN54_chipid488.tiff,NORTH EAST DRY
U3D90STZ0W_chipid4204.tiff,HILL
1ANU9NJ0WX_chipid4571.tiff,HILL
IUAWT3UPTU_chipid3024.tiff,HILL
KLOMPJC7YA_chipid2748.tiff,WESTERN TRANSITION
AQ8Z9HG6V0_chipid317.tiff,COASTAL
RGFWPEC3VW_chipid323.tiff,NORTH EAST DRY
G8I171PWPY_chipid2534.tiff,WESTERN TRANSITION
XW9OEB8ONJ_chipid217.tiff,NORTH EAST DRY
JKCXRI45M7_chipid357.tiff,NORTH EAST DRY
HFMP5R8982_chipid392.tiff,HILL
3KGSHP659T_chipid1790.tiff,NORTHERN DRY
UNSMT3OZ8T_chipid148.tiff,NORTHERN DRY
DLTT6MHBLU_chipid2539.tiff,WESTERN TRANSITION
UV6TQN24RK_chipid4193.tiff,HILL
LXHKNB7H8R_chipid799.tiff,COASTAL
KOTIZZZOXR_chipid2209.tiff,SOUTHERN DRY
2HHC525YMO_chipid3891.tiff,WESTERN TRANSITION
A4678TVZCE_chipid87.tiff,HILL
UTKMQ5XAH5_chipid227.tiff,NORTH EAST DRY
7M7KUIEW4S_chipid817.tiff,COASTAL
MAWD9DVB8B_chipid1701.tiff,SOUTHERN DRY
HZGMMQO6XP_chipid1743.tiff,NORTHERN DRY
3F5LKU4IHV_chipid332.tiff,COASTAL
Y76TOD7K45_chipid1045.tiff,NORTHERN DRY
KUFONIA8PG_chipid1761.tiff,NORTHERN DRY
SJ3EFYW036_chipid1714.tiff,SOUTHERN DRY
K1PZA7Q6PX_chipid4688.tiff,HILL
Z136H6JXUY_chipid39.tiff,HILL
OPOTMFGL0K_chipid418.tiff,NORTH EAST DRY
UA54TE1MIC_chipid1330.tiff,COASTAL
7UU15YR5JO_chipid1931.tiff,SOUTHERN DRY
S17FSOK8KV_chipid960.tiff,SOUTHERN DRY
ZWZH2DHP0X_chipid1402.tiff,HILL
96GJNX74G7_chipid727.tiff,WESTERN TRANSITION
SGJMRN4KJF_chipid1016.tiff,SOUTHERN DRY
7EE76Z3VDA_chipid1043.tiff,NORTHERN DRY
C7SG6FVO4O_chipid2531.tiff,WESTERN TRANSITION
M7XAO66AP9_chipid0.tiff,HILL
C2JKBN67CO_chipid984.tiff,SOUTHERN DRY
WU4N8O02YB_chipid2230.tiff,SOUTHERN DRY
UYVBB0C4GM_chipid1908.tiff,SOUTHERN DRY
09C0K3DUOP_chipid134.tiff,HILL
FEVANX4N47_chipid1998.tiff,COASTAL
1DCDLCQ4IE_chipid1470.tiff,HILL
O42M81JVDW_chipid1491.tiff,HILL
DI3W4086ZX_chipid663.tiff,WESTERN TRANSITION
RJS8JMYD2J_chipid2594.tiff,WESTERN TRANSITION
S21Z2W8FYT_chipid2172.tiff,COASTAL
TVJ9B16I4C_chipid963.tiff,SOUTHERN DRY
SRM60KN7IF_chipid604.tiff,COASTAL
ANJOP5D74N_chipid1207.tiff,COASTAL
H93BSF9VLS_chipid2010.tiff,COASTAL
97LVJIUSQ8_chipid3010.tiff,HILL
WCULF2NLUE_chipid2552.tiff,WESTERN TRANSITION
XG0WWGJAGK_chipid201.tiff,NORTH EAST DRY
9VSBLWCGO5_chipid1892.tiff,SOUTHERN DRY
JX9N0TSRXS_chipid535.tiff,SOUTHERN DRY
FPD0FS9KWY_chipid344.tiff,HILL
3YX7Z0T2ZX_chipid442.tiff,NORTH EAST DRY
1KDN9XNYP1_chipid1197.tiff,COASTAL
JKQOUV42RJ_chipid1861.tiff,WESTERN TRANSITION
GMQWH7W2O7_chipid949.tiff,SOUTHERN DRY
QX2HLXH5RN_chipid1857.tiff,WESTERN TRANSITION
9NT9WNIU6S_chipid531.tiff,SOUTHERN DRY
OKW8TDZ6M0_chipid1450.tiff,NORTHERN DRY
H8Q6RV4B6H_chipid1872.tiff,WESTERN TRANSITION
93SPW8RT1Y_chipid1879.tiff,WESTERN TRANSITION
V9HG9JQDLU_chipid2711.tiff,WESTERN TRANSITION
4R8V0P9DTU_chipid4591.tiff,HILL
YNNS106P4Q_chipid381.tiff,NORTH EAST DRY
YQVURHZOA9_chipid37.tiff,COASTAL
08OUN2RAX0_chipid167.tiff,NORTHERN DRY
ZXQAYGCNY7_chipid1739.tiff,NORTHERN DRY
RKZN347ZYL_chipid940.tiff,SOUTHERN DRY
UQILPXT6LZ_chipid78.tiff,NORTH EAST DRY
4F6572RM42_chipid2150.tiff,COASTAL
VD3WTDW5US_chipid3026.tiff,HILL
X685FJA3PI_chipid4203.tiff,HILL
3OX3QZA248_chipid364.tiff,NORTH EAST DRY
M1SN2LZDU6_chipid3094.tiff,HILL
90B6N3ZVS5_chipid2693.tiff,WESTERN TRANSITION
89Q9J7XHVE_chipid682.tiff,WESTERN TRANSITION
8PJ48YKAPD_chipid941.tiff,SOUTHERN DRY
C7JCPD8S1R_chipid939.tiff,SOUTHERN DRY
3LJJFJXVVY_chipid62.tiff,COASTAL
X3GXV1LORW_chipid1405.tiff,HILL
9A9RKUCM57_chipid159.tiff,NORTH EAST DRY
QHJZU0SFAX_chipid2742.tiff,WESTERN TRANSITION
760V73OICS_chipid1318.tiff,COASTAL
1AP2HLDYDH_chipid453.tiff,WESTERN TRANSITION
7Z1BR0C77S_chipid2991.tiff,HILL
C54GIGPYCT_chipid1913.tiff,SOUTHERN DRY
BGFGTFX0ED_chipid1409.tiff,HILL
5AIL9Q48BR_chipid4692.tiff,HILL
YBF30G34UQ_chipid53.tiff,NORTH EAST DRY
ZHOPA279BN_chipid4218.tiff,HILL
TC0GKRZKK5_chipid1775.tiff,NORTHERN DRY
DL4P0J1BJ9_chipid3816.tiff,HILL
KW356KTN9Z_chipid2181.tiff,COASTAL
1FBSBMX5C9_chipid3902.tiff,WESTERN TRANSITION
I7V8H2A8AS_chipid275.tiff,SOUTHERN DRY
PWFWWD24S3_chipid2990.tiff,HILL
QTR6G2N68X_chipid1500.tiff,HILL
VS6J7QZVBT_chipid316.tiff,COASTAL
VITSBHNXAD_chipid1429.tiff,NORTHERN DRY
3HABELCTPX_chipid2717.tiff,WESTERN TRANSITION
UXX3R789CL_chipid45.tiff,COASTAL
PYX5QCQZUJ_chipid1695.tiff,SOUTHERN DRY
PWLOHEAHAK_chipid2179.tiff,COASTAL
CVSAHXB44A_chipid3802.tiff,HILL
9QZNW7NNFX_chipid4233.tiff,HILL
2UCIEVFF2E_chipid989.tiff,SOUTHERN DRY
5TBWJA6FKG_chipid572.tiff,COASTAL
KFTQNOICGT_chipid735.tiff,WESTERN TRANSITION
C9F25GOZQX_chipid2566.tiff,WESTERN TRANSITION
PK3J2DSHMY_chipid1317.tiff,COASTAL
0G9C0R9XPR_chipid285.tiff,NORTH EAST DRY
DA4K6E7APJ_chipid1877.tiff,WESTERN TRANSITION
LPP03FN375_chipid4559.tiff,HILL
MYTZY0C7VO_chipid2001.tiff,COASTAL
C0GCKJ2NW7_chipid711.tiff,WESTERN TRANSITION
0UR43AZQWZ_chipid3087.tiff,HILL
A6M5A79IBQ_chipid1399.tiff,HILL
5PYVBAWW7E_chipid45.tiff,NORTH EAST DRY
1V55Q18YK0_chipid922.tiff,SOUTHERN DRY
TF4RPNZTMO_chipid3898.tiff,WESTERN TRANSITION
B0DO8MEQNV_chipid2741.tiff,WESTERN TRANSITION
ODFKV85BY5_chipid73.tiff,HILL
76C1UYQ8D9_chipid4180.tiff,HILL
GGQPWDS0ZX_chipid316.tiff,NORTH EAST DRY
PZ03IKVT11_chipid79.tiff,NORTH EAST DRY
QB8QE7ADFI_chipid94.tiff,NORTH EAST DRY
GMNR7ES48L_chipid1665.tiff,SOUTHERN DRY
OP5Y368AKA_chipid579.tiff,COASTAL
2T86LBDY39_chipid64.tiff,COASTAL
HK6RAOY5EC_chipid694.tiff,WESTERN TRANSITION
MVM4M1CKPL_chipid1887.tiff,WESTERN TRANSITION
WKPLP93DFR_chipid3901.tiff,WESTERN TRANSITION
24UT197Y10_chipid1431.tiff,NORTHERN DRY
9WJDM9T31O_chipid3110.tiff,HILL
0ISAXK95KI_chipid618.tiff,COASTAL
DFJC5NZNS9_chipid165.tiff,NORTHERN DRY
BHZPQ8WYQN_chipid455.tiff,NORTH EAST DRY
7XQFEMYBUA_chipid446.tiff,NORTH EAST DRY
0ZDE53WHVV_chipid1917.tiff,SOUTHERN DRY
PDUERHB1PR_chipid848.tiff,SOUTHERN DRY
XHUZ1C0G7A_chipid2022.tiff,COASTAL
F76G0JPXVG_chipid865.tiff,SOUTHERN DRY
JH832OUBTD_chipid962.tiff,SOUTHERN DRY
04ZO2QG5ZJ_chipid105.tiff,NORTH EAST DRY
VFPM4IXLDG_chipid93.tiff,NORTH EAST DRY
ES00PL0DJC_chipid382.tiff,HILL
L3TD8EZPCD_chipid5050.tiff,HILL
2HUUHHV33Q_chipid63.tiff,NORTH EAST DRY
NPVM2FJZKQ_chipid170.tiff,NORTHERN DRY
VA6QWXIMXW_chipid842.tiff,SOUTHERN DRY
KZAA20GQR2_chipid3062.tiff,HILL
VCC9VOMMHT_chipid475.tiff,NORTH EAST DRY
3Z9EN9GOHU_chipid2724.tiff,WESTERN TRANSITION
BHM0DCRFW8_chipid875.tiff,SOUTHERN DRY
U1AKPKA361_chipid856.tiff,SOUTHERN DRY
N024FZA0XK_chipid326.tiff,COASTAL
GB35CXX0J5_chipid2721.tiff,WESTERN TRANSITION
HFWD17NFCO_chipid350.tiff,HILL
O2AUBBW057_chipid84.tiff,COASTAL
52WUR4K6VL_chipid774.tiff,WESTERN TRANSITION
EQIJMSJJND_chipid1764.tiff,NORTHERN DRY
IBFBGEXJEN_chipid9.tiff,NORTH EAST DRY
O5X2MTU7X8_chipid728.tiff,WESTERN TRANSITION
M1SIEQYG4F_chipid352.tiff,NORTH EAST DRY
KK2ORM194I_chipid566.tiff,COASTAL
09X5I39XAR_chipid208.tiff,NORTH EAST DRY
GQGNEMJM2N_chipid5060.tiff,HILL
YLNESXYC5X_chipid5059.tiff,HILL
L6DV0593JT_chipid89.tiff,COASTAL
U0H6BZ1EYU_chipid262.tiff,SOUTHERN DRY
DP787W2F8G_chipid602.tiff,COASTAL
68F41I4BNS_chipid511.tiff,COASTAL
3QC3JMUFEQ_chipid20.tiff,NORTH EAST DRY
PRO5ZZAOAK_chipid2530.tiff,WESTERN TRANSITION
JCUCYM3Z3V_chipid15.tiff,HILL
CB96N2EBXA_chipid2710.tiff,WESTERN TRANSITION
R4RBY4EOD0_chipid262.tiff,NORTH EAST DRY
NVX0T8U6RM_chipid1505.tiff,HILL
5QJJ337983_chipid2163.tiff,COASTAL
GC142I7H64_chipid273.tiff,NORTH EAST DRY
1M19EAYC8E_chipid3104.tiff,HILL
BR70U11KE2_chipid1342.tiff,COASTAL
3NMRUKQI95_chipid1840.tiff,WESTERN TRANSITION
JG5MP7Q5QO_chipid744.tiff,WESTERN TRANSITION
D9J696RR4W_chipid1859.tiff,WESTERN TRANSITION
01OC3ME7SC_chipid162.tiff,NORTH EAST DRY
WZPXHB30YR_chipid1064.tiff,NORTHERN DRY
HAT30RE2E6_chipid4604.tiff,HILL
Q560FX5FUV_chipid484.tiff,COASTAL
Q9GWHA2G6C_chipid330.tiff,NORTH EAST DRY
JG4THQ9RH0_chipid478.tiff,COASTAL
J6A3M8DHUJ_chipid303.tiff,NORTH EAST DRY
ZXAA6PVLZT_chipid1047.tiff,NORTHERN DRY
MQRKPR8NSI_chipid1214.tiff,COASTAL
IA9PGMAPMK_chipid356.tiff,NORTH EAST DRY
44LHQBCSPW_chipid549.tiff,SOUTHERN DRY
BAMFWVKBVY_chipid4704.tiff,HILL
YJ1SQB4ORA_chipid1385.tiff,HILL
LPNENUPKLW_chipid670.tiff,WESTERN TRANSITION
Z8IR2MIGSV_chipid3923.tiff,WESTERN TRANSITION
ASP2872SI6_chipid35.tiff,NORTH EAST DRY
70O0REQEOG_chipid1005.tiff,SOUTHERN DRY
ZVY9KVQN7Y_chipid967.tiff,SOUTHERN DRY
M1BKGRKVHO_chipid3838.tiff,HILL
1OA0CWWP2W_chipid63.tiff,HILL
RBNCZZ4E2X_chipid57.tiff,HILL
UN6PK1KV2O_chipid378.tiff,HILL
EWQ4POLFSL_chipid230.tiff,NORTH EAST DRY
6IL0LAU2LR_chipid1360.tiff,COASTAL
E0A10BJGJ4_chipid2556.tiff,WESTERN TRANSITION
IFZO1LWSYF_chipid4568.tiff,HILL
31JZ6I0RJ3_chipid1011.tiff,SOUTHERN DRY
17VB4PV8LY_chipid1693.tiff,SOUTHERN DRY
Y4BN1M0413_chipid1316.tiff,COASTAL
YUMOTQPIXK_chipid1019.tiff,SOUTHERN DRY
P6I5J6VJ9U_chipid1860.tiff,WESTERN TRANSITION
5AYPK23W5Z_chipid4677.tiff,HILL
MFWE8CV9XA_chipid2719.tiff,WESTERN TRANSITION
BYNJJ5DJC0_chipid5043.tiff,HILL
9AOOTVI0WK_chipid11.tiff,COASTAL
0P1EDNIAW1_chipid278.tiff,SOUTHERN DRY
PCOFV35PHB_chipid1094.tiff,SOUTHERN DRY
8CPR04NQ2F_chipid3925.tiff,WESTERN TRANSITION
HS960Q484P_chipid1349.tiff,COASTAL
WTUOQ399VE_chipid147.tiff,NORTHERN DRY
0300V7TKAE_chipid605.tiff,COASTAL
2O1IZ2M9M4_chipid5049.tiff,HILL
IJPQ40O6NJ_chipid352.tiff,HILL
RBB6KPYUZX_chipid365.tiff,NORTH EAST DRY
7PPTH1PU5W_chipid1905.tiff,SOUTHERN DRY
RMH08PBSTY_chipid614.tiff,COASTAL
9PKW92B6FO_chipid581.tiff,COASTAL
AHY3PBVUDM_chipid169.tiff,NORTH EAST DRY
9BZU3ZWGR1_chipid12.tiff,HILL
X2P16NRAZW_chipid196.tiff,NORTH EAST DRY
HCB9Q8ILK1_chipid690.tiff,WESTERN TRANSITION
79HNBT0LC7_chipid94.tiff,COASTAL
9ER3ULAEIC_chipid2567.tiff,WESTERN TRANSITION
D3CKH277B0_chipid265.tiff,NORTH EAST DRY
ED845CROH9_chipid870.tiff,SOUTHERN DRY
0C5KPOLMH6_chipid1078.tiff,SOUTHERN DRY
23LVUVOHC6_chipid1885.tiff,WESTERN TRANSITION
SLLCCHUY8Q_chipid4698.tiff,HILL
3EO80JIWTT_chipid4600.tiff,HILL
T096HHASDQ_chipid689.tiff,WESTERN TRANSITION
5NNX9K6RJ4_chipid4226.tiff,HILL
VNHGT4VUAH_chipid2718.tiff,WESTERN TRANSITION
7O82CXB0Y2_chipid995.tiff,SOUTHERN DRY
KS44A4ATZT_chipid607.tiff,COASTAL
VM3L5JNOK8_chipid854.tiff,SOUTHERN DRY
QGHCS37GTG_chipid3799.tiff,HILL
LF5LY2AQCD_chipid653.tiff,WESTERN TRANSITION
I6DB98EW3G_chipid43.tiff,NORTH EAST DRY
DNYB81VZQV_chipid2773.tiff,WESTERN TRANSITION
X26NESXLFS_chipid3060.tiff,HILL
MEN6LZ19IC_chipid2161.tiff,COASTAL
5LDJEF1FHN_chipid545.tiff,SOUTHERN DRY
OR94OW759X_chipid657.tiff,WESTERN TRANSITION
EGBB0JTAVC_chipid52.tiff,COASTAL
5QVGT6CBBP_chipid2746.tiff,WESTERN TRANSITION
BTYLPY6IGW_chipid2678.tiff,WESTERN TRANSITION
5F38PMUF4U_chipid22.tiff,COASTAL
ZQYNZCUWVM_chipid412.tiff,WESTERN TRANSITION
U3TUF4G27O_chipid33.tiff,HILL
8DGVOI27FI_chipid1042.tiff,NORTHERN DRY
GYFXGNC1AS_chipid2738.tiff,WESTERN TRANSITION
W2K6QL08QL_chipid4569.tiff,HILL
AMZSY1E5CP_chipid1674.tiff,SOUTHERN DRY
323VUCXF83_chipid674.tiff,WESTERN TRANSITION
3PBR8HOE3K_chipid32.tiff,COASTAL
SOCJOOF4T1_chipid631.tiff,WESTERN TRANSITION
TGOBJ4Y65J_chipid1493.tiff,HILL
Y5LITJ89JD_chipid158.tiff,NORTHERN DRY
4Z0PX4JA2D_chipid9.tiff,COASTAL
C9A8ND18HS_chipid60.tiff,COASTAL
L0PNHLWZP3_chipid477.tiff,NORTH EAST DRY
MB08MI5PA0_chipid415.tiff,NORTH EAST DRY
DZ80ITFRQZ_chipid165.tiff,NORTH EAST DRY
DLRPR35ZAE_chipid282.tiff,NORTH EAST DRY
6090COWK97_chipid903.tiff,COASTAL
50JXC9KKA1_chipid970.tiff,SOUTHERN DRY
JF1GELWQCP_chipid346.tiff,HILL
7WSHP5RNSD_chipid2214.tiff,SOUTHERN DRY
QEF0BWZT2E_chipid27.tiff,NORTH EAST DRY
CHBBF34LXN_chipid1195.tiff,COASTAL
C46BLJVS9G_chipid242.tiff,NORTH EAST DRY
9FB3ROPKFO_chipid2212.tiff,SOUTHERN DRY
IW2OXWOZD0_chipid1350.tiff,COASTAL
5YUU1GZYWN_chipid20.tiff,HILL
1MNINH3C0V_chipid644.tiff,WESTERN TRANSITION
S62CY89G31_chipid1354.tiff,COASTAL
QINRS1BK4Z_chipid264.tiff,NORTH EAST DRY
PAOEYO2KU5_chipid2226.tiff,SOUTHERN DRY
LQD7FJ857Z_chipid1462.tiff,NORTHERN DRY
5XJFXVANEY_chipid3013.tiff,HILL
AWK7DAOPEA_chipid1771.tiff,NORTHERN DRY
6H55TBCZER_chipid360.tiff,HILL
LMJ2RPSA9A_chipid3113.tiff,HILL
9BHI04H8YP_chipid1096.tiff,SOUTHERN DRY
GKVYN9ZUZW_chipid2727.tiff,WESTERN TRANSITION
I4Q77KZANA_chipid129.tiff,NORTH EAST DRY
R9Q8HR7FY0_chipid471.tiff,COASTAL
J96G67R6GO_chipid509.tiff,NORTH EAST DRY
3VA7HYGTV5_chipid1182.tiff,COASTAL
BMMMYVGM1Y_chipid4576.tiff,HILL
YJUHFEHN20_chipid2167.tiff,COASTAL
G9ZYJFUYFT_chipid3003.tiff,HILL
47MXQN52H7_chipid465.tiff,WESTERN TRANSITION
XD5JP59W4C_chipid55.tiff,NORTH EAST DRY
LCLR859ESC_chipid67.tiff,NORTH EAST DRY
B1E8A83GSW_chipid1453.tiff,NORTHERN DRY
GKH1Y7N433_chipid488.tiff,COASTAL
LCUKOJKSW7_chipid1706.tiff,SOUTHERN DRY
CDN6GRSPTP_chipid55.tiff,COASTAL
LP9XGLZH5D_chipid2554.tiff,WESTERN TRANSITION
3ZVY5KICP0_chipid156.tiff,NORTH EAST DRY
LTYK17IURA_chipid636.tiff,WESTERN TRANSITION
B2BD5FND09_chipid1406.tiff,HILL
RY5R8ADRWV_chipid105.tiff,HILL
UI8R23J09V_chipid686.tiff,WESTERN TRANSITION
39Q72F0ISB_chipid228.tiff,NORTH EAST DRY
CKKRXFS3MZ_chipid8.tiff,NORTH EAST DRY
JCSYWT6Q1L_chipid9.tiff,HILL
MOFEM6FYUP_chipid5053.tiff,HILL
8AT9I3GRXR_chipid1681.tiff,SOUTHERN DRY
B5W2JQV5OB_chipid1900.tiff,SOUTHERN DRY
6X20SH7AYR_chipid10.tiff,NORTH EAST DRY
3UCAL6GA3M_chipid3108.tiff,HILL
P8LTW1TYPC_chipid2067.tiff,HILL
YQK35D8ZFG_chipid555.tiff,SOUTHERN DRY
R2JYLHSYKD_chipid16.tiff,HILL
GIQM5XM66F_chipid4206.tiff,HILL
EODUWAM7QG_chipid946.tiff,SOUTHERN DRY
XTZYS4X5UF_chipid0.tiff,NORTH EAST DRY
9LYWFUIS47_chipid423.tiff,NORTH EAST DRY
5KU3IJTFS7_chipid2220.tiff,SOUTHERN DRY
L1BD1S5VA3_chipid125.tiff,HILL
QR7Y65R1V9_chipid259.tiff,SOUTHERN DRY
XSEVMVP0BG_chipid2543.tiff,WESTERN TRANSITION
ICEGRDP91H_chipid1752.tiff,NORTHERN DRY
0PK76IXT7X_chipid27.tiff,HILL
KGMDDJP5QI_chipid45.tiff,HILL
CBF07FR9L1_chipid2544.tiff,WESTERN TRANSITION
563C2WT0MB_chipid478.tiff,NORTH EAST DRY
WQBEL36RFK_chipid1786.tiff,NORTHERN DRY
C99HWNFFEK_chipid344.tiff,NORTH EAST DRY
NBIPWEDX8Z_chipid1658.tiff,SOUTHERN DRY
WHQ2VYODO8_chipid5045.tiff,HILL
CJ9OYL974Y_chipid697.tiff,WESTERN TRANSITION
8WGN87R78E_chipid515.tiff,COASTAL
A0UU7TVDFB_chipid154.tiff,NORTH EAST DRY
ODJ7ZMAF2S_chipid723.tiff,WESTERN TRANSITION
W1S7WPYN3M_chipid139.tiff,HILL
3L4OUJ7BS6_chipid104.tiff,NORTH EAST DRY
4IV7X0NVMV_chipid369.tiff,NORTH EAST DRY
ANC9822OXZ_chipid124.tiff,HILL
YM6YQN7WUA_chipid463.tiff,WESTERN TRANSITION
WIY18UZ4BG_chipid1056.tiff,NORTHERN DRY
0A50SASS4J_chipid115.tiff,HILL
9ODLQC161J_chipid389.tiff,NORTH EAST DRY
YDXQ8PKDT2_chipid972.tiff,SOUTHERN DRY
IXM9R2IOKD_chipid961.tiff,SOUTHERN DRY
A5OVUHT6PN_chipid3074.tiff,HILL
2MD12UGOFA_chipid23.tiff,NORTH EAST DRY
CD08JXWBR5_chipid265.tiff,SOUTHERN DRY
574CRP5T3A_chipid1417.tiff,HILL
HA5CBS1QV0_chipid772.tiff,WESTERN TRANSITION
85234IOT4V_chipid1454.tiff,NORTHERN DRY
S3C32Z5YIX_chipid1032.tiff,NORTHERN DRY
5A6K5HAESB_chipid59.tiff,HILL
Z7IKEPDITJ_chipid610.tiff,COASTAL
XNQ2ZHUD6S_chipid914.tiff,COASTAL
GJ6R0M4LPD_chipid2156.tiff,COASTAL
84V9AD2ITG_chipid1656.tiff,SOUTHERN DRY
2TL7XNF6OA_chipid251.tiff,NORTH EAST DRY
2NX700EATQ_chipid1452.tiff,NORTHERN DRY
XF6NUZBAEP_chipid1907.tiff,SOUTHERN DRY
M4G3W1NW7R_chipid276.tiff,NORTH EAST DRY
J39GBJD7HV_chipid4564.tiff,HILL
5EMN4G14B5_chipid4705.tiff,HILL
ZG7HNW73LF_chipid4670.tiff,HILL
ZWLWEVV5PX_chipid606.tiff,COASTAL
BWL7R51BKV_chipid1232.tiff,COASTAL
OO44ZI6OH7_chipid4212.tiff,HILL
E04S3EELZE_chipid114.tiff,HILL
C1SNW2L6OF_chipid81.tiff,HILL
7GPPB36BML_chipid791.tiff,COASTAL
CCC9OAX0BO_chipid3037.tiff,HILL
7YQATA6UEK_chipid19.tiff,COASTAL
Y5EWSNCY7H_chipid1345.tiff,COASTAL
PHE2G23VZU_chipid2205.tiff,SOUTHERN DRY
ZHFA86DSIO_chipid889.tiff,COASTAL
XNIPUNQB0M_chipid36.tiff,HILL
LDCOQLLW9H_chipid630.tiff,WESTERN TRANSITION
FQF1YFT2K9_chipid391.tiff,NORTH EAST DRY
BXSY9XACVL_chipid1014.tiff,SOUTHERN DRY
OVMORYRFX4_chipid413.tiff,WESTERN TRANSITION
S11N0QRXR6_chipid135.tiff,HILL
PVUB4DWPVB_chipid3826.tiff,HILL
MO46UU2WQK_chipid684.tiff,WESTERN TRANSITION
DAFW4C260Z_chipid14.tiff,NORTH EAST DRY
AK6N3ZEW9C_chipid1080.tiff,SOUTHERN DRY
W2R39E1M7Q_chipid1509.tiff,HILL
GO943PH077_chipid404.tiff,NORTH EAST DRY
QKUVC17SQT_chipid379.tiff,NORTH EAST DRY
LQL7ZRV3CI_chipid717.tiff,WESTERN TRANSITION
0LSX8L8W38_chipid1791.tiff,NORTHERN DRY
OM0X44DJOY_chipid731.tiff,WESTERN TRANSITION
6S1Z2WOUMI_chipid355.tiff,NORTH EAST DRY
K7ZYHIMQ5G_chipid439.tiff,WESTERN TRANSITION
EM3J89LTUL_chipid841.tiff,SOUTHERN DRY
R0Z28R567E_chipid108.tiff,NORTH EAST DRY
PZYLO79FRS_chipid335.tiff,NORTH EAST DRY
0A289LVM4H_chipid874.tiff,SOUTHERN DRY
DCTRBPC6U4_chipid3066.tiff,HILL
W2W7EBN45P_chipid2180.tiff,COASTAL
POTPXHUOO9_chipid347.tiff,NORTH EAST DRY
2FHVVKUHTS_chipid289.tiff,NORTH EAST DRY
JD2HBSRXD1_chipid1204.tiff,COASTAL
NJDALRYRIX_chipid298.tiff,NORTH EAST DRY
WPYROJ9LB1_chipid16.tiff,NORTH EAST DRY
Y5GLBC3F9P_chipid1364.tiff,COASTAL
C30B8N7GQF_chipid1447.tiff,NORTHERN DRY
5QUG7MD9DX_chipid356.tiff,HILL
LH6OBJ11GP_chipid597.tiff,COASTAL
7DQRYQ0R1R_chipid4548.tiff,HILL
ECS3IPIJQP_chipid59.tiff,NORTH EAST DRY
2CWTRPQEUR_chipid405.tiff,NORTH EAST DRY
3REVG0KLIR_chipid591.tiff,COASTAL
86OQ14SDWU_chipid2754.tiff,WESTERN TRANSITION
AL5V8365VV_chipid69.tiff,NORTH EAST DRY
0A20F9YUVC_chipid1393.tiff,HILL
2QIBMNSQOP_chipid1199.tiff,COASTAL
TN68DQXQW9_chipid34.tiff,NORTH EAST DRY
KJSXFHQYC5_chipid2011.tiff,COASTAL
5QQWQDHHQI_chipid2155.tiff,COASTAL
JSPVZHFG5L_chipid3810.tiff,HILL
EOZXAZTPND_chipid403.tiff,NORTH EAST DRY
XCFRHCV01U_chipid506.tiff,COASTAL
D70XUASARI_chipid2019.tiff,COASTAL
SXILXSSDNQ_chipid810.tiff,COASTAL
KEMFX7CCQM_chipid3072.tiff,HILL
SIQ7XCPI6E_chipid1090.tiff,SOUTHERN DRY
UW9Y1LWP5A_chipid4211.tiff,HILL
JQG0YYGLU2_chipid1004.tiff,SOUTHERN DRY
DT90YVC569_chipid1423.tiff,NORTHERN DRY
E7AN2C8M68_chipid215.tiff,NORTH EAST DRY
6O1CRH0MC0_chipid757.tiff,WESTERN TRANSITION
52IVMFV30L_chipid2018.tiff,COASTAL
WWTK9KX7J0_chipid649.tiff,WESTERN TRANSITION
TW6USVPBA4_chipid387.tiff,HILL
193S7I266S_chipid528.tiff,SOUTHERN DRY
ZQMPCM6MKR_chipid950.tiff,SOUTHERN DRY
WQR7KTG2SS_chipid1995.tiff,COASTAL
KD3I8SA549_chipid186.tiff,NORTHERN DRY
AIGLE380BQ_chipid1088.tiff,SOUTHERN DRY
6F4L9TIPL5_chipid2542.tiff,WESTERN TRANSITION
BQ5P3CP80Y_chipid422.tiff,WESTERN TRANSITION
3RHO430PPP_chipid679.tiff,WESTERN TRANSITION
MPD1NC2UPJ_chipid2998.tiff,HILL
YRURQUVYDX_chipid308.tiff,NORTH EAST DRY
DUYA1PKIO3_chipid1472.tiff,HILL
2OCXDR5PZ1_chipid345.tiff,NORTH EAST DRY
GD94ZY3Y6M_chipid4668.tiff,HILL
8L686RNN1J_chipid72.tiff,HILL
4YW3Y8133C_chipid449.tiff,WESTERN TRANSITION
VLF0XLBF1K_chipid138.tiff,HILL
4HWLNCXZUH_chipid461.tiff,NORTH EAST DRY
QPNMLEIJKR_chipid125.tiff,NORTH EAST DRY
GERG64QP6T_chipid1404.tiff,HILL
P34N042N7N_chipid50.tiff,HILL
M6VEHG1HWM_chipid1025.tiff,SOUTHERN DRY
XD0YC81ASO_chipid5057.tiff,HILL
SCVMRSF7MM_chipid406.tiff,NORTH EAST DRY
53MKQYXRT7_chipid4235.tiff,HILL
OXW1MDGR41_chipid1328.tiff,COASTAL
Y333QJWB6X_chipid131.tiff,NORTH EAST DRY
3HL5I0SFEI_chipid608.tiff,COASTAL
1VEULFC9ED_chipid472.tiff,COASTAL
DJVBH2TXRK_chipid91.tiff,NORTH EAST DRY
LU4L6TCTMF_chipid1921.tiff,SOUTHERN DRY
6ER5N48FLD_chipid537.tiff,SOUTHERN DRY
01K4UAK9Q7_chipid1776.tiff,NORTHERN DRY
8H2JLFXLKC_chipid231.tiff,NORTH EAST DRY
ITSY3ONLB0_chipid4577.tiff,HILL
088GLI5MB8_chipid315.tiff,NORTH EAST DRY
NK4O0DUKBG_chipid405.tiff,WESTERN TRANSITION
RE7M4R36SI_chipid3922.tiff,WESTERN TRANSITION
HTM65XNKL5_chipid1773.tiff,NORTHERN DRY
17699HLEAF_chipid3908.tiff,WESTERN TRANSITION
U73CZE1XA4_chipid936.tiff,SOUTHERN DRY
4O7YQDN24M_chipid4562.tiff,HILL
7YZ99QH53J_chipid423.tiff,WESTERN TRANSITION
JB667IS1SQ_chipid2027.tiff,COASTAL
HAN50X71PG_chipid768.tiff,WESTERN TRANSITION
8AF7XKJG9A_chipid370.tiff,NORTH EAST DRY
JD2M48QVC8_chipid51.tiff,HILL
US6OMQNRVS_chipid1443.tiff,NORTHERN DRY
9SADF5UQGH_chipid3830.tiff,HILL
6D610YALH9_chipid3842.tiff,HILL
J6BMCYTHOX_chipid207.tiff,NORTH EAST DRY
8VFUJS4ZNV_chipid65.tiff,HILL
YH64872UOR_chipid4225.tiff,HILL
WP9QROJTY0_chipid2680.tiff,WESTERN TRANSITION
JRWQY37FQ9_chipid271.tiff,SOUTHERN DRY
CGHRWQWU62_chipid642.tiff,WESTERN TRANSITION
F33QWTIUUY_chipid3028.tiff,HILL
0ZIJ9M3SMF_chipid3082.tiff,HILL
F86G68W6E2_chipid706.tiff,WESTERN TRANSITION
YVMBPIWKMA_chipid1934.tiff,SOUTHERN DRY
PIYTGQ3QG9_chipid1344.tiff,COASTAL
JTH2BQR5G0_chipid1008.tiff,SOUTHERN DRY
NQ89H9I1Y1_chipid3081.tiff,HILL
WTMA0SWPE6_chipid204.tiff,NORTH EAST DRY
C3TP89VCK0_chipid771.tiff,WESTERN TRANSITION
1U1C7V5DBC_chipid616.tiff,COASTAL
CHU7N7DDBF_chipid756.tiff,WESTERN TRANSITION
4ZGA5E8N1B_chipid1024.tiff,SOUTHERN DRY
2Q0G0OOGDL_chipid466.tiff,COASTAL
PJ1Z0W2OKS_chipid2024.tiff,COASTAL
T3YBWUMXGF_chipid3834.tiff,HILL
MI26HMS9V5_chipid1843.tiff,WESTERN TRANSITION
KYQ9PYS5P2_chipid50.tiff,COASTAL
XJHGG9XIOK_chipid285.tiff,SOUTHERN DRY
H3HCL9ZEY5_chipid313.tiff,COASTAL
GSER2ZXQFI_chipid388.tiff,HILL
LJ0BE00043_chipid1059.tiff,NORTHERN DRY
RLUL3RL55F_chipid2745.tiff,WESTERN TRANSITION
7WOGB2D7LD_chipid2561.tiff,WESTERN TRANSITION
VG3A168X2P_chipid2681.tiff,WESTERN TRANSITION
VPTMUHNTX7_chipid2045.tiff,HILL
RFK310JRNQ_chipid293.tiff,NORTH EAST DRY
58R2GP49D0_chipid430.tiff,NORTH EAST DRY
2CB4GX5NVW_chipid1412.tiff,HILL
EA7DF8TYE1_chipid1027.tiff,SOUTHERN DRY
4KQYYJLCNS_chipid8.tiff,HILL
2478DDGFNB_chipid696.tiff,WESTERN TRANSITION
TSISOI6NE3_chipid3920.tiff,WESTERN TRANSITION
5TRHDVUFM3_chipid685.tiff,WESTERN TRANSITION
KMFWZXF5S2_chipid1441.tiff,NORTHERN DRY
VW55BP50DZ_chipid203.tiff,NORTH EAST DRY
BEQW4IM5WX_chipid500.tiff,COASTAL
APOV6B8JU8_chipid539.tiff,SOUTHERN DRY
RTJE5VBLHD_chipid1897.tiff,SOUTHERN DRY
852CWYZMXU_chipid722.tiff,WESTERN TRANSITION
RCSZVDUBLB_chipid3815.tiff,HILL
9YEC45URBW_chipid167.tiff,NORTH EAST DRY
2WQYVNMIKH_chipid326.tiff,NORTH EAST DRY
LO0WFT74DZ_chipid868.tiff,SOUTHERN DRY
03LPBESVPI_chipid2694.tiff,WESTERN TRANSITION
VH2QMPKULK_chipid11.tiff,NORTH EAST DRY
1NRSIEHFWM_chipid454.tiff,NORTH EAST DRY
QA0SDUGUWO_chipid320.tiff,NORTH EAST DRY
WQCK3008ZI_chipid2064.tiff,HILL
4PVXF506MU_chipid476.tiff,COASTAL
OWSNJZESCO_chipid1185.tiff,COASTAL
KXFMJSRNX7_chipid3098.tiff,HILL
EUO7HH8H5Z_chipid320.tiff,COASTAL
GSROWSEDV0_chipid80.tiff,COASTAL
77BF21FOP9_chipid3100.tiff,HILL
6B5DYE7OEZ_chipid4570.tiff,HILL
073VN21DXZ_chipid751.tiff,WESTERN TRANSITION
CKWZ7VRVW6_chipid137.tiff,NORTH EAST DRY
CH1R91BJTH_chipid18.tiff,NORTH EAST DRY
809DK3R9Z4_chipid3053.tiff,HILL
XJKE36S01W_chipid1685.tiff,SOUTHERN DRY
V4E9UOF28W_chipid2776.tiff,WESTERN TRANSITION
PTLCVLT1JH_chipid986.tiff,SOUTHERN DRY
JZM5JI7O9Q_chipid1184.tiff,COASTAL
2NG3VSN3CW_chipid74.tiff,NORTH EAST DRY
XFNOO0P7ZT_chipid897.tiff,COASTAL
JTBQEO51XB_chipid1387.tiff,HILL
99YR1M6E39_chipid1746.tiff,NORTHERN DRY
94FJ70BX4Y_chipid1222.tiff,COASTAL
BU61JK0QMN_chipid66.tiff,NORTH EAST DRY
9BJ2KN5G5A_chipid194.tiff,NORTH EAST DRY
YR1A10E2LU_chipid2169.tiff,COASTAL
M5RWGCOMAA_chipid3906.tiff,WESTERN TRANSITION
9FC02M2745_chipid1730.tiff,SOUTHERN DRY
FM093WEHXH_chipid438.tiff,NORTH EAST DRY
YMEGDFD5E0_chipid2232.tiff,SOUTHERN DRY
2CLUPFKRGL_chipid754.tiff,WESTERN TRANSITION
O292UN1GVT_chipid1866.tiff,WESTERN TRANSITION
CHV3UIKXMB_chipid1494.tiff,HILL
JVXQRBR0KQ_chipid2013.tiff,COASTAL
54LE0AFTYT_chipid968.tiff,SOUTHERN DRY
IKXVIPLN7E_chipid147.tiff,NORTH EAST DRY
9UU13EAPC3_chipid372.tiff,HILL
DVS1UMCNLJ_chipid887.tiff,COASTAL
415K6UH8TB_chipid1102.tiff,SOUTHERN DRY
TRM7ITRFC5_chipid465.tiff,NORTH EAST DRY
4CP4CFUC05_chipid4693.tiff,HILL
ZJC36BDD1G_chipid343.tiff,COASTAL
BUT0W994WP_chipid1334.tiff,COASTAL
JEEZNNSV35_chipid270.tiff,NORTH EAST DRY
S0SMNQB2AJ_chipid146.tiff,NORTH EAST DRY
FALPBBE4LU_chipid260.tiff,NORTH EAST DRY
DBD3C7WFZ5_chipid3835.tiff,HILL
YQWM5NU039_chipid433.tiff,WESTERN TRANSITION
5DA1VU9PLQ_chipid952.tiff,SOUTHERN DRY
A24MFVQN0O_chipid1418.tiff,HILL
U6V8HPPG76_chipid60.tiff,NORTH EAST DRY
10IOCHME89_chipid1003.tiff,SOUTHERN DRY
Q4Z28RTFPY_chipid4697.tiff,HILL
AZ3VXHB4P6_chipid669.tiff,WESTERN TRANSITION
CBXZUSQ5CL_chipid2550.tiff,WESTERN TRANSITION
7SOC15K8Y3_chipid3819.tiff,HILL
M6Y801WPEW_chipid629.tiff,WESTERN TRANSITION
APLKZHR4LA_chipid552.tiff,SOUTHERN DRY
96NWEM09W6_chipid4176.tiff,HILL
ZNP5VZIOJB_chipid2160.tiff,COASTAL
TZRJ9R4T70_chipid790.tiff,COASTAL
IH3AG53NQU_chipid1474.tiff,HILL
6UVD6LP9WY_chipid1338.tiff,COASTAL
PDCZJ5O2JF_chipid42.tiff,COASTAL
8PXOLH3SSD_chipid2165.tiff,COASTAL
CXZO9KIVHH_chipid294.tiff,NORTH EAST DRY
PULNJMFK7A_chipid1920.tiff,SOUTHERN DRY
4MXR7RMRJQ_chipid514.tiff,NORTH EAST DRY
ALT6D7S2EJ_chipid1067.tiff,SOUTHERN DRY
WW94QEIMRA_chipid385.tiff,NORTH EAST DRY
77UHB16RJU_chipid895.tiff,COASTAL
ZGGIRYGMY3_chipid304.tiff,NORTH EAST DRY
ODNVGWIQ2H_chipid146.tiff,NORTHERN DRY
CVOXNFH825_chipid2715.tiff,WESTERN TRANSITION
ARY37XDWAH_chipid1071.tiff,SOUTHERN DRY
F5JH4Z2EII_chipid2065.tiff,HILL
Z5ZKY41Z5S_chipid457.tiff,WESTERN TRANSITION
WB9EXFNXWW_chipid1369.tiff,HILL
XNZYCT4G4B_chipid1012.tiff,SOUTHERN DRY
6ZCO721S1X_chipid2078.tiff,HILL
6UQD2PGN4K_chipid873.tiff,SOUTHERN DRY
5EQYY4442O_chipid479.tiff,COASTAL
94PEJX83C1_chipid353.tiff,HILL
7AYUDHDD3R_chipid95.tiff,HILL
UGZGS6RJ8D_chipid1677.tiff,SOUTHERN DRY
1OXWXSL4UJ_chipid11.tiff,HILL
HKE9N1V9EV_chipid276.tiff,SOUTHERN DRY
9JFPS9RZ3N_chipid296.tiff,SOUTHERN DRY
DGXTAQXWX7_chipid639.tiff,WESTERN TRANSITION
U7C9ET44QE_chipid332.tiff,NORTH EAST DRY
3TBTYDWB7T_chipid83.tiff,COASTAL
CL8YZQ6VWK_chipid2701.tiff,WESTERN TRANSITION
LYNHOY08XU_chipid4215.tiff,HILL
XA2NJ9X1V4_chipid1717.tiff,SOUTHERN DRY
T1EIR5HDUP_chipid4227.tiff,HILL
JO74Q1YFJH_chipid877.tiff,SOUTHERN DRY
RJRFZSJHKQ_chipid407.tiff,WESTERN TRANSITION
QE8L853OFB_chipid133.tiff,HILL
OOZ2ZPBICB_chipid221.tiff,NORTH EAST DRY
1RML5WMELN_chipid482.tiff,COASTAL
CIUANCYEPV_chipid1993.tiff,COASTAL
E7K8CDK301_chipid532.tiff,SOUTHERN DRY
C5AM4WTOHM_chipid188.tiff,NORTHERN DRY
K348G265F2_chipid1398.tiff,HILL
WS2W4GMLL4_chipid393.tiff,HILL
FECTX6CAEU_chipid153.tiff,NORTH EAST DRY
F7TLYYDVHA_chipid1416.tiff,HILL
6URE49WACV_chipid575.tiff,COASTAL
9AU582GQ8Y_chipid971.tiff,SOUTHERN DRY
BAQVP09O2M_chipid3012.tiff,HILL
1CJXB4TNKZ_chipid7.tiff,NORTH EAST DRY
XD4BH0IT2N_chipid587.tiff,COASTAL
G0TGZ2YT82_chipid680.tiff,WESTERN TRANSITION
T0MHMUWW4S_chipid1927.tiff,SOUTHERN DRY
70X0KQXUM6_chipid650.tiff,WESTERN TRANSITION
SZRHICKEYS_chipid52.tiff,NORTH EAST DRY
7PIP9EG7C3_chipid4207.tiff,HILL
Z5ZKXLPRN2_chipid483.tiff,COASTAL
GAC3JE6IS4_chipid553.tiff,SOUTHERN DRY
TJNHG3ZRDP_chipid648.tiff,WESTERN TRANSITION
NDFHJ12I1A_chipid2728.tiff,WESTERN TRANSITION
V0CIHSGB7P_chipid1209.tiff,COASTAL
TO6IF0ZQJV_chipid951.tiff,SOUTHERN DRY
9UVU1DH6IL_chipid371.tiff,NORTH EAST DRY
CI4UJ0IHY9_chipid517.tiff,SOUTHERN DRY
WPIOVGAPIM_chipid4560.tiff,HILL
ALFQUCWX3J_chipid651.tiff,WESTERN TRANSITION
IESGAJRLAK_chipid2557.tiff,WESTERN TRANSITION
SXE957IV8G_chipid809.tiff,COASTAL
H2ZREI2M3M_chipid4549.tiff,HILL
QU2PWXOKJO_chipid912.tiff,COASTAL
DVKZ1KMDH1_chipid617.tiff,COASTAL
DCRNNDR4FO_chipid1002.tiff,SOUTHERN DRY
FUBM1115RU_chipid568.tiff,COASTAL
GDGQMZGPUF_chipid368.tiff,HILL
K37T8TFR3L_chipid176.tiff,NORTHERN DRY
T3R5UE03IB_chipid410.tiff,NORTH EAST DRY
765K1H4QZ5_chipid2704.tiff,WESTERN TRANSITION
PMZZS2QOWP_chipid729.tiff,WESTERN TRANSITION
Y6DLTM7ZHC_chipid582.tiff,COASTAL
AJ17BMSDMR_chipid743.tiff,WESTERN TRANSITION
OR8VUUYXOG_chipid498.tiff,COASTAL
S5ES67UDPO_chipid30.tiff,COASTAL
CNBPOF04VO_chipid1660.tiff,SOUTHERN DRY
6358GLB1LI_chipid450.tiff,NORTH EAST DRY
5VC03K2MZQ_chipid13.tiff,HILL
CD4PMYGZGL_chipid493.tiff,NORTH EAST DRY
ELUXI4L1V8_chipid419.tiff,NORTH EAST DRY
1UCU07BO5E_chipid137.tiff,HILL
LHULWJPFOH_chipid4579.tiff,HILL
MESM2URYL1_chipid853.tiff,SOUTHERN DRY
61PPR71JDJ_chipid2037.tiff,COASTAL
NB5H90X3VP_chipid1401.tiff,HILL
RCPVXQGHP0_chipid78.tiff,COASTAL
XZ1BYZHA16_chipid3055.tiff,HILL
RGEPUHIAA1_chipid5069.tiff,HILL
1WFO4EOYOI_chipid558.tiff,SOUTHERN DRY
6J3GYB2YFI_chipid4236.tiff,HILL
LZ1PAI51WZ_chipid2708.tiff,WESTERN TRANSITION
27NCLN4WGP_chipid919.tiff,SOUTHERN DRY
R4XKF2E2WF_chipid26.tiff,NORTH EAST DRY
UW6RD41KA3_chipid173.tiff,NORTH EAST DRY
GQ89M8MQ42_chipid992.tiff,SOUTHERN DRY
7NBOFRKXYX_chipid435.tiff,WESTERN TRANSITION
5CIK2K2908_chipid306.tiff,COASTAL
IDB9FT47J1_chipid159.tiff,NORTHERN DRY
Z3M5OIT5UL_chipid472.tiff,NORTH EAST DRY
FDR6OBHCW7_chipid274.tiff,NORTH EAST DRY
SRO60F7ZJD_chipid764.tiff,WESTERN TRANSITION
U4PWE6M5U7_chipid1688.tiff,SOUTHERN DRY
GV3U2SQKF7_chipid466.tiff,NORTH EAST DRY
VC3BHTVZZF_chipid1700.tiff,SOUTHERN DRY
8T2D4RTOBO_chipid1448.tiff,NORTHERN DRY
E6W3JAPH3H_chipid46.tiff,COASTAL
EMBQK5EOTQ_chipid2689.tiff,WESTERN TRANSITION
41OUD75APK_chipid1724.tiff,SOUTHERN DRY
0H43T5Q22X_chipid503.tiff,COASTAL
Z2OEFMRSF2_chipid76.tiff,HILL
YI9RFPNPST_chipid782.tiff,WESTERN TRANSITION
113UX3ZJJ2_chipid2178.tiff,COASTAL
JXHE6YBPAX_chipid3039.tiff,HILL
SKTYWEJ6F8_chipid4606.tiff,HILL
RJXU0RQO2M_chipid79.tiff,COASTAL
FSHKJ3ET3T_chipid408.tiff,WESTERN TRANSITION
58CR9WN2PD_chipid459.tiff,NORTH EAST DRY
RDYB3Y2W1J_chipid1670.tiff,SOUTHERN DRY
JMDG3SMBL3_chipid3015.tiff,HILL
P5QKDIWXH7_chipid3002.tiff,HILL
VUHJ1YPLNX_chipid2548.tiff,WESTERN TRANSITION
028I9D5H2X_chipid2735.tiff,WESTERN TRANSITION
E5TFD9608B_chipid3036.tiff,HILL
DAEMYSDVHR_chipid831.tiff,COASTAL
MRFWC3XJS5_chipid471.tiff,NORTH EAST DRY
VR3IDGY76G_chipid2571.tiff,WESTERN TRANSITION
2XUFWJEWBE_chipid4175.tiff,HILL
BTSR864MVS_chipid1883.tiff,WESTERN TRANSITION
9LSF8F9WCW_chipid475.tiff,COASTAL
WIKRJA5M54_chipid4711.tiff,HILL
MR1A0892F5_chipid406.tiff,WESTERN TRANSITION
OCCXUZ7WLU_chipid736.tiff,WESTERN TRANSITION
OI5O31NLUT_chipid4687.tiff,HILL
KKHM7TSQ54_chipid2755.tiff,WESTERN TRANSITION
0INC02TSMY_chipid1353.tiff,COASTAL
E3VMEW6XPW_chipid1733.tiff,SOUTHERN DRY
SWLF0D4T06_chipid59.tiff,COASTAL
NT22RPT3DY_chipid655.tiff,WESTERN TRANSITION
CJF12BSPP7_chipid2709.tiff,WESTERN TRANSITION
XIUV3KT1C6_chipid288.tiff,NORTH EAST DRY
1M5MV92K8O_chipid2043.tiff,HILL
85BYHKVT1P_chipid81.tiff,NORTH EAST DRY
6SHIY7I8O7_chipid2234.tiff,SOUTHERN DRY
19KS91V9FG_chipid883.tiff,COASTAL
JMFRYDLGKE_chipid394.tiff,HILL
3594FUA7JP_chipid359.tiff,NORTH EAST DRY
19ZXI7LUVB_chipid400.tiff,NORTH EAST DRY
R13G56V57J_chipid3022.tiff,HILL
DF626ISTSO_chipid345.tiff,HILL
C08436NKK0_chipid855.tiff,SOUTHERN DRY
T4MNBGRZBE_chipid821.tiff,COASTAL
NNEM6OH87E_chipid1652.tiff,SOUTHERN DRY
9JQLWMGQOH_chipid47.tiff,HILL
D2FRP2UPCM_chipid923.tiff,SOUTHERN DRY
1XD9YBCAYX_chipid2775.tiff,WESTERN TRANSITION
WBIE2X0NGT_chipid409.tiff,NORTH EAST DRY
8O1V3B4BAA_chipid1667.tiff,SOUTHERN DRY
GQBGCVM4VM_chipid1515.tiff,HILL
8I5D4LMIBT_chipid1890.tiff,WESTERN TRANSITION
G1SKQJF7G3_chipid3085.tiff,HILL
9WG474528Z_chipid386.tiff,HILL
QOUGJRCT8D_chipid982.tiff,SOUTHERN DRY
PSEBHBR0S6_chipid1510.tiff,HILL
50BP187UN4_chipid4558.tiff,HILL
RYFR3SI4XF_chipid470.tiff,COASTAL
4NFSYGUSLR_chipid1367.tiff,HILL
Q8JGZKE9K0_chipid1498.tiff,HILL
SR5HY9IL9B_chipid1902.tiff,SOUTHERN DRY
AIGFQX3M86_chipid2685.tiff,WESTERN TRANSITION
2O1RBSMEH2_chipid308.tiff,COASTAL
4FVHMRTIAU_chipid1749.tiff,NORTHERN DRY
JFUZ4J1VT8_chipid4177.tiff,HILL
9A471VZZ8Q_chipid3846.tiff,HILL
T0GUEOIFLF_chipid392.tiff,NORTH EAST DRY
VQT0B17CU2_chipid333.tiff,COASTAL
6PCQ1RKMHU_chipid4234.tiff,HILL
VSILGA064B_chipid4702.tiff,HILL
N597K21XBR_chipid3904.tiff,WESTERN TRANSITION
GCI36TTBNE_chipid2068.tiff,HILL
UI7S1XXUTU_chipid87.tiff,COASTAL
YQ7UTQWBUA_chipid58.tiff,HILL
TPVH857FNN_chipid2545.tiff,WESTERN TRANSITION
76G52P97NG_chipid187.tiff,NORTHERN DRY
4VCKPEVVR4_chipid4219.tiff,HILL
H7GL5NTOIH_chipid60.tiff,HILL
LH616FCBFV_chipid1782.tiff,NORTHERN DRY
IHNVY6XBW4_chipid526.tiff,SOUTHERN DRY
K5O6EYJN3G_chipid1311.tiff,COASTAL
YS8TDDRDZT_chipid124.tiff,NORTH EAST DRY
YPVBGPPPAQ_chipid844.tiff,SOUTHERN DRY
07HETJZGIQ_chipid1326.tiff,COASTAL
ZLTO4UUCFW_chipid551.tiff,SOUTHERN DRY
B9J7GBY3KK_chipid1073.tiff,SOUTHERN DRY
8CJHZH5OR2_chipid997.tiff,SOUTHERN DRY
0RILCS40SO_chipid760.tiff,WESTERN TRANSITION
4TN8RS0YIP_chipid4588.tiff,HILL
OXN7XHTUTY_chipid2170.tiff,COASTAL
Z9H939EZ6X_chipid1853.tiff,WESTERN TRANSITION
UIJPWD9FQW_chipid330.tiff,COASTAL
W11T1XXFQ5_chipid1060.tiff,NORTHERN DRY
13350HMCHV_chipid677.tiff,WESTERN TRANSITION
9IK783WIA2_chipid1092.tiff,SOUTHERN DRY
SCZ5E6KW71_chipid734.tiff,WESTERN TRANSITION
KG3HKYQCYM_chipid2038.tiff,COASTAL
U18OITGIQ0_chipid4214.tiff,HILL
JSP3OS77XH_chipid431.tiff,NORTH EAST DRY
YKLEQPOLJP_chipid437.tiff,WESTERN TRANSITION
UR6LTRMQH5_chipid1683.tiff,SOUTHERN DRY
UCDGVBDZVR_chipid496.tiff,COASTAL
GN8VQ0WX2X_chipid681.tiff,WESTERN TRANSITION
EEL26QA4U0_chipid19.tiff,NORTH EAST DRY
O46YSHMOYP_chipid401.tiff,NORTH EAST DRY
V5SA0MT3VH_chipid2047.tiff,HILL
90E5DWRS38_chipid3850.tiff,HILL
THBY7MZAQR_chipid3839.tiff,HILL
YDUYV0ITWQ_chipid35.tiff,COASTAL
666CCUFTFZ_chipid2569.tiff,WESTERN TRANSITION
5QIK25EXT1_chipid4681.tiff,HILL
9B5DS5UXEK_chipid190.tiff,NORTHERN DRY
BANZ0KEW11_chipid314.tiff,COASTAL
18JHY2D4SF_chipid149.tiff,NORTHERN DRY
EVZR22TPZT_chipid2059.tiff,HILL
ESRYI7DYL7_chipid2584.tiff,WESTERN TRANSITION
0K6KESK2BU_chipid134.tiff,NORTH EAST DRY
94PR8T5XCO_chipid578.tiff,COASTAL
3BHBIZTX4G_chipid3084.tiff,HILL
XNY4UBQ546_chipid375.tiff,HILL
4WTJR0FMYO_chipid322.tiff,COASTAL
YVYP90T9UF_chipid937.tiff,SOUTHERN DRY
NXNYPM0P8J_chipid1219.tiff,COASTAL
PEHG8NV0V5_chipid1191.tiff,COASTAL
C7ZC6GNYFQ_chipid529.tiff,SOUTHERN DRY
WB8DNYY6NO_chipid4713.tiff,HILL
LXHT6VKXII_chipid467.tiff,COASTAL
T7IEIXKMQI_chipid1496.tiff,HILL
JQYJGLPIQ0_chipid4673.tiff,HILL
IF27X7XH2D_chipid891.tiff,COASTAL
OHWE7HEWCN_chipid143.tiff,NORTHERN DRY
R3X4FBPG7Z_chipid2219.tiff,SOUTHERN DRY
8531205L06_chipid46.tiff,HILL
M92S33P82R_chipid128.tiff,HILL
9QI94M9B6K_chipid554.tiff,SOUTHERN DRY
UXBEL225LH_chipid4700.tiff,HILL
LHS62BEZ4V_chipid5.tiff,NORTH EAST DRY
9KTIO6M8UG_chipid3078.tiff,HILL
B7ETYE3UYE_chipid1234.tiff,COASTAL
IRUYBRP1G8_chipid3077.tiff,HILL
TX2YSZXD6E_chipid806.tiff,COASTAL
OEVDG12QCA_chipid4237.tiff,HILL
NICPGE0QGM_chipid114.tiff,NORTH EAST DRY
5JHXWME83N_chipid879.tiff,SOUTHERN DRY
YL9XLEWRKG_chipid3921.tiff,WESTERN TRANSITION
95FAPZYHRQ_chipid2072.tiff,HILL
BO28NQFPP0_chipid2158.tiff,COASTAL
FK7RVRLUI6_chipid501.tiff,COASTAL
MDLZKTA1LG_chipid548.tiff,SOUTHERN DRY
R3TR9BBNXR_chipid74.tiff,HILL
1F7GUJL044_chipid346.tiff,NORTH EAST DRY
6KZSOJAHDJ_chipid496.tiff,NORTH EAST DRY
FVBY1E64LT_chipid4232.tiff,HILL
P5DC26AF90_chipid935.tiff,SOUTHERN DRY
V4RXHJ4078_chipid1518.tiff,HILL
5H503DG9YA_chipid141.tiff,HILL
T2ALQ3G4LC_chipid594.tiff,COASTAL
IGKWT14G0W_chipid1992.tiff,COASTAL
ZRZKLDIKN5_chipid173.tiff,NORTHERN DRY
IJYLGWOXNZ_chipid1324.tiff,COASTAL
4E2MAIVVE9_chipid5037.tiff,HILL
7I0X3PU2S6_chipid1187.tiff,COASTAL
WUXZX5NLU8_chipid2048.tiff,HILL
758M01UTXD_chipid400.tiff,WESTERN TRANSITION
1VTHDGA5XH_chipid2021.tiff,COASTAL
K0NOPGZ3WO_chipid1483.tiff,HILL
XN3WY82NZ2_chipid1206.tiff,COASTAL
M58GWLA6E9_chipid2207.tiff,SOUTHERN DRY